customer_id,customer_name,customer_type,region
CUST-0001,Богданов Андрей,розница,Приволжский
CUST-0002,ООО «ЗапчастьОпт»,опт,Центральный
CUST-0003,СТО «Мотор» Приволжский,СТО,Приволжский
CUST-0004,Петров Дмитрий,розница,Приволжский
CUST-0005,СТО «Ключ» Центральный,СТО,Центральный
CUST-0006,Киселёв Андрей,розница,Центральный
CUST-0007,Иванов Роман,розница,Южный
CUST-0008,СТО «Поршень» Уральский,СТО,Уральский
CUST-0009,Павлов Роман,розница,Северо-Западный
CUST-0010,Комаров Дмитрий,розница,Северо-Западный
CUST-0011,Виноградов Роман,розница,Северо-Западный
CUST-0012,Лебедев Кирилл,розница,Центральный
CUST-0013,СТО «Север» Северо-Западный,СТО,Северо-Западный
CUST-0014,СТО «Двигатель» Уральский,СТО,Уральский
CUST-0015,Смирнов Алексей,розница,Северо-Западный
CUST-0016,ООО «ДрайвТрейд»,опт,Приволжский
CUST-0017,Соколов Никита,розница,Дальневосточный
CUST-0018,СТО «Двигатель» Центральный,СТО,Центральный
CUST-0019,Тарасов Андрей,розница,Северо-Западный
CUST-0020,СТО «Ресурс» Приволжский,СТО,Приволжский
CUST-0021,СТО «Ресурс» Приволжский,СТО,Приволжский
CUST-0022,ООО «ТехПоставка»,опт,Центральный
CUST-0023,Богданов Кирилл,розница,Центральный
CUST-0024,СТО «Гараж 24» Приволжский,СТО,Приволжский
CUST-0025,ООО «АвтоСнаб»,опт,Приволжский
CUST-0026,Михайлов Никита,розница,Центральный
CUST-0027,Михайлов Андрей,розница,Центральный
CUST-0028,Ковалёв Сергей,розница,Приволжский
CUST-0029,Виноградов Игорь,розница,Центральный
CUST-0030,СТО «Поршень» Приволжский,СТО,Приволжский
CUST-0031,Титов Егор,розница,Северо-Западный
CUST-0032,Лебедев Сергей,розница,Центральный
CUST-0033,СТО «Поршень» Приволжский,СТО,Приволжский
CUST-0034,Комаров Артём,розница,Приволжский
CUST-0035,СТО «Север» Дальневосточный,СТО,Дальневосточный
CUST-0036,Лебедев Олег,розница,Дальневосточный
CUST-0037,ООО «ДрайвТрейд»,опт,Сибирский
CUST-0038,Лебедев Иван,розница,Уральский
CUST-0039,Иванов Игорь,розница,Южный
CUST-0040,Титов Роман,розница,Сибирский
CUST-0041,Фёдоров Денис,розница,Центральный
CUST-0042,СТО «Гараж 24» Приволжский,СТО,Приволжский
CUST-0043,ООО «РегионДеталь»,опт,Центральный
CUST-0044,ООО «АвтоСнаб»,опт,Южный
CUST-0045,СТО «Форсаж» Приволжский,СТО,Приволжский
CUST-0046,Фёдоров Андрей,розница,Центральный
CUST-0047,СТО «Мотор» Центральный,СТО,Центральный
CUST-0048,СТО «Двигатель» Центральный,СТО,Центральный
CUST-0049,ООО «РегионДеталь»,опт,Центральный
CUST-0050,СТО «Трасса» Центральный,СТО,Центральный
CUST-0051,СТО «Двигатель» Центральный,СТО,Центральный
CUST-0052,Алексеев Игорь,розница,Приволжский
CUST-0053,СТО «Ресурс» Северо-Западный,СТО,Северо-Западный
CUST-0054,СТО «Подъёмник» Северо-Западный,СТО,Северо-Западный
CUST-0055,Смирнов Павел,розница,Центральный
CUST-0056,СТО «Гараж 24» Центральный,СТО,Центральный
CUST-0057,Смирнов Игорь,розница,Приволжский
CUST-0058,Смирнов Кирилл,розница,Приволжский
CUST-0059,Смирнов Максим,розница,Центральный
CUST-0060,СТО «Подъёмник» Центральный,СТО,Центральный
CUST-0061,Ильин Андрей,розница,Центральный
CUST-0062,Алексеев Дмитрий,розница,Уральский
CUST-0063,Тарасов Никита,розница,Центральный
CUST-0064,ООО «АвтоСнаб»,опт,Северо-Западный
CUST-0065,СТО «Мотор» Приволжский,СТО,Приволжский
CUST-0066,ООО «МоторЛайн»,опт,Центральный
CUST-0067,Голубев Андрей,розница,Уральский
CUST-0068,Козлов Никита,розница,Центральный
CUST-0069,Голубев Денис,розница,Центральный
CUST-0070,Соколов Алексей,розница,Сибирский
CUST-0071,СТО «Двигатель» Приволжский,СТО,Приволжский
CUST-0072,Голубев Сергей,розница,Центральный
CUST-0073,СТО «Гараж 24» Северо-Западный,СТО,Северо-Западный
CUST-0074,Морозов Никита,розница,Сибирский
CUST-0075,Виноградов Кирилл,розница,Центральный
CUST-0076,Воробьёв Никита,розница,Уральский
CUST-0077,ООО «АльянсАвто»,опт,Приволжский
CUST-0078,Павлов Алексей,розница,Центральный
CUST-0079,СТО «Форсаж» Северо-Кавказский,СТО,Северо-Кавказский
CUST-0080,Кузнецов Артём,розница,Уральский
CUST-0081,СТО «Питон» Южный,СТО,Южный
CUST-0082,СТО «Мотор» Центральный,СТО,Центральный
CUST-0083,Смирнов Олег,розница,Сибирский
CUST-0084,Лебедев Кирилл,розница,Сибирский
CUST-0085,СТО «Ключ» Северо-Кавказский,СТО,Северо-Кавказский
CUST-0086,Киселёв Олег,розница,Центральный
CUST-0087,СТО «Колесо» Приволжский,СТО,Приволжский
CUST-0088,Михайлов Андрей,розница,Сибирский
CUST-0089,Фёдоров Егор,розница,Центральный
CUST-0090,ООО «ЗапчастьОпт»,опт,Северо-Западный
CUST-0091,СТО «Ключ» Центральный,СТО,Центральный
CUST-0092,Павлов Максим,розница,Дальневосточный
CUST-0093,Смирнов Кирилл,розница,Центральный
CUST-0094,Морозов Егор,розница,Центральный
CUST-0095,ООО «ДрайвТрейд»,опт,Уральский
CUST-0096,СТО «Трасса» Приволжский,СТО,Приволжский
CUST-0097,СТО «Север» Центральный,СТО,Центральный
CUST-0098,Козлов Иван,розница,Сибирский
CUST-0099,Новиков Иван,розница,Центральный
CUST-0100,Беляев Андрей,розница,Центральный
CUST-0101,Титов Егор,розница,Приволжский
CUST-0102,Попов Олег,розница,Центральный
CUST-0103,Сидоров Алексей,розница,Южный
CUST-0104,Виноградов Сергей,розница,Северо-Западный
CUST-0105,СТО «Бокс» Приволжский,СТО,Приволжский
CUST-0106,Лебедев Дмитрий,розница,Южный
CUST-0107,СТО «Питон» Дальневосточный,СТО,Дальневосточный
CUST-0108,Новиков Никита,розница,Южный
CUST-0109,Белов Кирилл,розница,Центральный
CUST-0110,Тарасов Андрей,розница,Сибирский
CUST-0111,СТО «Мотор» Приволжский,СТО,Приволжский
CUST-0112,СТО «Двигатель» Северо-Западный,СТО,Северо-Западный
CUST-0113,СТО «Бокс» Северо-Западный,СТО,Северо-Западный
CUST-0114,Морозов Роман,розница,Центральный
CUST-0115,Петров Сергей,розница,Уральский
CUST-0116,Киселёв Роман,розница,Приволжский
CUST-0117,ООО «ТехПоставка»,опт,Приволжский
CUST-0118,СТО «Мотор» Центральный,СТО,Центральный
CUST-0119,Ильин Андрей,розница,Северо-Западный
CUST-0120,Тарасов Иван,розница,Центральный
CUST-0121,Семёнов Алексей,розница,Уральский
CUST-0122,Беляев Иван,розница,Приволжский
CUST-0123,ООО «ДрайвТрейд»,опт,Сибирский
CUST-0124,СТО «Поршень» Северо-Западный,СТО,Северо-Западный
CUST-0125,СТО «Колесо» Приволжский,СТО,Приволжский
CUST-0126,Виноградов Сергей,розница,Дальневосточный
CUST-0127,Сидоров Дмитрий,розница,Приволжский
CUST-0128,Михайлов Никита,розница,Приволжский
CUST-0129,СТО «Мотор» Приволжский,СТО,Приволжский
CUST-0130,СТО «Гараж 24» Северо-Западный,СТО,Северо-Западный
CUST-0131,ООО «СервисПартс»,опт,Центральный
CUST-0132,СТО «Ресурс» Центральный,СТО,Центральный
CUST-0133,ООО «ТехПоставка»,опт,Приволжский
CUST-0134,Беляев Артём,розница,Северо-Западный
CUST-0135,Фёдоров Максим,розница,Северо-Западный
CUST-0136,Михайлов Никита,розница,Северо-Западный
CUST-0137,СТО «Питон» Приволжский,СТО,Приволжский
CUST-0138,СТО «Поршень» Центральный,СТО,Центральный
CUST-0139,Фёдоров Никита,розница,Приволжский
CUST-0140,Фёдоров Иван,розница,Южный
CUST-0141,СТО «Ключ» Центральный,СТО,Центральный
CUST-0142,Андреев Егор,розница,Приволжский
CUST-0143,СТО «Подъёмник» Приволжский,СТО,Приволжский
CUST-0144,ООО «РегионДеталь»,опт,Уральский
CUST-0145,Титов Олег,розница,Приволжский
CUST-0146,Попов Денис,розница,Приволжский
CUST-0147,Фёдоров Андрей,розница,Дальневосточный
CUST-0148,Петров Алексей,розница,Уральский
CUST-0149,СТО «Ключ» Центральный,СТО,Центральный
CUST-0150,Ковалёв Никита,розница,Сибирский
CUST-0151,СТО «Гараж 24» Сибирский,СТО,Сибирский
CUST-0152,Гусев Никита,розница,Приволжский
CUST-0153,СТО «Бокс» Центральный,СТО,Центральный
CUST-0154,ООО «ЗапчастьОпт»,опт,Центральный
CUST-0155,Волков Роман,розница,Уральский
CUST-0156,СТО «Подъёмник» Дальневосточный,СТО,Дальневосточный
CUST-0157,Лебедев Егор,розница,Центральный
CUST-0158,Кузьмин Максим,розница,Центральный
CUST-0159,ООО «АльянсАвто»,опт,Приволжский
CUST-0160,ООО «СервисПартс»,опт,Приволжский
CUST-0161,СТО «Подъёмник» Уральский,СТО,Уральский
CUST-0162,ООО «АльянсАвто»,опт,Сибирский
CUST-0163,ООО «ТехПоставка»,опт,Южный
CUST-0164,Кузьмин Егор,розница,Сибирский
CUST-0165,Андреев Дмитрий,розница,Приволжский
CUST-0166,Богданов Павел,розница,Приволжский
CUST-0167,СТО «Мотор» Северо-Западный,СТО,Северо-Западный
CUST-0168,Комаров Игорь,розница,Центральный
CUST-0169,Смирнов Никита,розница,Центральный
CUST-0170,СТО «Подъёмник» Северо-Западный,СТО,Северо-Западный
CUST-0171,Киселёв Никита,розница,Северо-Западный
CUST-0172,СТО «Бокс» Сибирский,СТО,Сибирский
CUST-0173,ООО «СервисПартс»,опт,Центральный
CUST-0174,Фёдоров Роман,розница,Южный
CUST-0175,Семёнов Егор,розница,Северо-Западный
CUST-0176,Гусев Алексей,розница,Центральный
CUST-0177,СТО «Ресурс» Северо-Западный,СТО,Северо-Западный
CUST-0178,ООО «РегионДеталь»,опт,Уральский
CUST-0179,Петров Кирилл,розница,Сибирский
CUST-0180,СТО «Ресурс» Северо-Западный,СТО,Северо-Западный
CUST-0181,СТО «Поршень» Центральный,СТО,Центральный
CUST-0182,Волков Алексей,розница,Центральный
CUST-0183,Павлов Егор,розница,Центральный
CUST-0184,ООО «СервисПартс»,опт,Северо-Западный
CUST-0185,Виноградов Денис,розница,Центральный
CUST-0186,Кузнецов Павел,розница,Центральный
CUST-0187,Сидоров Роман,розница,Центральный
CUST-0188,Алексеев Денис,розница,Центральный
CUST-0189,Голубев Сергей,розница,Центральный
CUST-0190,Павлов Егор,розница,Южный
CUST-0191,ООО «МоторЛайн»,опт,Приволжский
CUST-0192,СТО «Бокс» Центральный,СТО,Центральный
CUST-0193,ООО «РегионДеталь»,опт,Приволжский
CUST-0194,Петров Кирилл,розница,Дальневосточный
CUST-0195,СТО «Поршень» Северо-Западный,СТО,Северо-Западный
CUST-0196,ООО «ТехПоставка»,опт,Северо-Западный
CUST-0197,СТО «Двигатель» Центральный,СТО,Центральный
CUST-0198,Фёдоров Денис,розница,Приволжский
CUST-0199,Сидоров Павел,розница,Приволжский
CUST-0200,СТО «Колесо» Южный,СТО,Южный
CUST-0201,СТО «Колесо» Центральный,СТО,Центральный
CUST-0202,Гусев Дмитрий,розница,Центральный
CUST-0203,Ковалёв Игорь,розница,Южный
CUST-0204,Кузьмин Олег,розница,Центральный
CUST-0205,СТО «Мастер» Центральный,СТО,Центральный
CUST-0206,Богданов Павел,розница,Южный
CUST-0207,Богданов Кирилл,розница,Сибирский
CUST-0208,ООО «АльянсАвто»,опт,Южный
CUST-0209,СТО «Поршень» Северо-Кавказский,СТО,Северо-Кавказский
CUST-0210,СТО «Двигатель» Северо-Западный,СТО,Северо-Западный
CUST-0211,СТО «Гараж 24» Северо-Западный,СТО,Северо-Западный
CUST-0212,Беляев Иван,розница,Северо-Западный
CUST-0213,СТО «Север» Сибирский,СТО,Сибирский
CUST-0214,СТО «Гараж 24» Северо-Кавказский,СТО,Северо-Кавказский
CUST-0215,ООО «СервисПартс»,опт,Центральный
CUST-0216,ООО «ТехПоставка»,опт,Южный
CUST-0217,СТО «Бокс» Приволжский,СТО,Приволжский
CUST-0218,Попов Иван,розница,Южный
CUST-0219,СТО «Гараж 24» Центральный,СТО,Центральный
CUST-0220,СТО «Колесо» Северо-Западный,СТО,Северо-Западный
CUST-0221,СТО «Колесо» Южный,СТО,Южный
CUST-0222,ООО «МоторЛайн»,опт,Южный
CUST-0223,Богданов Иван,розница,Северо-Западный
CUST-0224,Алексеев Павел,розница,Центральный
CUST-0225,СТО «Мастер» Центральный,СТО,Центральный
CUST-0226,Павлов Игорь,розница,Приволжский
CUST-0227,ООО «ДрайвТрейд»,опт,Южный
CUST-0228,Воробьёв Андрей,розница,Дальневосточный
CUST-0229,Иванов Игорь,розница,Северо-Западный
CUST-0230,Сидоров Алексей,розница,Южный
CUST-0231,СТО «Питон» Северо-Кавказский,СТО,Северо-Кавказский
CUST-0232,ООО «АльянсАвто»,опт,Приволжский
CUST-0233,Воробьёв Егор,розница,Центральный
CUST-0234,Волков Алексей,розница,Южный
CUST-0235,СТО «Мотор» Центральный,СТО,Центральный
CUST-0236,Гусев Дмитрий,розница,Уральский
CUST-0237,СТО «Форсаж» Северо-Кавказский,СТО,Северо-Кавказский
CUST-0238,СТО «Север» Центральный,СТО,Центральный
CUST-0239,Лебедев Максим,розница,Центральный
CUST-0240,СТО «Ключ» Уральский,СТО,Уральский
CUST-0241,Кузьмин Никита,розница,Уральский
CUST-0242,Фёдоров Денис,розница,Южный
CUST-0243,Фёдоров Артём,розница,Приволжский
CUST-0244,СТО «Бокс» Приволжский,СТО,Приволжский
CUST-0245,ООО «ТехПоставка»,опт,Центральный
CUST-0246,Попов Сергей,розница,Приволжский
CUST-0247,СТО «Мотор» Центральный,СТО,Центральный
CUST-0248,Андреев Игорь,розница,Центральный
CUST-0249,Сидоров Андрей,розница,Приволжский
CUST-0250,Ковалёв Дмитрий,розница,Центральный
CUST-0251,Алексеев Никита,розница,Приволжский
CUST-0252,Новиков Кирилл,розница,Центральный
CUST-0253,Смирнов Алексей,розница,Центральный
CUST-0254,Воробьёв Егор,розница,Центральный
CUST-0255,СТО «Север» Центральный,СТО,Центральный
CUST-0256,Титов Максим,розница,Приволжский
CUST-0257,Сидоров Кирилл,розница,Южный
CUST-0258,Виноградов Алексей,розница,Южный
CUST-0259,СТО «Двигатель» Центральный,СТО,Центральный
CUST-0260,СТО «Форсаж» Сибирский,СТО,Сибирский
CUST-0261,СТО «Двигатель» Дальневосточный,СТО,Дальневосточный
CUST-0262,Волков Егор,розница,Центральный
CUST-0263,Богданов Сергей,розница,Южный
CUST-0264,Гусев Дмитрий,розница,Дальневосточный
CUST-0265,Беляев Павел,розница,Южный
CUST-0266,Беляев Никита,розница,Приволжский
CUST-0267,Орлов Денис,розница,Приволжский
CUST-0268,Ковалёв Дмитрий,розница,Уральский
CUST-0269,Лебедев Роман,розница,Северо-Западный
CUST-0270,СТО «Двигатель» Северо-Западный,СТО,Северо-Западный
CUST-0271,СТО «Двигатель» Дальневосточный,СТО,Дальневосточный
CUST-0272,Кузнецов Андрей,розница,Южный
CUST-0273,СТО «Мастер» Южный,СТО,Южный
CUST-0274,Кузнецов Андрей,розница,Южный
CUST-0275,Воробьёв Егор,розница,Центральный
CUST-0276,СТО «Мотор» Сибирский,СТО,Сибирский
CUST-0277,СТО «Ключ» Центральный,СТО,Центральный
CUST-0278,ООО «РегионДеталь»,опт,Уральский
CUST-0279,Киселёв Дмитрий,розница,Северо-Западный
CUST-0280,Ковалёв Дмитрий,розница,Центральный
CUST-0281,Гусев Кирилл,розница,Приволжский
CUST-0282,СТО «Бокс» Приволжский,СТО,Приволжский
CUST-0283,СТО «Подъёмник» Центральный,СТО,Центральный
CUST-0284,СТО «Питон» Центральный,СТО,Центральный
CUST-0285,СТО «Трасса» Северо-Западный,СТО,Северо-Западный
CUST-0286,Смирнов Иван,розница,Приволжский
CUST-0287,Беляев Кирилл,розница,Уральский
CUST-0288,Иванов Иван,розница,Уральский
CUST-0289,СТО «Ключ» Приволжский,СТО,Приволжский
CUST-0290,СТО «Двигатель» Дальневосточный,СТО,Дальневосточный
CUST-0291,СТО «Подъёмник» Центральный,СТО,Центральный
CUST-0292,СТО «Мастер» Северо-Западный,СТО,Северо-Западный
CUST-0293,Михайлов Денис,розница,Южный
CUST-0294,СТО «Гараж 24» Центральный,СТО,Центральный
CUST-0295,Киселёв Алексей,розница,Северо-Кавказский
CUST-0296,СТО «Бокс» Северо-Западный,СТО,Северо-Западный
CUST-0297,Комаров Олег,розница,Сибирский
CUST-0298,СТО «Питон» Уральский,СТО,Уральский
CUST-0299,Козлов Максим,розница,Южный
CUST-0300,Соколов Денис,розница,Дальневосточный
CUST-0301,Кузьмин Кирилл,розница,Сибирский
CUST-0302,ООО «РегионДеталь»,опт,Южный
CUST-0303,СТО «Питон» Северо-Западный,СТО,Северо-Западный
CUST-0304,Беляев Артём,розница,Центральный
CUST-0305,СТО «Мотор» Приволжский,СТО,Приволжский
CUST-0306,СТО «Двигатель» Сибирский,СТО,Сибирский
CUST-0307,Гусев Денис,розница,Южный
CUST-0308,СТО «Мотор» Южный,СТО,Южный
CUST-0309,СТО «Север» Центральный,СТО,Центральный
CUST-0310,ООО «ЗапчастьОпт»,опт,Дальневосточный
CUST-0311,Соколов Егор,розница,Южный
CUST-0312,Петров Алексей,розница,Центральный
CUST-0313,Воробьёв Павел,розница,Северо-Западный
CUST-0314,Голубев Максим,розница,Северо-Западный
CUST-0315,СТО «Мастер» Северо-Западный,СТО,Северо-Западный
CUST-0316,Попов Артём,розница,Центральный
CUST-0317,СТО «Ресурс» Сибирский,СТО,Сибирский
CUST-0318,СТО «Питон» Центральный,СТО,Центральный
CUST-0319,СТО «Север» Центральный,СТО,Центральный
CUST-0320,СТО «Форсаж» Южный,СТО,Южный
CUST-0321,Воробьёв Олег,розница,Сибирский
CUST-0322,Андреев Павел,розница,Южный
CUST-0323,Макаров Игорь,розница,Дальневосточный
CUST-0324,Алексеев Никита,розница,Центральный
CUST-0325,Голубев Никита,розница,Сибирский
CUST-0326,СТО «Север» Северо-Кавказский,СТО,Северо-Кавказский
CUST-0327,Петров Денис,розница,Дальневосточный
CUST-0328,Иванов Артём,розница,Приволжский
CUST-0329,ООО «АвтоСнаб»,опт,Сибирский
CUST-0330,ООО «АльянсАвто»,опт,Сибирский
CUST-0331,Семёнов Артём,розница,Уральский
CUST-0332,Алексеев Артём,розница,Уральский
CUST-0333,ООО «РегионДеталь»,опт,Центральный
CUST-0334,СТО «Ресурс» Приволжский,СТО,Приволжский
CUST-0335,Сидоров Артём,розница,Центральный
CUST-0336,Попов Кирилл,розница,Северо-Западный
CUST-0337,ООО «СервисПартс»,опт,Северо-Западный
CUST-0338,Белов Максим,розница,Центральный
CUST-0339,Морозов Иван,розница,Южный
CUST-0340,СТО «Мастер» Сибирский,СТО,Сибирский
CUST-0341,Лебедев Егор,розница,Северо-Западный
CUST-0342,Семёнов Денис,розница,Дальневосточный
CUST-0343,СТО «Поршень» Приволжский,СТО,Приволжский
CUST-0344,СТО «Колесо» Дальневосточный,СТО,Дальневосточный
CUST-0345,Иванов Иван,розница,Центральный
CUST-0346,Белов Олег,розница,Южный
CUST-0347,Комаров Денис,розница,Уральский
CUST-0348,Соколов Олег,розница,Приволжский
CUST-0349,Михайлов Кирилл,розница,Центральный
CUST-0350,СТО «Мотор» Приволжский,СТО,Приволжский
CUST-0351,Фёдоров Олег,розница,Приволжский
CUST-0352,Сидоров Алексей,розница,Северо-Западный
CUST-0353,СТО «Мотор» Северо-Западный,СТО,Северо-Западный
CUST-0354,СТО «Питон» Центральный,СТО,Центральный
CUST-0355,Киселёв Артём,розница,Северо-Западный
CUST-0356,Киселёв Олег,розница,Приволжский
CUST-0357,СТО «Ключ» Центральный,СТО,Центральный
CUST-0358,Сидоров Игорь,розница,Северо-Западный
CUST-0359,Андреев Андрей,розница,Северо-Западный
CUST-0360,Белов Максим,розница,Сибирский
CUST-0361,СТО «Колесо» Сибирский,СТО,Сибирский
CUST-0362,Алексеев Дмитрий,розница,Центральный
CUST-0363,Попов Олег,розница,Дальневосточный
CUST-0364,СТО «Ключ» Центральный,СТО,Центральный
CUST-0365,Беляев Андрей,розница,Дальневосточный
CUST-0366,СТО «Гараж 24» Дальневосточный,СТО,Дальневосточный
CUST-0367,ООО «ТехПоставка»,опт,Центральный
CUST-0368,Беляев Роман,розница,Приволжский
CUST-0369,СТО «Форсаж» Центральный,СТО,Центральный
CUST-0370,Козлов Максим,розница,Центральный
CUST-0371,Лебедев Олег,розница,Центральный
CUST-0372,Иванов Павел,розница,Сибирский
CUST-0373,Михайлов Алексей,розница,Уральский
CUST-0374,Козлов Игорь,розница,Центральный
CUST-0375,Смирнов Егор,розница,Северо-Западный
CUST-0376,Титов Артём,розница,Южный
CUST-0377,СТО «Гараж 24» Центральный,СТО,Центральный
CUST-0378,Кузьмин Иван,розница,Дальневосточный
CUST-0379,Кузнецов Егор,розница,Южный
CUST-0380,Соколов Егор,розница,Сибирский
CUST-0381,Смирнов Кирилл,розница,Приволжский
CUST-0382,СТО «Питон» Центральный,СТО,Центральный
CUST-0383,Михайлов Никита,розница,Центральный
CUST-0384,СТО «Север» Дальневосточный,СТО,Дальневосточный
CUST-0385,СТО «Поршень» Южный,СТО,Южный
CUST-0386,СТО «Мотор» Центральный,СТО,Центральный
CUST-0387,СТО «Мастер» Сибирский,СТО,Сибирский
CUST-0388,Макаров Егор,розница,Северо-Кавказский
CUST-0389,Беляев Денис,розница,Сибирский
CUST-0390,Соколов Павел,розница,Южный
CUST-0391,СТО «Север» Южный,СТО,Южный
CUST-0392,Ильин Дмитрий,розница,Северо-Западный
CUST-0393,Попов Никита,розница,Центральный
CUST-0394,ООО «МоторЛайн»,опт,Центральный
CUST-0395,СТО «Форсаж» Уральский,СТО,Уральский
CUST-0396,СТО «Трасса» Приволжский,СТО,Приволжский
CUST-0397,Киселёв Павел,розница,Северо-Западный
CUST-0398,ООО «СервисПартс»,опт,Сибирский
CUST-0399,ООО «АвтоСнаб»,опт,Сибирский
CUST-0400,СТО «Север» Дальневосточный,СТО,Дальневосточный
CUST-0401,СТО «Трасса» Северо-Западный,СТО,Северо-Западный
CUST-0402,СТО «Подъёмник» Центральный,СТО,Центральный
CUST-0403,Тарасов Денис,розница,Центральный
CUST-0404,Богданов Артём,розница,Северо-Кавказский
CUST-0405,Петров Артём,розница,Центральный
CUST-0406,СТО «Север» Сибирский,СТО,Сибирский
CUST-0407,Фёдоров Кирилл,розница,Центральный
CUST-0408,Волков Денис,розница,Северо-Западный
CUST-0409,СТО «Поршень» Центральный,СТО,Центральный
CUST-0410,ООО «АвтоСнаб»,опт,Центральный
CUST-0411,СТО «Гараж 24» Центральный,СТО,Центральный
CUST-0412,Беляев Сергей,розница,Северо-Западный
CUST-0413,ООО «МоторЛайн»,опт,Северо-Западный
CUST-0414,СТО «Ключ» Уральский,СТО,Уральский
CUST-0415,Новиков Сергей,розница,Центральный
CUST-0416,Попов Иван,розница,Уральский
CUST-0417,Гусев Артём,розница,Южный
CUST-0418,Павлов Роман,розница,Южный
CUST-0419,Макаров Дмитрий,розница,Южный
CUST-0420,СТО «Ключ» Центральный,СТО,Центральный
CUST-0421,СТО «Север» Южный,СТО,Южный
CUST-0422,Кузнецов Алексей,розница,Центральный
CUST-0423,Козлов Роман,розница,Центральный
CUST-0424,Лебедев Алексей,розница,Центральный
CUST-0425,Волков Сергей,розница,Южный
CUST-0426,ООО «ТехПоставка»,опт,Северо-Западный
CUST-0427,СТО «Мастер» Южный,СТО,Южный
CUST-0428,Сидоров Никита,розница,Северо-Западный
CUST-0429,Михайлов Артём,розница,Центральный
CUST-0430,Киселёв Иван,розница,Южный
CUST-0431,Михайлов Сергей,розница,Центральный
CUST-0432,СТО «Подъёмник» Уральский,СТО,Уральский
CUST-0433,Попов Никита,розница,Уральский
CUST-0434,Макаров Артём,розница,Сибирский
CUST-0435,Орлов Денис,розница,Северо-Западный
CUST-0436,Семёнов Павел,розница,Северо-Западный
CUST-0437,Титов Олег,розница,Уральский
CUST-0438,СТО «Гараж 24» Центральный,СТО,Центральный
CUST-0439,Тарасов Игорь,розница,Сибирский
CUST-0440,СТО «Двигатель» Дальневосточный,СТО,Дальневосточный
CUST-0441,Новиков Иван,розница,Центральный
CUST-0442,СТО «Питон» Центральный,СТО,Центральный
CUST-0443,СТО «Мотор» Уральский,СТО,Уральский
CUST-0444,ООО «АльянсАвто»,опт,Центральный
CUST-0445,СТО «Мастер» Южный,СТО,Южный
CUST-0446,СТО «Ключ» Северо-Кавказский,СТО,Северо-Кавказский
CUST-0447,СТО «Колесо» Приволжский,СТО,Приволжский
CUST-0448,СТО «Колесо» Сибирский,СТО,Сибирский
CUST-0449,Ильин Егор,розница,Центральный
CUST-0450,Кузнецов Павел,розница,Приволжский
CUST-0451,Ковалёв Егор,розница,Южный
CUST-0452,Воробьёв Дмитрий,розница,Центральный
CUST-0453,Титов Никита,розница,Приволжский
CUST-0454,СТО «Мастер» Южный,СТО,Южный
CUST-0455,Андреев Кирилл,розница,Приволжский
CUST-0456,СТО «Гараж 24» Уральский,СТО,Уральский
CUST-0457,СТО «Трасса» Северо-Западный,СТО,Северо-Западный
CUST-0458,Андреев Дмитрий,розница,Центральный
CUST-0459,Попов Максим,розница,Уральский
CUST-0460,Голубев Игорь,розница,Приволжский
CUST-0461,Кузьмин Максим,розница,Южный
CUST-0462,Белов Кирилл,розница,Приволжский
CUST-0463,Беляев Олег,розница,Центральный
CUST-0464,СТО «Ресурс» Приволжский,СТО,Приволжский
CUST-0465,Соколов Максим,розница,Северо-Западный
CUST-0466,Виноградов Игорь,розница,Приволжский
CUST-0467,СТО «Двигатель» Сибирский,СТО,Сибирский
CUST-0468,Новиков Кирилл,розница,Центральный
CUST-0469,СТО «Бокс» Северо-Западный,СТО,Северо-Западный
CUST-0470,Попов Иван,розница,Приволжский
CUST-0471,СТО «Мастер» Северо-Кавказский,СТО,Северо-Кавказский
CUST-0472,Кузьмин Дмитрий,розница,Северо-Западный
CUST-0473,Титов Павел,розница,Приволжский
CUST-0474,Волков Андрей,розница,Центральный
CUST-0475,ООО «АльянсАвто»,опт,Северо-Западный
CUST-0476,Новиков Дмитрий,розница,Центральный
CUST-0477,Титов Роман,розница,Северо-Западный
CUST-0478,ООО «АвтоСнаб»,опт,Южный
CUST-0479,ООО «РегионДеталь»,опт,Приволжский
CUST-0480,Морозов Сергей,розница,Приволжский
CUST-0481,ООО «РегионДеталь»,опт,Уральский
CUST-0482,Киселёв Павел,розница,Приволжский
CUST-0483,Андреев Артём,розница,Приволжский
CUST-0484,ООО «АльянсАвто»,опт,Центральный
CUST-0485,Фёдоров Роман,розница,Центральный
CUST-0486,Белов Олег,розница,Уральский
CUST-0487,Ковалёв Роман,розница,Дальневосточный
CUST-0488,Титов Максим,розница,Центральный
CUST-0489,Алексеев Роман,розница,Северо-Западный
CUST-0490,Кузнецов Олег,розница,Приволжский
CUST-0491,Соколов Игорь,розница,Южный
CUST-0492,Воробьёв Дмитрий,розница,Сибирский
CUST-0493,Андреев Кирилл,розница,Уральский
CUST-0494,Попов Кирилл,розница,Южный
CUST-0495,Тарасов Кирилл,розница,Центральный
CUST-0496,Орлов Максим,розница,Центральный
CUST-0497,Попов Павел,розница,Северо-Западный
CUST-0498,Соколов Денис,розница,Центральный
CUST-0499,Новиков Сергей,розница,Приволжский
CUST-0500,СТО «Бокс» Центральный,СТО,Центральный
CUST-0501,ООО «АльянсАвто»,опт,Уральский
CUST-0502,Попов Алексей,розница,Южный
CUST-0503,Кузьмин Никита,розница,Центральный
CUST-0504,Голубев Иван,розница,Центральный
CUST-0505,Киселёв Олег,розница,Центральный
CUST-0506,Смирнов Дмитрий,розница,Уральский
CUST-0507,СТО «Ключ» Сибирский,СТО,Сибирский
CUST-0508,СТО «Трасса» Южный,СТО,Южный
CUST-0509,ООО «РегионДеталь»,опт,Северо-Кавказский
CUST-0510,Тарасов Андрей,розница,Северо-Западный
CUST-0511,Попов Максим,розница,Северо-Кавказский
CUST-0512,Кузьмин Максим,розница,Дальневосточный
CUST-0513,СТО «Трасса» Южный,СТО,Южный
CUST-0514,СТО «Форсаж» Центральный,СТО,Центральный
CUST-0515,Виноградов Игорь,розница,Приволжский
CUST-0516,Тарасов Андрей,розница,Центральный
CUST-0517,СТО «Мотор» Приволжский,СТО,Приволжский
CUST-0518,ООО «МоторЛайн»,опт,Уральский
CUST-0519,Беляев Денис,розница,Центральный
CUST-0520,ООО «АльянсАвто»,опт,Приволжский
CUST-0521,СТО «Ресурс» Дальневосточный,СТО,Дальневосточный
CUST-0522,Смирнов Игорь,розница,Центральный
CUST-0523,Сидоров Иван,розница,Уральский
CUST-0524,Сидоров Павел,розница,Центральный
CUST-0525,СТО «Поршень» Сибирский,СТО,Сибирский
CUST-0526,СТО «Подъёмник» Дальневосточный,СТО,Дальневосточный
CUST-0527,ООО «ТехПоставка»,опт,Центральный
CUST-0528,ООО «АвтоСнаб»,опт,Центральный
CUST-0529,Богданов Дмитрий,розница,Сибирский
CUST-0530,Орлов Игорь,розница,Уральский
CUST-0531,Беляев Сергей,розница,Южный
CUST-0532,СТО «Колесо» Южный,СТО,Южный
CUST-0533,СТО «Север» Сибирский,СТО,Сибирский
CUST-0534,ООО «СервисПартс»,опт,Уральский
CUST-0535,СТО «Двигатель» Центральный,СТО,Центральный
CUST-0536,Михайлов Дмитрий,розница,Центральный
CUST-0537,СТО «Север» Центральный,СТО,Центральный
CUST-0538,СТО «Бокс» Северо-Западный,СТО,Северо-Западный
CUST-0539,СТО «Подъёмник» Южный,СТО,Южный
CUST-0540,Тарасов Артём,розница,Северо-Западный
CUST-0541,Кузнецов Дмитрий,розница,Дальневосточный
CUST-0542,Белов Максим,розница,Приволжский
CUST-0543,СТО «Питон» Уральский,СТО,Уральский
CUST-0544,Андреев Алексей,розница,Дальневосточный
CUST-0545,Белов Павел,розница,Центральный
CUST-0546,СТО «Форсаж» Северо-Западный,СТО,Северо-Западный
CUST-0547,СТО «Подъёмник» Приволжский,СТО,Приволжский
CUST-0548,Андреев Роман,розница,Дальневосточный
CUST-0549,Кузьмин Павел,розница,Центральный
CUST-0550,СТО «Север» Северо-Западный,СТО,Северо-Западный
CUST-0551,Петров Игорь,розница,Центральный
CUST-0552,СТО «Поршень» Центральный,СТО,Центральный
CUST-0553,Виноградов Роман,розница,Сибирский
CUST-0554,Павлов Артём,розница,Центральный
CUST-0555,СТО «Гараж 24» Центральный,СТО,Центральный
CUST-0556,Андреев Сергей,розница,Центральный
CUST-0557,Попов Роман,розница,Сибирский
CUST-0558,Тарасов Игорь,розница,Приволжский
CUST-0559,СТО «Север» Центральный,СТО,Центральный
CUST-0560,Волков Роман,розница,Сибирский
CUST-0561,Лебедев Андрей,розница,Северо-Западный
CUST-0562,Гусев Алексей,розница,Уральский
CUST-0563,СТО «Колесо» Северо-Западный,СТО,Северо-Западный
CUST-0564,СТО «Питон» Южный,СТО,Южный
CUST-0565,Смирнов Иван,розница,Приволжский
CUST-0566,ООО «АльянсАвто»,опт,Северо-Западный
CUST-0567,ООО «СервисПартс»,опт,Южный
CUST-0568,Козлов Павел,розница,Уральский
CUST-0569,Ковалёв Олег,розница,Приволжский
CUST-0570,Волков Роман,розница,Южный
CUST-0571,Титов Кирилл,розница,Дальневосточный
CUST-0572,Кузьмин Сергей,розница,Сибирский
CUST-0573,Михайлов Кирилл,розница,Северо-Западный
CUST-0574,Кузьмин Кирилл,розница,Приволжский
CUST-0575,Виноградов Андрей,розница,Центральный
CUST-0576,СТО «Север» Приволжский,СТО,Приволжский
CUST-0577,Попов Максим,розница,Центральный
CUST-0578,СТО «Ключ» Приволжский,СТО,Приволжский
CUST-0579,СТО «Ключ» Центральный,СТО,Центральный
CUST-0580,СТО «Колесо» Приволжский,СТО,Приволжский
CUST-0581,СТО «Форсаж» Сибирский,СТО,Сибирский
CUST-0582,Попов Алексей,розница,Уральский
CUST-0583,ООО «ДрайвТрейд»,опт,Дальневосточный
CUST-0584,ООО «СервисПартс»,опт,Приволжский
CUST-0585,Гусев Кирилл,розница,Приволжский
CUST-0586,Фёдоров Егор,розница,Приволжский
CUST-0587,СТО «Поршень» Центральный,СТО,Центральный
CUST-0588,Кузнецов Сергей,розница,Северо-Западный
CUST-0589,СТО «Подъёмник» Южный,СТО,Южный
CUST-0590,СТО «Питон» Центральный,СТО,Центральный
CUST-0591,ООО «МоторЛайн»,опт,Северо-Западный
CUST-0592,Орлов Сергей,розница,Приволжский
CUST-0593,СТО «Трасса» Уральский,СТО,Уральский
CUST-0594,Ковалёв Дмитрий,розница,Центральный
CUST-0595,Новиков Дмитрий,розница,Центральный
CUST-0596,Киселёв Андрей,розница,Центральный
CUST-0597,Михайлов Кирилл,розница,Дальневосточный
CUST-0598,Алексеев Роман,розница,Северо-Кавказский
CUST-0599,СТО «Подъёмник» Центральный,СТО,Центральный
CUST-0600,Гусев Алексей,розница,Южный
CUST-0601,Титов Егор,розница,Центральный
CUST-0602,Тарасов Алексей,розница,Дальневосточный
CUST-0603,СТО «Ключ» Центральный,СТО,Центральный
CUST-0604,СТО «Ресурс» Сибирский,СТО,Сибирский
CUST-0605,СТО «Форсаж» Южный,СТО,Южный
CUST-0606,Козлов Кирилл,розница,Сибирский
CUST-0607,Орлов Павел,розница,Центральный
CUST-0608,Алексеев Павел,розница,Центральный
CUST-0609,Комаров Максим,розница,Северо-Кавказский
CUST-0610,СТО «Север» Южный,СТО,Южный
CUST-0611,СТО «Ресурс» Уральский,СТО,Уральский
CUST-0612,Соколов Никита,розница,Приволжский
CUST-0613,Белов Роман,розница,Северо-Западный
CUST-0614,СТО «Трасса» Центральный,СТО,Центральный
CUST-0615,Сидоров Алексей,розница,Северо-Западный
CUST-0616,Ильин Максим,розница,Центральный
CUST-0617,СТО «Трасса» Южный,СТО,Южный
CUST-0618,СТО «Колесо» Центральный,СТО,Центральный
CUST-0619,СТО «Бокс» Центральный,СТО,Центральный
CUST-0620,СТО «Колесо» Сибирский,СТО,Сибирский
CUST-0621,СТО «Трасса» Южный,СТО,Южный
CUST-0622,СТО «Север» Южный,СТО,Южный
CUST-0623,Белов Павел,розница,Южный
CUST-0624,Фёдоров Роман,розница,Приволжский
CUST-0625,СТО «Ресурс» Сибирский,СТО,Сибирский
CUST-0626,СТО «Север» Центральный,СТО,Центральный
CUST-0627,ООО «ТехПоставка»,опт,Дальневосточный
CUST-0628,СТО «Подъёмник» Приволжский,СТО,Приволжский
CUST-0629,СТО «Бокс» Центральный,СТО,Центральный
CUST-0630,Новиков Денис,розница,Приволжский
CUST-0631,Лебедев Андрей,розница,Приволжский
CUST-0632,Киселёв Сергей,розница,Центральный
CUST-0633,Киселёв Максим,розница,Северо-Западный
CUST-0634,СТО «Двигатель» Уральский,СТО,Уральский
CUST-0635,ООО «АвтоСнаб»,опт,Сибирский
CUST-0636,СТО «Гараж 24» Приволжский,СТО,Приволжский
CUST-0637,СТО «Подъёмник» Северо-Кавказский,СТО,Северо-Кавказский
CUST-0638,Волков Егор,розница,Южный
CUST-0639,Тарасов Олег,розница,Сибирский
CUST-0640,ООО «ДрайвТрейд»,опт,Уральский
CUST-0641,Голубев Иван,розница,Приволжский
CUST-0642,Фёдоров Роман,розница,Северо-Кавказский
CUST-0643,Гусев Павел,розница,Центральный
CUST-0644,СТО «Мастер» Южный,СТО,Южный
CUST-0645,Лебедев Артём,розница,Приволжский
CUST-0646,Орлов Денис,розница,Приволжский
CUST-0647,ООО «РегионДеталь»,опт,Северо-Западный
CUST-0648,Попов Павел,розница,Северо-Западный
CUST-0649,СТО «Север» Сибирский,СТО,Сибирский
CUST-0650,Алексеев Денис,розница,Приволжский
CUST-0651,СТО «Бокс» Южный,СТО,Южный
CUST-0652,Голубев Андрей,розница,Центральный
CUST-0653,СТО «Гараж 24» Центральный,СТО,Центральный
CUST-0654,Соколов Никита,розница,Приволжский
CUST-0655,СТО «Мотор» Северо-Западный,СТО,Северо-Западный
CUST-0656,Иванов Максим,розница,Приволжский
CUST-0657,Киселёв Олег,розница,Дальневосточный
CUST-0658,СТО «Подъёмник» Сибирский,СТО,Сибирский
CUST-0659,ООО «ДрайвТрейд»,опт,Приволжский
CUST-0660,СТО «Форсаж» Северо-Западный,СТО,Северо-Западный
CUST-0661,Семёнов Максим,розница,Сибирский
CUST-0662,Волков Никита,розница,Приволжский
CUST-0663,Сидоров Денис,розница,Сибирский
CUST-0664,СТО «Питон» Северо-Западный,СТО,Северо-Западный
CUST-0665,Сидоров Алексей,розница,Сибирский
CUST-0666,СТО «Мотор» Северо-Западный,СТО,Северо-Западный
CUST-0667,Воробьёв Егор,розница,Сибирский
CUST-0668,СТО «Трасса» Дальневосточный,СТО,Дальневосточный
CUST-0669,Титов Егор,розница,Южный
CUST-0670,Беляев Сергей,розница,Центральный
CUST-0671,СТО «Север» Приволжский,СТО,Приволжский
CUST-0672,Беляев Роман,розница,Приволжский
CUST-0673,СТО «Мастер» Северо-Западный,СТО,Северо-Западный
CUST-0674,СТО «Двигатель» Центральный,СТО,Центральный
CUST-0675,Макаров Максим,розница,Приволжский
CUST-0676,Соколов Сергей,розница,Северо-Западный
CUST-0677,СТО «Колесо» Дальневосточный,СТО,Дальневосточный
CUST-0678,Виноградов Никита,розница,Сибирский
CUST-0679,ООО «ДрайвТрейд»,опт,Центральный
CUST-0680,Иванов Иван,розница,Дальневосточный
CUST-0681,СТО «Гараж 24» Приволжский,СТО,Приволжский
CUST-0682,Ковалёв Иван,розница,Центральный
CUST-0683,СТО «Трасса» Центральный,СТО,Центральный
CUST-0684,ООО «ДрайвТрейд»,опт,Сибирский
CUST-0685,СТО «Север» Приволжский,СТО,Приволжский
CUST-0686,Семёнов Сергей,розница,Северо-Западный
CUST-0687,Белов Никита,розница,Южный
CUST-0688,СТО «Мастер» Приволжский,СТО,Приволжский
CUST-0689,СТО «Двигатель» Южный,СТО,Южный
CUST-0690,Попов Максим,розница,Центральный
CUST-0691,ООО «МоторЛайн»,опт,Южный
CUST-0692,СТО «Мотор» Центральный,СТО,Центральный
CUST-0693,СТО «Трасса» Центральный,СТО,Центральный
CUST-0694,СТО «Питон» Центральный,СТО,Центральный
CUST-0695,СТО «Подъёмник» Центральный,СТО,Центральный
CUST-0696,Гусев Дмитрий,розница,Центральный
CUST-0697,Кузнецов Егор,розница,Сибирский
CUST-0698,Ковалёв Артём,розница,Центральный
CUST-0699,Фёдоров Игорь,розница,Центральный
CUST-0700,Иванов Игорь,розница,Центральный
CUST-0701,Сидоров Никита,розница,Центральный
CUST-0702,Кузнецов Кирилл,розница,Северо-Западный
CUST-0703,СТО «Форсаж» Сибирский,СТО,Сибирский
CUST-0704,Козлов Роман,розница,Центральный
CUST-0705,ООО «СервисПартс»,опт,Приволжский
CUST-0706,Андреев Денис,розница,Северо-Западный
CUST-0707,Комаров Дмитрий,розница,Сибирский
CUST-0708,СТО «Двигатель» Приволжский,СТО,Приволжский
CUST-0709,СТО «Двигатель» Южный,СТО,Южный
CUST-0710,Орлов Максим,розница,Северо-Западный
CUST-0711,Иванов Роман,розница,Центральный
CUST-0712,Ковалёв Олег,розница,Центральный
CUST-0713,Комаров Денис,розница,Приволжский
CUST-0714,Тарасов Сергей,розница,Центральный
CUST-0715,ООО «ЗапчастьОпт»,опт,Центральный
CUST-0716,СТО «Поршень» Центральный,СТО,Центральный
CUST-0717,Голубев Андрей,розница,Приволжский
CUST-0718,СТО «Форсаж» Центральный,СТО,Центральный
CUST-0719,СТО «Бокс» Южный,СТО,Южный
CUST-0720,Сидоров Никита,розница,Сибирский
CUST-0721,СТО «Гараж 24» Южный,СТО,Южный
CUST-0722,ООО «АвтоСнаб»,опт,Уральский
CUST-0723,Семёнов Денис,розница,Центральный
CUST-0724,СТО «Колесо» Сибирский,СТО,Сибирский
CUST-0725,ООО «МоторЛайн»,опт,Северо-Кавказский
CUST-0726,Кузьмин Андрей,розница,Центральный
CUST-0727,Кузнецов Максим,розница,Северо-Западный
CUST-0728,ООО «РегионДеталь»,опт,Дальневосточный
CUST-0729,Гусев Алексей,розница,Приволжский
CUST-0730,СТО «Ресурс» Дальневосточный,СТО,Дальневосточный
CUST-0731,СТО «Колесо» Северо-Западный,СТО,Северо-Западный
CUST-0732,Новиков Иван,розница,Приволжский
CUST-0733,ООО «АльянсАвто»,опт,Северо-Западный
CUST-0734,Фёдоров Денис,розница,Центральный
CUST-0735,Кузнецов Максим,розница,Приволжский
CUST-0736,Кузьмин Сергей,розница,Северо-Западный
CUST-0737,Павлов Павел,розница,Северо-Западный
CUST-0738,Белов Дмитрий,розница,Приволжский
CUST-0739,Кузнецов Иван,розница,Южный
CUST-0740,СТО «Ключ» Северо-Западный,СТО,Северо-Западный
CUST-0741,Алексеев Роман,розница,Центральный
CUST-0742,ООО «ТехПоставка»,опт,Уральский
CUST-0743,Фёдоров Кирилл,розница,Южный
CUST-0744,Лебедев Игорь,розница,Центральный
CUST-0745,СТО «Гараж 24» Дальневосточный,СТО,Дальневосточный
CUST-0746,ООО «ТехПоставка»,опт,Приволжский
CUST-0747,Михайлов Роман,розница,Северо-Западный
CUST-0748,Тарасов Иван,розница,Центральный
CUST-0749,СТО «Подъёмник» Центральный,СТО,Центральный
CUST-0750,ООО «АльянсАвто»,опт,Южный
CUST-0751,Павлов Павел,розница,Уральский
CUST-0752,Семёнов Игорь,розница,Северо-Западный
CUST-0753,Киселёв Иван,розница,Центральный
CUST-0754,Семёнов Никита,розница,Центральный
CUST-0755,Гусев Максим,розница,Северо-Кавказский
CUST-0756,СТО «Колесо» Приволжский,СТО,Приволжский
CUST-0757,СТО «Бокс» Центральный,СТО,Центральный
CUST-0758,СТО «Подъёмник» Приволжский,СТО,Приволжский
CUST-0759,Морозов Сергей,розница,Центральный
CUST-0760,СТО «Питон» Приволжский,СТО,Приволжский
CUST-0761,СТО «Ресурс» Сибирский,СТО,Сибирский
CUST-0762,СТО «Форсаж» Дальневосточный,СТО,Дальневосточный
CUST-0763,Кузнецов Роман,розница,Сибирский
CUST-0764,Семёнов Дмитрий,розница,Центральный
CUST-0765,Павлов Максим,розница,Приволжский
CUST-0766,Ильин Олег,розница,Южный
CUST-0767,Киселёв Алексей,розница,Южный
CUST-0768,ООО «ДрайвТрейд»,опт,Центральный
CUST-0769,Петров Максим,розница,Южный
CUST-0770,СТО «Поршень» Уральский,СТО,Уральский
CUST-0771,Соколов Кирилл,розница,Уральский
CUST-0772,Голубев Андрей,розница,Центральный
CUST-0773,Тарасов Иван,розница,Приволжский
CUST-0774,Белов Никита,розница,Уральский
CUST-0775,Семёнов Иван,розница,Южный
CUST-0776,Сидоров Дмитрий,розница,Приволжский
CUST-0777,Ильин Алексей,розница,Северо-Западный
CUST-0778,СТО «Питон» Приволжский,СТО,Приволжский
CUST-0779,Беляев Артём,розница,Центральный
CUST-0780,Кузьмин Кирилл,розница,Дальневосточный
CUST-0781,Ильин Иван,розница,Центральный
CUST-0782,Богданов Кирилл,розница,Центральный
CUST-0783,СТО «Форсаж» Южный,СТО,Южный
CUST-0784,Петров Андрей,розница,Центральный
CUST-0785,ООО «СервисПартс»,опт,Приволжский
CUST-0786,Морозов Артём,розница,Сибирский
CUST-0787,Беляев Никита,розница,Центральный
CUST-0788,Попов Максим,розница,Уральский
CUST-0789,Кузнецов Дмитрий,розница,Приволжский
CUST-0790,Беляев Артём,розница,Южный
CUST-0791,СТО «Поршень» Уральский,СТО,Уральский
CUST-0792,Петров Олег,розница,Дальневосточный
CUST-0793,Гусев Андрей,розница,Центральный
CUST-0794,Макаров Сергей,розница,Северо-Западный
CUST-0795,СТО «Поршень» Приволжский,СТО,Приволжский
CUST-0796,СТО «Север» Центральный,СТО,Центральный
CUST-0797,ООО «ЗапчастьОпт»,опт,Уральский
CUST-0798,Комаров Игорь,розница,Центральный
CUST-0799,Комаров Павел,розница,Уральский
CUST-0800,Иванов Иван,розница,Северо-Западный
CUST-0801,ООО «ДрайвТрейд»,опт,Южный
CUST-0802,Волков Никита,розница,Центральный
CUST-0803,СТО «Трасса» Южный,СТО,Южный
CUST-0804,Попов Павел,розница,Северо-Западный
CUST-0805,СТО «Ключ» Северо-Кавказский,СТО,Северо-Кавказский
CUST-0806,Иванов Иван,розница,Уральский
CUST-0807,ООО «ЗапчастьОпт»,опт,Северо-Западный
CUST-0808,СТО «Гараж 24» Приволжский,СТО,Приволжский
CUST-0809,Комаров Сергей,розница,Северо-Кавказский
CUST-0810,Богданов Егор,розница,Центральный
CUST-0811,Макаров Иван,розница,Центральный
CUST-0812,СТО «Мастер» Северо-Западный,СТО,Северо-Западный
CUST-0813,Голубев Игорь,розница,Центральный
CUST-0814,СТО «Ключ» Приволжский,СТО,Приволжский
CUST-0815,Козлов Иван,розница,Центральный
CUST-0816,Беляев Денис,розница,Центральный
CUST-0817,Андреев Павел,розница,Приволжский
CUST-0818,СТО «Ключ» Южный,СТО,Южный
CUST-0819,Алексеев Егор,розница,Центральный
CUST-0820,Михайлов Иван,розница,Северо-Западный
CUST-0821,СТО «Подъёмник» Приволжский,СТО,Приволжский
CUST-0822,Михайлов Никита,розница,Дальневосточный
CUST-0823,Белов Дмитрий,розница,Центральный
CUST-0824,Волков Олег,розница,Сибирский
CUST-0825,Ковалёв Игорь,розница,Уральский
CUST-0826,Смирнов Денис,розница,Центральный
CUST-0827,Гусев Сергей,розница,Сибирский
CUST-0828,Виноградов Олег,розница,Приволжский
CUST-0829,Комаров Дмитрий,розница,Центральный
CUST-0830,СТО «Подъёмник» Южный,СТО,Южный
CUST-0831,СТО «Трасса» Приволжский,СТО,Приволжский
CUST-0832,СТО «Поршень» Сибирский,СТО,Сибирский
CUST-0833,Попов Дмитрий,розница,Южный
CUST-0834,СТО «Ресурс» Уральский,СТО,Уральский
CUST-0835,СТО «Ключ» Северо-Западный,СТО,Северо-Западный
CUST-0836,СТО «Ресурс» Центральный,СТО,Центральный
CUST-0837,ООО «МоторЛайн»,опт,Приволжский
CUST-0838,Соколов Алексей,розница,Дальневосточный
CUST-0839,Титов Игорь,розница,Центральный
CUST-0840,СТО «Бокс» Южный,СТО,Южный
CUST-0841,Белов Никита,розница,Северо-Кавказский
CUST-0842,СТО «Ключ» Южный,СТО,Южный
CUST-0843,Тарасов Алексей,розница,Приволжский
CUST-0844,Киселёв Кирилл,розница,Южный
CUST-0845,Новиков Павел,розница,Дальневосточный
CUST-0846,Павлов Максим,розница,Северо-Западный
CUST-0847,СТО «Мотор» Южный,СТО,Южный
CUST-0848,СТО «Подъёмник» Южный,СТО,Южный
CUST-0849,Сидоров Роман,розница,Северо-Западный
CUST-0850,Беляев Олег,розница,Приволжский
CUST-0851,Голубев Максим,розница,Центральный
CUST-0852,Беляев Максим,розница,Центральный
CUST-0853,Семёнов Роман,розница,Южный
CUST-0854,Волков Олег,розница,Северо-Западный
CUST-0855,Петров Игорь,розница,Приволжский
CUST-0856,Андреев Артём,розница,Приволжский
CUST-0857,Павлов Андрей,розница,Южный
CUST-0858,ООО «ЗапчастьОпт»,опт,Центральный
CUST-0859,СТО «Питон» Северо-Кавказский,СТО,Северо-Кавказский
CUST-0860,Ковалёв Дмитрий,розница,Северо-Западный
CUST-0861,СТО «Трасса» Центральный,СТО,Центральный
CUST-0862,Комаров Артём,розница,Дальневосточный
CUST-0863,Тарасов Павел,розница,Северо-Западный
CUST-0864,СТО «Питон» Сибирский,СТО,Сибирский
CUST-0865,ООО «ДрайвТрейд»,опт,Уральский
CUST-0866,СТО «Мотор» Сибирский,СТО,Сибирский
CUST-0867,Лебедев Андрей,розница,Приволжский
CUST-0868,Белов Игорь,розница,Северо-Западный
CUST-0869,Киселёв Артём,розница,Центральный
CUST-0870,Макаров Сергей,розница,Центральный
CUST-0871,СТО «Бокс» Южный,СТО,Южный
CUST-0872,Морозов Егор,розница,Сибирский
CUST-0873,Михайлов Денис,розница,Центральный
CUST-0874,Тарасов Алексей,розница,Южный
CUST-0875,Комаров Максим,розница,Южный
CUST-0876,СТО «Поршень» Южный,СТО,Южный
CUST-0877,Андреев Егор,розница,Приволжский
CUST-0878,СТО «Форсаж» Центральный,СТО,Центральный
CUST-0879,Воробьёв Алексей,розница,Уральский
CUST-0880,СТО «Север» Центральный,СТО,Центральный
CUST-0881,Гусев Максим,розница,Центральный
CUST-0882,СТО «Мотор» Южный,СТО,Южный
CUST-0883,СТО «Двигатель» Центральный,СТО,Центральный
CUST-0884,СТО «Двигатель» Дальневосточный,СТО,Дальневосточный
CUST-0885,ООО «АльянсАвто»,опт,Уральский
CUST-0886,Соколов Игорь,розница,Южный
CUST-0887,ООО «ТехПоставка»,опт,Уральский
CUST-0888,Андреев Иван,розница,Северо-Западный
CUST-0889,Андреев Денис,розница,Северо-Западный
CUST-0890,ООО «ТехПоставка»,опт,Дальневосточный
CUST-0891,ООО «МоторЛайн»,опт,Центральный
CUST-0892,СТО «Ресурс» Сибирский,СТО,Сибирский
CUST-0893,СТО «Питон» Южный,СТО,Южный
CUST-0894,Кузнецов Артём,розница,Уральский
CUST-0895,Морозов Павел,розница,Северо-Западный
CUST-0896,Воробьёв Артём,розница,Дальневосточный
CUST-0897,СТО «Ресурс» Центральный,СТО,Центральный
CUST-0898,Киселёв Кирилл,розница,Уральский
CUST-0899,Козлов Игорь,розница,Центральный
CUST-0900,Новиков Игорь,розница,Сибирский
CUST-0901,Орлов Егор,розница,Северо-Западный
CUST-0902,СТО «Север» Центральный,СТО,Центральный
CUST-0903,Андреев Дмитрий,розница,Приволжский
CUST-0904,ООО «ЗапчастьОпт»,опт,Приволжский
CUST-0905,ООО «ДрайвТрейд»,опт,Северо-Западный
CUST-0906,Ковалёв Егор,розница,Приволжский
CUST-0907,Попов Игорь,розница,Северо-Западный
CUST-0908,СТО «Ресурс» Дальневосточный,СТО,Дальневосточный
CUST-0909,Орлов Андрей,розница,Приволжский
CUST-0910,Гусев Иван,розница,Дальневосточный
CUST-0911,Беляев Максим,розница,Северо-Западный
CUST-0912,СТО «Двигатель» Северо-Кавказский,СТО,Северо-Кавказский
CUST-0913,Кузнецов Алексей,розница,Южный
CUST-0914,Петров Дмитрий,розница,Центральный
CUST-0915,Андреев Егор,розница,Сибирский
CUST-0916,Алексеев Игорь,розница,Центральный
CUST-0917,СТО «Север» Сибирский,СТО,Сибирский
CUST-0918,Попов Олег,розница,Центральный
CUST-0919,Белов Олег,розница,Северо-Западный
CUST-0920,Кузнецов Никита,розница,Сибирский
CUST-0921,ООО «ТехПоставка»,опт,Приволжский
CUST-0922,Соколов Алексей,розница,Южный
CUST-0923,Козлов Артём,розница,Центральный
CUST-0924,СТО «Подъёмник» Центральный,СТО,Центральный
CUST-0925,СТО «Колесо» Центральный,СТО,Центральный
CUST-0926,Козлов Егор,розница,Уральский
CUST-0927,Попов Игорь,розница,Центральный
CUST-0928,Михайлов Павел,розница,Уральский
CUST-0929,Комаров Роман,розница,Сибирский
CUST-0930,Новиков Дмитрий,розница,Уральский
CUST-0931,Морозов Егор,розница,Южный
CUST-0932,Новиков Кирилл,розница,Северо-Западный
CUST-0933,СТО «Подъёмник» Северо-Западный,СТО,Северо-Западный
CUST-0934,Соколов Сергей,розница,Сибирский
CUST-0935,СТО «Бокс» Уральский,СТО,Уральский
CUST-0936,Михайлов Роман,розница,Северо-Западный
CUST-0937,Попов Андрей,розница,Центральный
CUST-0938,СТО «Бокс» Северо-Кавказский,СТО,Северо-Кавказский
CUST-0939,ООО «АвтоСнаб»,опт,Приволжский
CUST-0940,СТО «Север» Сибирский,СТО,Сибирский
CUST-0941,СТО «Трасса» Центральный,СТО,Центральный
CUST-0942,Воробьёв Олег,розница,Центральный
CUST-0943,Гусев Никита,розница,Центральный
CUST-0944,СТО «Ресурс» Центральный,СТО,Центральный
CUST-0945,СТО «Форсаж» Приволжский,СТО,Приволжский
CUST-0946,Козлов Никита,розница,Дальневосточный
CUST-0947,СТО «Поршень» Сибирский,СТО,Сибирский
CUST-0948,СТО «Питон» Северо-Западный,СТО,Северо-Западный
CUST-0949,ООО «ЗапчастьОпт»,опт,Уральский
CUST-0950,Иванов Иван,розница,Центральный
CUST-0951,Орлов Максим,розница,Центральный
CUST-0952,ООО «СервисПартс»,опт,Центральный
CUST-0953,Попов Олег,розница,Южный
CUST-0954,СТО «Питон» Южный,СТО,Южный
CUST-0955,Попов Максим,розница,Центральный
CUST-0956,Михайлов Никита,розница,Сибирский
CUST-0957,ООО «ЗапчастьОпт»,опт,Приволжский
CUST-0958,Голубев Алексей,розница,Северо-Западный
CUST-0959,Лебедев Егор,розница,Центральный
CUST-0960,Фёдоров Олег,розница,Приволжский
CUST-0961,ООО «РегионДеталь»,опт,Приволжский
CUST-0962,ООО «РегионДеталь»,опт,Центральный
CUST-0963,Гусев Павел,розница,Приволжский
CUST-0964,ООО «ДрайвТрейд»,опт,Южный
CUST-0965,Богданов Игорь,розница,Центральный
CUST-0966,ООО «АвтоСнаб»,опт,Сибирский
CUST-0967,Богданов Максим,розница,Северо-Западный
CUST-0968,ООО «ЗапчастьОпт»,опт,Центральный
CUST-0969,СТО «Колесо» Южный,СТО,Южный
CUST-0970,СТО «Питон» Центральный,СТО,Центральный
CUST-0971,Соколов Кирилл,розница,Северо-Западный
CUST-0972,ООО «ЗапчастьОпт»,опт,Северо-Кавказский
CUST-0973,СТО «Форсаж» Центральный,СТО,Центральный
CUST-0974,Голубев Алексей,розница,Центральный
CUST-0975,Новиков Сергей,розница,Южный
CUST-0976,Киселёв Андрей,розница,Сибирский
CUST-0977,Михайлов Иван,розница,Северо-Западный
CUST-0978,СТО «Колесо» Уральский,СТО,Уральский
CUST-0979,СТО «Форсаж» Центральный,СТО,Центральный
CUST-0980,СТО «Форсаж» Центральный,СТО,Центральный
CUST-0981,Ковалёв Денис,розница,Дальневосточный
CUST-0982,Михайлов Дмитрий,розница,Центральный
CUST-0983,Белов Андрей,розница,Северо-Кавказский
CUST-0984,Голубев Егор,розница,Северо-Западный
CUST-0985,СТО «Мастер» Северо-Западный,СТО,Северо-Западный
CUST-0986,ООО «ТехПоставка»,опт,Уральский
CUST-0987,Петров Андрей,розница,Центральный
CUST-0988,СТО «Двигатель» Южный,СТО,Южный
CUST-0989,Беляев Алексей,розница,Приволжский
CUST-0990,Фёдоров Дмитрий,розница,Уральский
CUST-0991,Киселёв Егор,розница,Центральный
CUST-0992,Богданов Дмитрий,розница,Дальневосточный
CUST-0993,Кузьмин Никита,розница,Центральный
CUST-0994,Ковалёв Игорь,розница,Приволжский
CUST-0995,Титов Сергей,розница,Центральный
CUST-0996,Смирнов Артём,розница,Приволжский
CUST-0997,Козлов Андрей,розница,Северо-Кавказский
CUST-0998,Орлов Игорь,розница,Северо-Западный
CUST-0999,Михайлов Егор,розница,Уральский
CUST-1000,Алексеев Сергей,розница,Центральный
CUST-1001,СТО «Мотор» Уральский,СТО,Уральский
CUST-1002,Андреев Егор,розница,Центральный
CUST-1003,Тарасов Роман,розница,Северо-Западный
CUST-1004,Ковалёв Иван,розница,Центральный
CUST-1005,Морозов Роман,розница,Сибирский
CUST-1006,ООО «АвтоСнаб»,опт,Приволжский
CUST-1007,Новиков Дмитрий,розница,Центральный
CUST-1008,Орлов Максим,розница,Приволжский
CUST-1009,Виноградов Денис,розница,Центральный
CUST-1010,Орлов Денис,розница,Дальневосточный
CUST-1011,ООО «ТехПоставка»,опт,Южный
CUST-1012,Козлов Дмитрий,розница,Центральный
CUST-1013,ООО «ТехПоставка»,опт,Центральный
CUST-1014,Белов Олег,розница,Центральный
CUST-1015,СТО «Мотор» Приволжский,СТО,Приволжский
CUST-1016,Смирнов Алексей,розница,Приволжский
CUST-1017,Андреев Роман,розница,Дальневосточный
CUST-1018,Лебедев Алексей,розница,Центральный
CUST-1019,Морозов Кирилл,розница,Дальневосточный
CUST-1020,ООО «СервисПартс»,опт,Северо-Кавказский
CUST-1021,Макаров Сергей,розница,Южный
CUST-1022,Богданов Иван,розница,Северо-Западный
CUST-1023,Сидоров Артём,розница,Южный
CUST-1024,Воробьёв Егор,розница,Приволжский
CUST-1025,СТО «Подъёмник» Северо-Западный,СТО,Северо-Западный
CUST-1026,Комаров Сергей,розница,Центральный
CUST-1027,СТО «Мастер» Северо-Западный,СТО,Северо-Западный
CUST-1028,СТО «Мастер» Южный,СТО,Южный
CUST-1029,Комаров Роман,розница,Южный
CUST-1030,СТО «Трасса» Приволжский,СТО,Приволжский
CUST-1031,Титов Павел,розница,Уральский
CUST-1032,Петров Павел,розница,Северо-Западный
CUST-1033,Богданов Алексей,розница,Приволжский
CUST-1034,СТО «Трасса» Уральский,СТО,Уральский
CUST-1035,СТО «Гараж 24» Северо-Западный,СТО,Северо-Западный
CUST-1036,Голубев Олег,розница,Дальневосточный
CUST-1037,СТО «Двигатель» Центральный,СТО,Центральный
CUST-1038,ООО «АвтоСнаб»,опт,Уральский
CUST-1039,Комаров Павел,розница,Уральский
CUST-1040,Волков Андрей,розница,Сибирский
CUST-1041,ООО «МоторЛайн»,опт,Приволжский
CUST-1042,Тарасов Артём,розница,Сибирский
CUST-1043,СТО «Гараж 24» Северо-Кавказский,СТО,Северо-Кавказский
CUST-1044,СТО «Трасса» Сибирский,СТО,Сибирский
CUST-1045,СТО «Форсаж» Северо-Западный,СТО,Северо-Западный
CUST-1046,Семёнов Алексей,розница,Центральный
CUST-1047,Беляев Кирилл,розница,Южный
CUST-1048,Беляев Игорь,розница,Приволжский
CUST-1049,Кузнецов Алексей,розница,Центральный
CUST-1050,ООО «РегионДеталь»,опт,Центральный
CUST-1051,СТО «Двигатель» Уральский,СТО,Уральский
CUST-1052,Белов Игорь,розница,Северо-Западный
CUST-1053,Соколов Павел,розница,Дальневосточный
CUST-1054,Морозов Игорь,розница,Северо-Западный
CUST-1055,СТО «Подъёмник» Дальневосточный,СТО,Дальневосточный
CUST-1056,Тарасов Андрей,розница,Приволжский
CUST-1057,Комаров Иван,розница,Приволжский
CUST-1058,Козлов Сергей,розница,Приволжский
CUST-1059,СТО «Ключ» Приволжский,СТО,Приволжский
CUST-1060,ООО «АвтоСнаб»,опт,Северо-Западный
CUST-1061,Семёнов Олег,розница,Центральный
CUST-1062,СТО «Питон» Северо-Кавказский,СТО,Северо-Кавказский
CUST-1063,Голубев Павел,розница,Северо-Западный
CUST-1064,Попов Денис,розница,Дальневосточный
CUST-1065,СТО «Бокс» Приволжский,СТО,Приволжский
CUST-1066,Иванов Иван,розница,Сибирский
CUST-1067,СТО «Мотор» Центральный,СТО,Центральный
CUST-1068,Иванов Алексей,розница,Северо-Западный
CUST-1069,ООО «СервисПартс»,опт,Северо-Западный
CUST-1070,Гусев Кирилл,розница,Дальневосточный
CUST-1071,СТО «Поршень» Северо-Западный,СТО,Северо-Западный
CUST-1072,СТО «Мастер» Центральный,СТО,Центральный
CUST-1073,СТО «Мастер» Сибирский,СТО,Сибирский
CUST-1074,Андреев Дмитрий,розница,Приволжский
CUST-1075,Воробьёв Алексей,розница,Уральский
CUST-1076,Смирнов Павел,розница,Северо-Западный
CUST-1077,Морозов Игорь,розница,Центральный
CUST-1078,Беляев Артём,розница,Центральный
CUST-1079,СТО «Бокс» Дальневосточный,СТО,Дальневосточный
CUST-1080,СТО «Питон» Центральный,СТО,Центральный
CUST-1081,Морозов Алексей,розница,Приволжский
CUST-1082,Алексеев Никита,розница,Центральный
CUST-1083,ООО «ДрайвТрейд»,опт,Приволжский
CUST-1084,Голубев Дмитрий,розница,Приволжский
CUST-1085,СТО «Трасса» Центральный,СТО,Центральный
CUST-1086,Кузнецов Павел,розница,Сибирский
CUST-1087,Воробьёв Денис,розница,Центральный
CUST-1088,СТО «Подъёмник» Приволжский,СТО,Приволжский
CUST-1089,Павлов Сергей,розница,Центральный
CUST-1090,Ильин Денис,розница,Приволжский
CUST-1091,Ильин Егор,розница,Центральный
CUST-1092,Попов Олег,розница,Сибирский
CUST-1093,Белов Кирилл,розница,Южный
CUST-1094,Андреев Алексей,розница,Северо-Западный
CUST-1095,Виноградов Андрей,розница,Центральный
CUST-1096,СТО «Форсаж» Сибирский,СТО,Сибирский
CUST-1097,СТО «Ресурс» Центральный,СТО,Центральный
CUST-1098,СТО «Колесо» Центральный,СТО,Центральный
CUST-1099,Семёнов Максим,розница,Уральский
CUST-1100,Кузьмин Никита,розница,Центральный
CUST-1101,СТО «Двигатель» Дальневосточный,СТО,Дальневосточный
CUST-1102,СТО «Гараж 24» Сибирский,СТО,Сибирский
CUST-1103,Орлов Кирилл,розница,Южный
CUST-1104,Титов Артём,розница,Сибирский
CUST-1105,СТО «Ресурс» Сибирский,СТО,Сибирский
CUST-1106,Лебедев Роман,розница,Дальневосточный
CUST-1107,Павлов Роман,розница,Южный
CUST-1108,Макаров Дмитрий,розница,Центральный
CUST-1109,Алексеев Денис,розница,Дальневосточный
CUST-1110,СТО «Север» Приволжский,СТО,Приволжский
CUST-1111,ООО «ЗапчастьОпт»,опт,Северо-Западный
CUST-1112,СТО «Поршень» Центральный,СТО,Центральный
CUST-1113,Кузьмин Егор,розница,Северо-Кавказский
CUST-1114,Кузьмин Роман,розница,Сибирский
CUST-1115,Новиков Сергей,розница,Северо-Западный
CUST-1116,СТО «Мастер» Северо-Кавказский,СТО,Северо-Кавказский
CUST-1117,Соколов Артём,розница,Дальневосточный
CUST-1118,Тарасов Кирилл,розница,Уральский
CUST-1119,Гусев Артём,розница,Северо-Западный
CUST-1120,Волков Иван,розница,Приволжский
CUST-1121,СТО «Ключ» Северо-Западный,СТО,Северо-Западный
CUST-1122,Сидоров Никита,розница,Приволжский
CUST-1123,Голубев Алексей,розница,Сибирский
CUST-1124,Белов Алексей,розница,Приволжский
CUST-1125,Фёдоров Иван,розница,Северо-Западный
CUST-1126,СТО «Ресурс» Сибирский,СТО,Сибирский
CUST-1127,Козлов Иван,розница,Центральный
CUST-1128,Михайлов Иван,розница,Дальневосточный
CUST-1129,СТО «Ресурс» Приволжский,СТО,Приволжский
CUST-1130,Павлов Кирилл,розница,Центральный
CUST-1131,ООО «АльянсАвто»,опт,Уральский
CUST-1132,Кузнецов Максим,розница,Уральский
CUST-1133,Фёдоров Игорь,розница,Уральский
CUST-1134,Кузьмин Кирилл,розница,Южный
CUST-1135,Алексеев Кирилл,розница,Северо-Кавказский
CUST-1136,Голубев Алексей,розница,Уральский
CUST-1137,Алексеев Иван,розница,Южный
CUST-1138,Титов Никита,розница,Северо-Западный
CUST-1139,Петров Андрей,розница,Приволжский
CUST-1140,СТО «Подъёмник» Северо-Западный,СТО,Северо-Западный
CUST-1141,СТО «Ключ» Центральный,СТО,Центральный
CUST-1142,Морозов Денис,розница,Северо-Кавказский
CUST-1143,ООО «ЗапчастьОпт»,опт,Сибирский
CUST-1144,Кузнецов Сергей,розница,Центральный
CUST-1145,ООО «ТехПоставка»,опт,Сибирский
CUST-1146,СТО «Гараж 24» Сибирский,СТО,Сибирский
CUST-1147,Киселёв Максим,розница,Приволжский
CUST-1148,ООО «АвтоСнаб»,опт,Центральный
CUST-1149,Волков Артём,розница,Южный
CUST-1150,Виноградов Артём,розница,Уральский
CUST-1151,Богданов Никита,розница,Уральский
CUST-1152,Ковалёв Иван,розница,Сибирский
CUST-1153,Кузьмин Денис,розница,Центральный
CUST-1154,СТО «Мотор» Приволжский,СТО,Приволжский
CUST-1155,СТО «Двигатель» Центральный,СТО,Центральный
CUST-1156,СТО «Ресурс» Сибирский,СТО,Сибирский
CUST-1157,Фёдоров Олег,розница,Приволжский
CUST-1158,Беляев Иван,розница,Центральный
CUST-1159,Виноградов Олег,розница,Приволжский
CUST-1160,СТО «Север» Приволжский,СТО,Приволжский
CUST-1161,СТО «Мастер» Центральный,СТО,Центральный
CUST-1162,Орлов Олег,розница,Центральный
CUST-1163,Петров Олег,розница,Северо-Западный
CUST-1164,Виноградов Кирилл,розница,Южный
CUST-1165,Сидоров Артём,розница,Северо-Западный
CUST-1166,СТО «Двигатель» Приволжский,СТО,Приволжский
CUST-1167,ООО «ТехПоставка»,опт,Центральный
CUST-1168,СТО «Мастер» Приволжский,СТО,Приволжский
CUST-1169,СТО «Колесо» Южный,СТО,Южный
CUST-1170,Волков Иван,розница,Южный
CUST-1171,Виноградов Игорь,розница,Центральный
CUST-1172,ООО «РегионДеталь»,опт,Уральский
CUST-1173,Попов Андрей,розница,Дальневосточный
CUST-1174,ООО «ДрайвТрейд»,опт,Северо-Западный
CUST-1175,Белов Иван,розница,Северо-Западный
CUST-1176,Лебедев Егор,розница,Приволжский
CUST-1177,СТО «Ключ» Центральный,СТО,Центральный
CUST-1178,СТО «Мотор» Приволжский,СТО,Приволжский
CUST-1179,Титов Дмитрий,розница,Южный
CUST-1180,Кузьмин Иван,розница,Сибирский
CUST-1181,Козлов Андрей,розница,Северо-Западный
CUST-1182,СТО «Подъёмник» Северо-Западный,СТО,Северо-Западный
CUST-1183,ООО «РегионДеталь»,опт,Центральный
CUST-1184,СТО «Колесо» Уральский,СТО,Уральский
CUST-1185,Михайлов Олег,розница,Приволжский
CUST-1186,Богданов Андрей,розница,Центральный
CUST-1187,Морозов Егор,розница,Уральский
CUST-1188,ООО «ЗапчастьОпт»,опт,Уральский
CUST-1189,Макаров Никита,розница,Центральный
CUST-1190,СТО «Поршень» Южный,СТО,Южный
CUST-1191,СТО «Гараж 24» Центральный,СТО,Центральный
CUST-1192,Михайлов Роман,розница,Приволжский
CUST-1193,Петров Олег,розница,Уральский
CUST-1194,ООО «ТехПоставка»,опт,Центральный
CUST-1195,Фёдоров Сергей,розница,Центральный
CUST-1196,СТО «Ключ» Центральный,СТО,Центральный
CUST-1197,Сидоров Иван,розница,Северо-Западный
CUST-1198,Кузьмин Артём,розница,Дальневосточный
CUST-1199,Козлов Павел,розница,Южный
CUST-1200,СТО «Колесо» Дальневосточный,СТО,Дальневосточный
CUST-1201,Орлов Алексей,розница,Уральский
CUST-1202,ООО «РегионДеталь»,опт,Центральный
CUST-1203,Титов Сергей,розница,Центральный
CUST-1204,ООО «АвтоСнаб»,опт,Центральный
CUST-1205,СТО «Север» Северо-Западный,СТО,Северо-Западный
CUST-1206,СТО «Форсаж» Уральский,СТО,Уральский
CUST-1207,Соколов Олег,розница,Приволжский
CUST-1208,Лебедев Никита,розница,Сибирский
CUST-1209,Виноградов Егор,розница,Южный
CUST-1210,Иванов Иван,розница,Приволжский
CUST-1211,Кузьмин Иван,розница,Северо-Западный
CUST-1212,СТО «Питон» Приволжский,СТО,Приволжский
CUST-1213,Титов Игорь,розница,Северо-Западный
CUST-1214,Лебедев Роман,розница,Приволжский
CUST-1215,Алексеев Роман,розница,Центральный
CUST-1216,СТО «Гараж 24» Центральный,СТО,Центральный
CUST-1217,Воробьёв Сергей,розница,Северо-Западный
CUST-1218,СТО «Гараж 24» Центральный,СТО,Центральный
CUST-1219,СТО «Колесо» Приволжский,СТО,Приволжский
CUST-1220,Попов Кирилл,розница,Центральный
CUST-1221,СТО «Ресурс» Центральный,СТО,Центральный
CUST-1222,Титов Дмитрий,розница,Южный
CUST-1223,Виноградов Олег,розница,Приволжский
CUST-1224,Виноградов Егор,розница,Центральный
CUST-1225,Сидоров Денис,розница,Центральный
CUST-1226,СТО «Колесо» Северо-Западный,СТО,Северо-Западный
CUST-1227,Соколов Денис,розница,Южный
CUST-1228,Иванов Денис,розница,Уральский
CUST-1229,СТО «Питон» Центральный,СТО,Центральный
CUST-1230,Богданов Кирилл,розница,Северо-Западный
CUST-1231,Беляев Сергей,розница,Приволжский
CUST-1232,Ковалёв Иван,розница,Центральный
CUST-1233,СТО «Двигатель» Сибирский,СТО,Сибирский
CUST-1234,Морозов Дмитрий,розница,Южный
CUST-1235,ООО «АвтоСнаб»,опт,Центральный
CUST-1236,Соколов Никита,розница,Дальневосточный
CUST-1237,СТО «Мастер» Сибирский,СТО,Сибирский
CUST-1238,Волков Артём,розница,Северо-Кавказский
CUST-1239,Петров Денис,розница,Северо-Западный
CUST-1240,ООО «РегионДеталь»,опт,Приволжский
CUST-1241,СТО «Мотор» Южный,СТО,Южный
CUST-1242,Сидоров Дмитрий,розница,Сибирский
CUST-1243,Иванов Игорь,розница,Центральный
CUST-1244,СТО «Мастер» Сибирский,СТО,Сибирский
CUST-1245,ООО «ТехПоставка»,опт,Приволжский
CUST-1246,СТО «Двигатель» Дальневосточный,СТО,Дальневосточный
CUST-1247,СТО «Бокс» Северо-Западный,СТО,Северо-Западный
CUST-1248,Макаров Олег,розница,Приволжский
CUST-1249,СТО «Колесо» Приволжский,СТО,Приволжский
CUST-1250,СТО «Поршень» Приволжский,СТО,Приволжский
CUST-1251,СТО «Ключ» Центральный,СТО,Центральный
CUST-1252,СТО «Питон» Центральный,СТО,Центральный
CUST-1253,СТО «Двигатель» Южный,СТО,Южный
CUST-1254,Смирнов Роман,розница,Южный
CUST-1255,Беляев Иван,розница,Южный
CUST-1256,Комаров Никита,розница,Центральный
CUST-1257,Ковалёв Егор,розница,Уральский
CUST-1258,Попов Денис,розница,Уральский
CUST-1259,Лебедев Егор,розница,Южный
CUST-1260,Соколов Никита,розница,Приволжский
CUST-1261,СТО «Трасса» Северо-Западный,СТО,Северо-Западный
CUST-1262,Фёдоров Кирилл,розница,Центральный
CUST-1263,Ковалёв Павел,розница,Южный
CUST-1264,Семёнов Денис,розница,Северо-Западный
CUST-1265,СТО «Мастер» Южный,СТО,Южный
CUST-1266,СТО «Бокс» Приволжский,СТО,Приволжский
CUST-1267,ООО «АльянсАвто»,опт,Приволжский
CUST-1268,ООО «ТехПоставка»,опт,Центральный
CUST-1269,Воробьёв Максим,розница,Центральный
CUST-1270,СТО «Мотор» Южный,СТО,Южный
CUST-1271,Гусев Сергей,розница,Центральный
CUST-1272,ООО «СервисПартс»,опт,Уральский
CUST-1273,СТО «Гараж 24» Центральный,СТО,Центральный
CUST-1274,Павлов Егор,розница,Центральный
CUST-1275,Беляев Дмитрий,розница,Уральский
CUST-1276,Лебедев Роман,розница,Уральский
CUST-1277,Титов Сергей,розница,Сибирский
CUST-1278,Кузьмин Игорь,розница,Дальневосточный
CUST-1279,Ильин Кирилл,розница,Центральный
CUST-1280,Волков Игорь,розница,Южный
CUST-1281,Комаров Олег,розница,Уральский
CUST-1282,Титов Кирилл,розница,Приволжский
CUST-1283,СТО «Бокс» Северо-Западный,СТО,Северо-Западный
CUST-1284,Орлов Павел,розница,Уральский
CUST-1285,Козлов Сергей,розница,Дальневосточный
CUST-1286,СТО «Бокс» Северо-Западный,СТО,Северо-Западный
CUST-1287,СТО «Трасса» Южный,СТО,Южный
CUST-1288,ООО «ТехПоставка»,опт,Сибирский
CUST-1289,СТО «Бокс» Центральный,СТО,Центральный
CUST-1290,Козлов Игорь,розница,Северо-Западный
CUST-1291,Титов Максим,розница,Приволжский
CUST-1292,Лебедев Роман,розница,Приволжский
CUST-1293,СТО «Ключ» Северо-Западный,СТО,Северо-Западный
CUST-1294,СТО «Бокс» Северо-Кавказский,СТО,Северо-Кавказский
CUST-1295,ООО «ДрайвТрейд»,опт,Северо-Западный
CUST-1296,Иванов Максим,розница,Сибирский
CUST-1297,Новиков Алексей,розница,Центральный
CUST-1298,Богданов Роман,розница,Приволжский
CUST-1299,Виноградов Сергей,розница,Уральский
CUST-1300,СТО «Мастер» Сибирский,СТО,Сибирский
CUST-1301,ООО «АвтоСнаб»,опт,Северо-Западный
CUST-1302,Соколов Артём,розница,Северо-Западный
CUST-1303,ООО «ТехПоставка»,опт,Сибирский
CUST-1304,СТО «Поршень» Приволжский,СТО,Приволжский
CUST-1305,СТО «Север» Центральный,СТО,Центральный
CUST-1306,Комаров Никита,розница,Приволжский
CUST-1307,СТО «Колесо» Северо-Западный,СТО,Северо-Западный
CUST-1308,Иванов Игорь,розница,Дальневосточный
CUST-1309,СТО «Двигатель» Центральный,СТО,Центральный
CUST-1310,Семёнов Кирилл,розница,Уральский
CUST-1311,ООО «МоторЛайн»,опт,Приволжский
CUST-1312,СТО «Бокс» Уральский,СТО,Уральский
CUST-1313,ООО «ТехПоставка»,опт,Приволжский
CUST-1314,Смирнов Сергей,розница,Северо-Западный
CUST-1315,ООО «ЗапчастьОпт»,опт,Дальневосточный
CUST-1316,Богданов Максим,розница,Северо-Западный
CUST-1317,Виноградов Алексей,розница,Центральный
CUST-1318,ООО «РегионДеталь»,опт,Северо-Западный
CUST-1319,Кузнецов Роман,розница,Центральный
CUST-1320,СТО «Двигатель» Сибирский,СТО,Сибирский
CUST-1321,СТО «Мастер» Приволжский,СТО,Приволжский
CUST-1322,Смирнов Роман,розница,Северо-Кавказский
CUST-1323,СТО «Гараж 24» Приволжский,СТО,Приволжский
CUST-1324,СТО «Мотор» Дальневосточный,СТО,Дальневосточный
CUST-1325,Киселёв Максим,розница,Уральский
CUST-1326,Тарасов Андрей,розница,Южный
CUST-1327,СТО «Колесо» Сибирский,СТО,Сибирский
CUST-1328,Павлов Роман,розница,Северо-Западный
CUST-1329,СТО «Трасса» Приволжский,СТО,Приволжский
CUST-1330,СТО «Форсаж» Уральский,СТО,Уральский
CUST-1331,Андреев Андрей,розница,Центральный
CUST-1332,СТО «Ключ» Сибирский,СТО,Сибирский
CUST-1333,Михайлов Никита,розница,Центральный
CUST-1334,Комаров Иван,розница,Сибирский
CUST-1335,Петров Кирилл,розница,Южный
CUST-1336,ООО «МоторЛайн»,опт,Южный
CUST-1337,СТО «Подъёмник» Южный,СТО,Южный
CUST-1338,Алексеев Павел,розница,Южный
CUST-1339,Морозов Роман,розница,Южный
CUST-1340,Смирнов Андрей,розница,Южный
CUST-1341,ООО «ТехПоставка»,опт,Приволжский
CUST-1342,Соколов Андрей,розница,Сибирский
CUST-1343,СТО «Бокс» Южный,СТО,Южный
CUST-1344,СТО «Двигатель» Уральский,СТО,Уральский
CUST-1345,ООО «РегионДеталь»,опт,Дальневосточный
CUST-1346,ООО «МоторЛайн»,опт,Центральный
CUST-1347,Кузнецов Сергей,розница,Центральный
CUST-1348,СТО «Мотор» Уральский,СТО,Уральский
CUST-1349,Виноградов Никита,розница,Северо-Кавказский
CUST-1350,СТО «Поршень» Северо-Западный,СТО,Северо-Западный
CUST-1351,Комаров Олег,розница,Южный
CUST-1352,Смирнов Роман,розница,Центральный
CUST-1353,Смирнов Павел,розница,Приволжский
CUST-1354,Воробьёв Роман,розница,Сибирский
CUST-1355,СТО «Мотор» Приволжский,СТО,Приволжский
CUST-1356,Комаров Никита,розница,Центральный
CUST-1357,Ильин Сергей,розница,Уральский
CUST-1358,Орлов Роман,розница,Южный
CUST-1359,СТО «Север» Уральский,СТО,Уральский
CUST-1360,Фёдоров Олег,розница,Дальневосточный
CUST-1361,ООО «МоторЛайн»,опт,Сибирский
CUST-1362,Новиков Дмитрий,розница,Дальневосточный
CUST-1363,СТО «Ключ» Центральный,СТО,Центральный
CUST-1364,СТО «Мотор» Северо-Западный,СТО,Северо-Западный
CUST-1365,ООО «МоторЛайн»,опт,Северо-Западный
CUST-1366,СТО «Двигатель» Центральный,СТО,Центральный
CUST-1367,Волков Андрей,розница,Южный
CUST-1368,Алексеев Дмитрий,розница,Приволжский
CUST-1369,СТО «Двигатель» Центральный,СТО,Центральный
CUST-1370,ООО «АльянсАвто»,опт,Центральный
CUST-1371,Воробьёв Олег,розница,Приволжский
CUST-1372,Алексеев Игорь,розница,Центральный
CUST-1373,Тарасов Сергей,розница,Приволжский
CUST-1374,Соколов Иван,розница,Приволжский
CUST-1375,Михайлов Егор,розница,Приволжский
CUST-1376,СТО «Ресурс» Южный,СТО,Южный
CUST-1377,СТО «Питон» Северо-Западный,СТО,Северо-Западный
CUST-1378,Михайлов Никита,розница,Северо-Кавказский
CUST-1379,Голубев Роман,розница,Центральный
CUST-1380,ООО «СервисПартс»,опт,Центральный
CUST-1381,Козлов Олег,розница,Центральный
CUST-1382,СТО «Подъёмник» Приволжский,СТО,Приволжский
CUST-1383,ООО «ДрайвТрейд»,опт,Южный
CUST-1384,Волков Олег,розница,Южный
CUST-1385,Козлов Кирилл,розница,Приволжский
CUST-1386,Смирнов Игорь,розница,Южный
CUST-1387,Титов Олег,розница,Центральный
CUST-1388,СТО «Ключ» Центральный,СТО,Центральный
CUST-1389,СТО «Гараж 24» Северо-Западный,СТО,Северо-Западный
CUST-1390,СТО «Север» Сибирский,СТО,Сибирский
CUST-1391,СТО «Подъёмник» Южный,СТО,Южный
CUST-1392,Белов Никита,розница,Приволжский
CUST-1393,ООО «ДрайвТрейд»,опт,Центральный
CUST-1394,СТО «Трасса» Центральный,СТО,Центральный
CUST-1395,Титов Алексей,розница,Центральный
CUST-1396,СТО «Ресурс» Приволжский,СТО,Приволжский
CUST-1397,СТО «Питон» Центральный,СТО,Центральный
CUST-1398,Новиков Игорь,розница,Южный
CUST-1399,Сидоров Андрей,розница,Приволжский
CUST-1400,Смирнов Иван,розница,Уральский
CUST-1401,Павлов Максим,розница,Северо-Западный
CUST-1402,Комаров Егор,розница,Сибирский
CUST-1403,Сидоров Олег,розница,Сибирский
CUST-1404,ООО «ДрайвТрейд»,опт,Северо-Западный
CUST-1405,Волков Никита,розница,Уральский
CUST-1406,Смирнов Максим,розница,Приволжский
CUST-1407,Кузьмин Никита,розница,Центральный
CUST-1408,Гусев Роман,розница,Северо-Западный
CUST-1409,СТО «Форсаж» Южный,СТО,Южный
CUST-1410,Андреев Сергей,розница,Южный
CUST-1411,СТО «Ресурс» Центральный,СТО,Центральный
CUST-1412,Волков Сергей,розница,Центральный
CUST-1413,ООО «ЗапчастьОпт»,опт,Северо-Западный
CUST-1414,Беляев Игорь,розница,Приволжский
CUST-1415,СТО «Подъёмник» Центральный,СТО,Центральный
CUST-1416,СТО «Питон» Южный,СТО,Южный
CUST-1417,Петров Андрей,розница,Приволжский
CUST-1418,СТО «Ключ» Центральный,СТО,Центральный
CUST-1419,СТО «Трасса» Центральный,СТО,Центральный
CUST-1420,СТО «Питон» Центральный,СТО,Центральный
CUST-1421,Волков Максим,розница,Центральный
CUST-1422,СТО «Ключ» Дальневосточный,СТО,Дальневосточный
CUST-1423,ООО «ДрайвТрейд»,опт,Приволжский
CUST-1424,Андреев Артём,розница,Дальневосточный
CUST-1425,СТО «Питон» Дальневосточный,СТО,Дальневосточный
CUST-1426,Новиков Роман,розница,Центральный
CUST-1427,ООО «РегионДеталь»,опт,Приволжский
CUST-1428,СТО «Север» Приволжский,СТО,Приволжский
CUST-1429,СТО «Колесо» Центральный,СТО,Центральный
CUST-1430,СТО «Ключ» Сибирский,СТО,Сибирский
CUST-1431,Комаров Сергей,розница,Центральный
CUST-1432,Кузьмин Денис,розница,Центральный
CUST-1433,СТО «Поршень» Сибирский,СТО,Сибирский
CUST-1434,СТО «Мотор» Уральский,СТО,Уральский
CUST-1435,СТО «Ключ» Центральный,СТО,Центральный
CUST-1436,СТО «Трасса» Центральный,СТО,Центральный
CUST-1437,Ильин Олег,розница,Уральский
CUST-1438,СТО «Трасса» Центральный,СТО,Центральный
CUST-1439,ООО «СервисПартс»,опт,Уральский
CUST-1440,Сидоров Игорь,розница,Южный
CUST-1441,Ильин Роман,розница,Южный
CUST-1442,Соколов Никита,розница,Уральский
CUST-1443,СТО «Мастер» Центральный,СТО,Центральный
CUST-1444,Воробьёв Артём,розница,Центральный
CUST-1445,Виноградов Андрей,розница,Сибирский
CUST-1446,ООО «АвтоСнаб»,опт,Центральный
CUST-1447,Кузьмин Алексей,розница,Северо-Кавказский
CUST-1448,Михайлов Никита,розница,Северо-Западный
CUST-1449,Макаров Олег,розница,Северо-Западный
CUST-1450,Макаров Артём,розница,Приволжский
CUST-1451,Орлов Роман,розница,Северо-Западный
CUST-1452,СТО «Мастер» Центральный,СТО,Центральный
CUST-1453,Белов Максим,розница,Северо-Кавказский
CUST-1454,Фёдоров Артём,розница,Северо-Кавказский
CUST-1455,ООО «СервисПартс»,опт,Северо-Западный
CUST-1456,СТО «Мотор» Приволжский,СТО,Приволжский
CUST-1457,Морозов Дмитрий,розница,Уральский
CUST-1458,Беляев Роман,розница,Центральный
CUST-1459,СТО «Ресурс» Северо-Кавказский,СТО,Северо-Кавказский
CUST-1460,Комаров Олег,розница,Приволжский
CUST-1461,Новиков Егор,розница,Центральный
CUST-1462,Попов Дмитрий,розница,Сибирский
CUST-1463,Попов Артём,розница,Центральный
CUST-1464,Орлов Артём,розница,Центральный
CUST-1465,Кузнецов Роман,розница,Приволжский
CUST-1466,СТО «Подъёмник» Уральский,СТО,Уральский
CUST-1467,Кузьмин Иван,розница,Южный
CUST-1468,СТО «Трасса» Центральный,СТО,Центральный
CUST-1469,Морозов Олег,розница,Южный
CUST-1470,Иванов Сергей,розница,Центральный
CUST-1471,Орлов Павел,розница,Центральный
CUST-1472,Алексеев Максим,розница,Приволжский
CUST-1473,ООО «ЗапчастьОпт»,опт,Центральный
CUST-1474,СТО «Север» Сибирский,СТО,Сибирский
CUST-1475,СТО «Ключ» Приволжский,СТО,Приволжский
CUST-1476,Семёнов Артём,розница,Северо-Западный
CUST-1477,Орлов Артём,розница,Дальневосточный
CUST-1478,Киселёв Максим,розница,Центральный
CUST-1479,Титов Иван,розница,Центральный
CUST-1480,Титов Иван,розница,Северо-Западный
CUST-1481,СТО «Север» Сибирский,СТО,Сибирский
CUST-1482,Ильин Роман,розница,Приволжский
CUST-1483,Ковалёв Олег,розница,Центральный
CUST-1484,СТО «Двигатель» Южный,СТО,Южный
CUST-1485,Виноградов Дмитрий,розница,Центральный
CUST-1486,Семёнов Роман,розница,Северо-Западный
CUST-1487,Кузьмин Максим,розница,Северо-Западный
CUST-1488,Голубев Иван,розница,Центральный
CUST-1489,СТО «Бокс» Центральный,СТО,Центральный
CUST-1490,Волков Егор,розница,Уральский
CUST-1491,Богданов Сергей,розница,Северо-Западный
CUST-1492,СТО «Гараж 24» Дальневосточный,СТО,Дальневосточный
CUST-1493,Голубев Игорь,розница,Южный
CUST-1494,Павлов Андрей,розница,Центральный
CUST-1495,Тарасов Сергей,розница,Центральный
CUST-1496,Попов Олег,розница,Уральский
CUST-1497,СТО «Ключ» Дальневосточный,СТО,Дальневосточный
CUST-1498,СТО «Форсаж» Центральный,СТО,Центральный
CUST-1499,Михайлов Егор,розница,Сибирский
CUST-1500,СТО «Двигатель» Сибирский,СТО,Сибирский
CUST-1501,Титов Иван,розница,Центральный
CUST-1502,ООО «РегионДеталь»,опт,Северо-Западный
CUST-1503,Ильин Максим,розница,Центральный
CUST-1504,Орлов Денис,розница,Центральный
CUST-1505,Ковалёв Дмитрий,розница,Приволжский
CUST-1506,Михайлов Игорь,розница,Приволжский
CUST-1507,СТО «Гараж 24» Центральный,СТО,Центральный
CUST-1508,Михайлов Павел,розница,Северо-Западный
CUST-1509,Волков Максим,розница,Приволжский
CUST-1510,Ильин Артём,розница,Центральный
CUST-1511,Гусев Никита,розница,Северо-Западный
CUST-1512,СТО «Мастер» Центральный,СТО,Центральный
CUST-1513,Богданов Егор,розница,Северо-Западный
CUST-1514,Семёнов Денис,розница,Центральный
CUST-1515,Голубев Максим,розница,Центральный
CUST-1516,Алексеев Сергей,розница,Южный
CUST-1517,ООО «РегионДеталь»,опт,Уральский
CUST-1518,Волков Никита,розница,Южный
CUST-1519,СТО «Трасса» Южный,СТО,Южный
CUST-1520,Гусев Иван,розница,Южный
CUST-1521,СТО «Форсаж» Центральный,СТО,Центральный
CUST-1522,СТО «Питон» Северо-Западный,СТО,Северо-Западный
CUST-1523,Ильин Денис,розница,Центральный
CUST-1524,Беляев Иван,розница,Приволжский
CUST-1525,СТО «Трасса» Северо-Западный,СТО,Северо-Западный
CUST-1526,Тарасов Алексей,розница,Сибирский
CUST-1527,Алексеев Артём,розница,Северо-Западный
CUST-1528,СТО «Трасса» Северо-Кавказский,СТО,Северо-Кавказский
CUST-1529,ООО «ДрайвТрейд»,опт,Центральный
CUST-1530,СТО «Трасса» Северо-Западный,СТО,Северо-Западный
CUST-1531,ООО «АльянсАвто»,опт,Южный
CUST-1532,Воробьёв Егор,розница,Сибирский
CUST-1533,Морозов Олег,розница,Приволжский
CUST-1534,Киселёв Олег,розница,Уральский
CUST-1535,Смирнов Дмитрий,розница,Приволжский
CUST-1536,Михайлов Павел,розница,Центральный
CUST-1537,ООО «ДрайвТрейд»,опт,Приволжский
CUST-1538,Богданов Кирилл,розница,Приволжский
CUST-1539,Кузьмин Егор,розница,Южный
CUST-1540,Петров Сергей,розница,Северо-Западный
CUST-1541,СТО «Север» Приволжский,СТО,Приволжский
CUST-1542,СТО «Бокс» Дальневосточный,СТО,Дальневосточный
CUST-1543,Орлов Дмитрий,розница,Центральный
CUST-1544,СТО «Трасса» Центральный,СТО,Центральный
CUST-1545,ООО «СервисПартс»,опт,Центральный
CUST-1546,Соколов Иван,розница,Южный
CUST-1547,Комаров Иван,розница,Приволжский
CUST-1548,ООО «ДрайвТрейд»,опт,Центральный
CUST-1549,Козлов Максим,розница,Южный
CUST-1550,Сидоров Олег,розница,Сибирский
CUST-1551,Ильин Егор,розница,Северо-Западный
CUST-1552,СТО «Север» Дальневосточный,СТО,Дальневосточный
CUST-1553,Волков Артём,розница,Южный
CUST-1554,СТО «Бокс» Приволжский,СТО,Приволжский
CUST-1555,СТО «Поршень» Приволжский,СТО,Приволжский
CUST-1556,СТО «Трасса» Южный,СТО,Южный
CUST-1557,Ильин Максим,розница,Северо-Западный
CUST-1558,Андреев Иван,розница,Центральный
CUST-1559,Новиков Иван,розница,Северо-Западный
CUST-1560,СТО «Двигатель» Центральный,СТО,Центральный
CUST-1561,Тарасов Иван,розница,Уральский
CUST-1562,Гусев Роман,розница,Южный
CUST-1563,Макаров Роман,розница,Южный
CUST-1564,Иванов Максим,розница,Северо-Западный
CUST-1565,Макаров Никита,розница,Северо-Западный
CUST-1566,ООО «СервисПартс»,опт,Центральный
CUST-1567,Виноградов Дмитрий,розница,Уральский
CUST-1568,Кузьмин Роман,розница,Южный
CUST-1569,СТО «Мастер» Уральский,СТО,Уральский
CUST-1570,Воробьёв Олег,розница,Приволжский
CUST-1571,Киселёв Андрей,розница,Приволжский
CUST-1572,Козлов Иван,розница,Сибирский
CUST-1573,Андреев Иван,розница,Центральный
CUST-1574,СТО «Гараж 24» Приволжский,СТО,Приволжский
CUST-1575,Кузнецов Максим,розница,Северо-Западный
CUST-1576,Воробьёв Иван,розница,Центральный
CUST-1577,Иванов Андрей,розница,Центральный
CUST-1578,Гусев Андрей,розница,Центральный
CUST-1579,Гусев Павел,розница,Северо-Западный
CUST-1580,Беляев Дмитрий,розница,Южный
CUST-1581,Кузнецов Иван,розница,Сибирский
CUST-1582,Ильин Сергей,розница,Уральский
CUST-1583,Комаров Денис,розница,Центральный
CUST-1584,ООО «ТехПоставка»,опт,Центральный
CUST-1585,Голубев Игорь,розница,Северо-Западный
CUST-1586,Ковалёв Игорь,розница,Дальневосточный
CUST-1587,СТО «Ресурс» Уральский,СТО,Уральский
CUST-1588,СТО «Поршень» Дальневосточный,СТО,Дальневосточный
CUST-1589,Михайлов Сергей,розница,Приволжский
CUST-1590,Кузьмин Дмитрий,розница,Приволжский
CUST-1591,СТО «Север» Центральный,СТО,Центральный
CUST-1592,Павлов Дмитрий,розница,Центральный
CUST-1593,Михайлов Алексей,розница,Центральный
CUST-1594,Лебедев Никита,розница,Центральный
CUST-1595,Сидоров Артём,розница,Уральский
CUST-1596,СТО «Бокс» Уральский,СТО,Уральский
CUST-1597,Попов Андрей,розница,Приволжский
CUST-1598,Беляев Кирилл,розница,Центральный
CUST-1599,ООО «АвтоСнаб»,опт,Дальневосточный
CUST-1600,СТО «Питон» Центральный,СТО,Центральный
CUST-1601,Козлов Егор,розница,Приволжский
CUST-1602,СТО «Мастер» Центральный,СТО,Центральный
CUST-1603,Андреев Игорь,розница,Приволжский
CUST-1604,СТО «Поршень» Центральный,СТО,Центральный
CUST-1605,Виноградов Кирилл,розница,Северо-Западный
CUST-1606,ООО «АльянсАвто»,опт,Центральный
CUST-1607,СТО «Бокс» Северо-Кавказский,СТО,Северо-Кавказский
CUST-1608,СТО «Питон» Южный,СТО,Южный
CUST-1609,Ковалёв Иван,розница,Южный
CUST-1610,СТО «Двигатель» Сибирский,СТО,Сибирский
CUST-1611,Кузьмин Сергей,розница,Северо-Кавказский
CUST-1612,Белов Егор,розница,Южный
CUST-1613,СТО «Трасса» Центральный,СТО,Центральный
CUST-1614,Петров Артём,розница,Северо-Западный
CUST-1615,ООО «ТехПоставка»,опт,Сибирский
CUST-1616,Комаров Андрей,розница,Северо-Западный
CUST-1617,СТО «Мастер» Южный,СТО,Южный
CUST-1618,СТО «Север» Северо-Кавказский,СТО,Северо-Кавказский
CUST-1619,СТО «Колесо» Северо-Западный,СТО,Северо-Западный
CUST-1620,СТО «Ресурс» Центральный,СТО,Центральный
CUST-1621,Волков Денис,розница,Центральный
CUST-1622,Гусев Андрей,розница,Центральный
CUST-1623,СТО «Ресурс» Центральный,СТО,Центральный
CUST-1624,СТО «Подъёмник» Сибирский,СТО,Сибирский
CUST-1625,СТО «Ключ» Южный,СТО,Южный
CUST-1626,Семёнов Артём,розница,Центральный
CUST-1627,Павлов Олег,розница,Приволжский
CUST-1628,Ковалёв Роман,розница,Южный
CUST-1629,Киселёв Денис,розница,Приволжский
CUST-1630,ООО «АвтоСнаб»,опт,Северо-Западный
CUST-1631,Кузьмин Алексей,розница,Уральский
CUST-1632,Смирнов Андрей,розница,Приволжский
CUST-1633,Соколов Игорь,розница,Дальневосточный
CUST-1634,Алексеев Андрей,розница,Центральный
CUST-1635,Волков Максим,розница,Южный
CUST-1636,Соколов Роман,розница,Уральский
CUST-1637,Ковалёв Игорь,розница,Приволжский
CUST-1638,Морозов Роман,розница,Приволжский
CUST-1639,Титов Павел,розница,Центральный
CUST-1640,СТО «Ключ» Приволжский,СТО,Приволжский
CUST-1641,Михайлов Максим,розница,Южный
CUST-1642,Белов Никита,розница,Дальневосточный
CUST-1643,Михайлов Артём,розница,Уральский
CUST-1644,СТО «Гараж 24» Центральный,СТО,Центральный
CUST-1645,СТО «Бокс» Северо-Западный,СТО,Северо-Западный
CUST-1646,Андреев Никита,розница,Центральный
CUST-1647,Воробьёв Артём,розница,Центральный
CUST-1648,Фёдоров Алексей,розница,Центральный
CUST-1649,Павлов Денис,розница,Северо-Западный
CUST-1650,ООО «ДрайвТрейд»,опт,Северо-Западный
CUST-1651,СТО «Трасса» Сибирский,СТО,Сибирский
CUST-1652,СТО «Питон» Северо-Кавказский,СТО,Северо-Кавказский
CUST-1653,Тарасов Сергей,розница,Центральный
CUST-1654,Голубев Андрей,розница,Центральный
CUST-1655,Попов Артём,розница,Центральный
CUST-1656,Смирнов Игорь,розница,Северо-Западный
CUST-1657,СТО «Питон» Северо-Западный,СТО,Северо-Западный
CUST-1658,СТО «Бокс» Южный,СТО,Южный
CUST-1659,Фёдоров Алексей,розница,Северо-Кавказский
CUST-1660,СТО «Поршень» Приволжский,СТО,Приволжский
CUST-1661,Беляев Павел,розница,Центральный
CUST-1662,Киселёв Кирилл,розница,Сибирский
CUST-1663,ООО «ТехПоставка»,опт,Сибирский
CUST-1664,СТО «Форсаж» Уральский,СТО,Уральский
CUST-1665,СТО «Поршень» Приволжский,СТО,Приволжский
CUST-1666,СТО «Форсаж» Центральный,СТО,Центральный
CUST-1667,СТО «Питон» Северо-Западный,СТО,Северо-Западный
CUST-1668,СТО «Гараж 24» Северо-Западный,СТО,Северо-Западный
CUST-1669,СТО «Бокс» Центральный,СТО,Центральный
CUST-1670,Титов Дмитрий,розница,Дальневосточный
CUST-1671,Орлов Сергей,розница,Центральный
CUST-1672,Ильин Артём,розница,Центральный
CUST-1673,СТО «Поршень» Приволжский,СТО,Приволжский
CUST-1674,Титов Никита,розница,Центральный
CUST-1675,Козлов Егор,розница,Уральский
CUST-1676,СТО «Поршень» Северо-Кавказский,СТО,Северо-Кавказский
CUST-1677,Кузьмин Андрей,розница,Приволжский
CUST-1678,Макаров Павел,розница,Центральный
CUST-1679,СТО «Мотор» Приволжский,СТО,Приволжский
CUST-1680,Макаров Павел,розница,Центральный
CUST-1681,Тарасов Артём,розница,Северо-Западный
CUST-1682,ООО «ДрайвТрейд»,опт,Приволжский
CUST-1683,Андреев Артём,розница,Центральный
CUST-1684,Семёнов Андрей,розница,Центральный
CUST-1685,Попов Дмитрий,розница,Приволжский
CUST-1686,Новиков Денис,розница,Приволжский
CUST-1687,Иванов Павел,розница,Уральский
CUST-1688,Фёдоров Егор,розница,Приволжский
CUST-1689,Павлов Игорь,розница,Южный
CUST-1690,Кузьмин Роман,розница,Южный
CUST-1691,СТО «Ключ» Центральный,СТО,Центральный
CUST-1692,Петров Никита,розница,Приволжский
CUST-1693,СТО «Трасса» Приволжский,СТО,Приволжский
CUST-1694,Кузнецов Иван,розница,Центральный
CUST-1695,СТО «Ключ» Центральный,СТО,Центральный
CUST-1696,Иванов Дмитрий,розница,Центральный
CUST-1697,Белов Денис,розница,Северо-Западный
CUST-1698,Комаров Андрей,розница,Центральный
CUST-1699,СТО «Бокс» Дальневосточный,СТО,Дальневосточный
CUST-1700,Гусев Денис,розница,Центральный
CUST-1701,Волков Андрей,розница,Приволжский
CUST-1702,Петров Алексей,розница,Южный
CUST-1703,СТО «Север» Центральный,СТО,Центральный
CUST-1704,Морозов Алексей,розница,Северо-Западный
CUST-1705,Тарасов Олег,розница,Северо-Западный
CUST-1706,СТО «Север» Северо-Западный,СТО,Северо-Западный
CUST-1707,СТО «Север» Уральский,СТО,Уральский
CUST-1708,Богданов Андрей,розница,Сибирский
CUST-1709,Козлов Дмитрий,розница,Центральный
CUST-1710,СТО «Ресурс» Приволжский,СТО,Приволжский
CUST-1711,СТО «Ресурс» Приволжский,СТО,Приволжский
CUST-1712,Новиков Никита,розница,Центральный
CUST-1713,СТО «Колесо» Дальневосточный,СТО,Дальневосточный
CUST-1714,Павлов Олег,розница,Южный
CUST-1715,СТО «Ресурс» Центральный,СТО,Центральный
CUST-1716,Фёдоров Игорь,розница,Уральский
CUST-1717,СТО «Питон» Приволжский,СТО,Приволжский
CUST-1718,ООО «РегионДеталь»,опт,Южный
CUST-1719,СТО «Питон» Приволжский,СТО,Приволжский
CUST-1720,СТО «Трасса» Северо-Западный,СТО,Северо-Западный
CUST-1721,Волков Павел,розница,Дальневосточный
CUST-1722,Петров Роман,розница,Сибирский
CUST-1723,Киселёв Иван,розница,Северо-Западный
CUST-1724,СТО «Бокс» Южный,СТО,Южный
CUST-1725,ООО «ТехПоставка»,опт,Центральный
CUST-1726,Петров Роман,розница,Центральный
CUST-1727,СТО «Север» Дальневосточный,СТО,Дальневосточный
CUST-1728,СТО «Гараж 24» Приволжский,СТО,Приволжский
CUST-1729,Петров Павел,розница,Приволжский
CUST-1730,ООО «АльянсАвто»,опт,Центральный
CUST-1731,СТО «Подъёмник» Центральный,СТО,Центральный
CUST-1732,Волков Денис,розница,Приволжский
CUST-1733,СТО «Питон» Северо-Западный,СТО,Северо-Западный
CUST-1734,Сидоров Никита,розница,Центральный
CUST-1735,Богданов Никита,розница,Уральский
CUST-1736,СТО «Гараж 24» Центральный,СТО,Центральный
CUST-1737,Волков Кирилл,розница,Уральский
CUST-1738,Гусев Игорь,розница,Дальневосточный
CUST-1739,Голубев Никита,розница,Северо-Западный
CUST-1740,Комаров Игорь,розница,Северо-Западный
CUST-1741,СТО «Бокс» Северо-Западный,СТО,Северо-Западный
CUST-1742,СТО «Трасса» Северо-Кавказский,СТО,Северо-Кавказский
CUST-1743,ООО «АвтоСнаб»,опт,Приволжский
CUST-1744,Ковалёв Денис,розница,Южный
CUST-1745,Кузьмин Максим,розница,Сибирский
CUST-1746,ООО «АвтоСнаб»,опт,Северо-Западный
CUST-1747,СТО «Мастер» Северо-Кавказский,СТО,Северо-Кавказский
CUST-1748,Алексеев Иван,розница,Приволжский
CUST-1749,Воробьёв Егор,розница,Южный
CUST-1750,Кузнецов Игорь,розница,Центральный
CUST-1751,Ковалёв Денис,розница,Южный
CUST-1752,Титов Дмитрий,розница,Приволжский
CUST-1753,СТО «Бокс» Центральный,СТО,Центральный
CUST-1754,Киселёв Павел,розница,Южный
CUST-1755,Ковалёв Артём,розница,Южный
CUST-1756,Ковалёв Дмитрий,розница,Сибирский
CUST-1757,СТО «Ресурс» Центральный,СТО,Центральный
CUST-1758,Лебедев Дмитрий,розница,Сибирский
CUST-1759,Белов Дмитрий,розница,Центральный
CUST-1760,Титов Артём,розница,Южный
CUST-1761,Комаров Алексей,розница,Дальневосточный
CUST-1762,Новиков Сергей,розница,Уральский
CUST-1763,Кузнецов Никита,розница,Сибирский
CUST-1764,ООО «АльянсАвто»,опт,Северо-Западный
CUST-1765,Лебедев Кирилл,розница,Центральный
CUST-1766,Иванов Артём,розница,Центральный
CUST-1767,Ковалёв Егор,розница,Уральский
CUST-1768,СТО «Мастер» Сибирский,СТО,Сибирский
CUST-1769,СТО «Гараж 24» Центральный,СТО,Центральный
CUST-1770,СТО «Подъёмник» Центральный,СТО,Центральный
CUST-1771,Попов Артём,розница,Южный
CUST-1772,Богданов Артём,розница,Приволжский
CUST-1773,Кузнецов Сергей,розница,Приволжский
CUST-1774,СТО «Колесо» Центральный,СТО,Центральный
CUST-1775,Фёдоров Павел,розница,Центральный
CUST-1776,Соколов Никита,розница,Сибирский
CUST-1777,Воробьёв Артём,розница,Дальневосточный
CUST-1778,СТО «Ключ» Приволжский,СТО,Приволжский
CUST-1779,СТО «Питон» Северо-Кавказский,СТО,Северо-Кавказский
CUST-1780,ООО «МоторЛайн»,опт,Дальневосточный
CUST-1781,Фёдоров Павел,розница,Сибирский
CUST-1782,Смирнов Роман,розница,Северо-Западный
CUST-1783,СТО «Мотор» Южный,СТО,Южный
CUST-1784,Лебедев Игорь,розница,Северо-Западный
CUST-1785,Кузьмин Никита,розница,Сибирский
CUST-1786,СТО «Гараж 24» Южный,СТО,Южный
CUST-1787,Кузьмин Дмитрий,розница,Приволжский
CUST-1788,СТО «Ключ» Южный,СТО,Южный
CUST-1789,ООО «ДрайвТрейд»,опт,Сибирский
CUST-1790,Виноградов Максим,розница,Южный
CUST-1791,СТО «Колесо» Северо-Кавказский,СТО,Северо-Кавказский
CUST-1792,СТО «Ключ» Сибирский,СТО,Сибирский
CUST-1793,ООО «АльянсАвто»,опт,Южный
CUST-1794,Семёнов Игорь,розница,Южный
CUST-1795,Иванов Дмитрий,розница,Северо-Западный
CUST-1796,СТО «Мастер» Центральный,СТО,Центральный
CUST-1797,Киселёв Никита,розница,Центральный
CUST-1798,Павлов Алексей,розница,Центральный
CUST-1799,СТО «Север» Приволжский,СТО,Приволжский
CUST-1800,Фёдоров Иван,розница,Центральный
CUST-1801,Иванов Дмитрий,розница,Южный
CUST-1802,Орлов Игорь,розница,Приволжский
CUST-1803,Волков Андрей,розница,Северо-Кавказский
CUST-1804,Ильин Кирилл,розница,Северо-Западный
CUST-1805,Козлов Егор,розница,Южный
CUST-1806,Беляев Егор,розница,Центральный
CUST-1807,Кузнецов Денис,розница,Уральский
CUST-1808,СТО «Бокс» Южный,СТО,Южный
CUST-1809,СТО «Трасса» Приволжский,СТО,Приволжский
CUST-1810,СТО «Ресурс» Центральный,СТО,Центральный
CUST-1811,Смирнов Сергей,розница,Северо-Западный
CUST-1812,Беляев Никита,розница,Центральный
CUST-1813,Комаров Сергей,розница,Приволжский
CUST-1814,ООО «ДрайвТрейд»,опт,Приволжский
CUST-1815,Сидоров Иван,розница,Приволжский
CUST-1816,СТО «Гараж 24» Северо-Западный,СТО,Северо-Западный
CUST-1817,Павлов Максим,розница,Северо-Западный
CUST-1818,Белов Роман,розница,Северо-Западный
CUST-1819,Попов Егор,розница,Центральный
CUST-1820,СТО «Трасса» Южный,СТО,Южный
CUST-1821,Ильин Игорь,розница,Центральный
CUST-1822,Михайлов Сергей,розница,Сибирский
CUST-1823,Кузьмин Олег,розница,Уральский
CUST-1824,Сидоров Егор,розница,Дальневосточный
CUST-1825,СТО «Мотор» Северо-Западный,СТО,Северо-Западный
CUST-1826,Попов Павел,розница,Центральный
CUST-1827,Соколов Максим,розница,Южный
CUST-1828,ООО «ДрайвТрейд»,опт,Уральский
CUST-1829,ООО «ДрайвТрейд»,опт,Центральный
CUST-1830,Михайлов Андрей,розница,Приволжский
CUST-1831,Михайлов Роман,розница,Центральный
CUST-1832,Богданов Сергей,розница,Южный
CUST-1833,Иванов Артём,розница,Центральный
CUST-1834,Павлов Максим,розница,Северо-Кавказский
CUST-1835,Богданов Сергей,розница,Северо-Западный
CUST-1836,Голубев Сергей,розница,Дальневосточный
CUST-1837,СТО «Колесо» Центральный,СТО,Центральный
CUST-1838,Козлов Алексей,розница,Южный
CUST-1839,СТО «Форсаж» Южный,СТО,Южный
CUST-1840,Попов Никита,розница,Центральный
CUST-1841,ООО «АльянсАвто»,опт,Северо-Западный
CUST-1842,Беляев Денис,розница,Приволжский
CUST-1843,ООО «ЗапчастьОпт»,опт,Центральный
CUST-1844,ООО «АльянсАвто»,опт,Дальневосточный
CUST-1845,Ковалёв Дмитрий,розница,Северо-Кавказский
CUST-1846,СТО «Ресурс» Южный,СТО,Южный
CUST-1847,Ильин Андрей,розница,Приволжский
CUST-1848,Виноградов Кирилл,розница,Дальневосточный
CUST-1849,Беляев Роман,розница,Северо-Западный
CUST-1850,Ковалёв Егор,розница,Сибирский
CUST-1851,СТО «Мотор» Центральный,СТО,Центральный
CUST-1852,Морозов Иван,розница,Северо-Западный
CUST-1853,СТО «Ключ» Уральский,СТО,Уральский
CUST-1854,Орлов Денис,розница,Центральный
CUST-1855,Михайлов Максим,розница,Приволжский
CUST-1856,Ковалёв Никита,розница,Приволжский
CUST-1857,Голубев Максим,розница,Приволжский
CUST-1858,СТО «Поршень» Центральный,СТО,Центральный
CUST-1859,Макаров Роман,розница,Центральный
CUST-1860,СТО «Мастер» Дальневосточный,СТО,Дальневосточный
CUST-1861,СТО «Гараж 24» Северо-Западный,СТО,Северо-Западный
CUST-1862,СТО «Мотор» Центральный,СТО,Центральный
CUST-1863,ООО «АльянсАвто»,опт,Приволжский
CUST-1864,СТО «Подъёмник» Центральный,СТО,Центральный
CUST-1865,Андреев Сергей,розница,Северо-Западный
CUST-1866,Смирнов Артём,розница,Северо-Западный
CUST-1867,СТО «Мастер» Центральный,СТО,Центральный
CUST-1868,Гусев Олег,розница,Уральский
CUST-1869,Павлов Денис,розница,Приволжский
CUST-1870,СТО «Мастер» Центральный,СТО,Центральный
CUST-1871,Новиков Олег,розница,Приволжский
CUST-1872,СТО «Север» Центральный,СТО,Центральный
CUST-1873,СТО «Подъёмник» Северо-Западный,СТО,Северо-Западный
CUST-1874,СТО «Колесо» Центральный,СТО,Центральный
CUST-1875,СТО «Север» Северо-Западный,СТО,Северо-Западный
CUST-1876,Тарасов Дмитрий,розница,Сибирский
CUST-1877,СТО «Трасса» Приволжский,СТО,Приволжский
CUST-1878,Воробьёв Алексей,розница,Северо-Западный
CUST-1879,СТО «Форсаж» Северо-Западный,СТО,Северо-Западный
CUST-1880,СТО «Двигатель» Центральный,СТО,Центральный
CUST-1881,Воробьёв Денис,розница,Дальневосточный
CUST-1882,Орлов Олег,розница,Центральный
CUST-1883,Орлов Никита,розница,Северо-Западный
CUST-1884,Волков Егор,розница,Южный
CUST-1885,СТО «Поршень» Центральный,СТО,Центральный
CUST-1886,Киселёв Сергей,розница,Сибирский
CUST-1887,СТО «Питон» Центральный,СТО,Центральный
CUST-1888,Петров Сергей,розница,Центральный
CUST-1889,СТО «Ресурс» Приволжский,СТО,Приволжский
CUST-1890,Попов Сергей,розница,Южный
CUST-1891,Ковалёв Кирилл,розница,Приволжский
CUST-1892,СТО «Поршень» Уральский,СТО,Уральский
CUST-1893,Титов Никита,розница,Приволжский
CUST-1894,Комаров Павел,розница,Северо-Кавказский
CUST-1895,Иванов Артём,розница,Центральный
CUST-1896,ООО «ТехПоставка»,опт,Южный
CUST-1897,Киселёв Кирилл,розница,Приволжский
CUST-1898,Сидоров Алексей,розница,Южный
CUST-1899,ООО «МоторЛайн»,опт,Северо-Кавказский
CUST-1900,СТО «Бокс» Центральный,СТО,Центральный
CUST-1901,ООО «ДрайвТрейд»,опт,Центральный
CUST-1902,Кузьмин Кирилл,розница,Южный
CUST-1903,Ильин Олег,розница,Приволжский
CUST-1904,СТО «Мотор» Приволжский,СТО,Приволжский
CUST-1905,СТО «Мастер» Приволжский,СТО,Приволжский
CUST-1906,СТО «Форсаж» Приволжский,СТО,Приволжский
CUST-1907,СТО «Мастер» Сибирский,СТО,Сибирский
CUST-1908,Титов Кирилл,розница,Центральный
CUST-1909,ООО «МоторЛайн»,опт,Южный
CUST-1910,Воробьёв Сергей,розница,Северо-Западный
CUST-1911,СТО «Бокс» Центральный,СТО,Центральный
CUST-1912,СТО «Север» Северо-Западный,СТО,Северо-Западный
CUST-1913,СТО «Ключ» Центральный,СТО,Центральный
CUST-1914,Воробьёв Роман,розница,Центральный
CUST-1915,Воробьёв Егор,розница,Приволжский
CUST-1916,СТО «Мотор» Центральный,СТО,Центральный
CUST-1917,Виноградов Сергей,розница,Сибирский
CUST-1918,Виноградов Алексей,розница,Приволжский
CUST-1919,СТО «Питон» Приволжский,СТО,Приволжский
CUST-1920,ООО «РегионДеталь»,опт,Сибирский
CUST-1921,Волков Иван,розница,Приволжский
CUST-1922,Гусев Сергей,розница,Уральский
CUST-1923,Беляев Дмитрий,розница,Уральский
CUST-1924,СТО «Двигатель» Дальневосточный,СТО,Дальневосточный
CUST-1925,СТО «Мастер» Центральный,СТО,Центральный
CUST-1926,ООО «СервисПартс»,опт,Дальневосточный
CUST-1927,Морозов Андрей,розница,Центральный
CUST-1928,Кузнецов Олег,розница,Северо-Кавказский
CUST-1929,Кузнецов Сергей,розница,Центральный
CUST-1930,СТО «Север» Южный,СТО,Южный
CUST-1931,ООО «ТехПоставка»,опт,Южный
CUST-1932,ООО «СервисПартс»,опт,Северо-Западный
CUST-1933,Кузьмин Денис,розница,Южный
CUST-1934,Андреев Никита,розница,Южный
CUST-1935,СТО «Ресурс» Приволжский,СТО,Приволжский
CUST-1936,Тарасов Денис,розница,Дальневосточный
CUST-1937,СТО «Двигатель» Южный,СТО,Южный
CUST-1938,Богданов Роман,розница,Центральный
CUST-1939,СТО «Ключ» Центральный,СТО,Центральный
CUST-1940,ООО «ТехПоставка»,опт,Северо-Западный
CUST-1941,СТО «Мастер» Приволжский,СТО,Приволжский
CUST-1942,Волков Павел,розница,Центральный
CUST-1943,СТО «Форсаж» Южный,СТО,Южный
CUST-1944,Киселёв Дмитрий,розница,Уральский
CUST-1945,СТО «Подъёмник» Южный,СТО,Южный
CUST-1946,ООО «ДрайвТрейд»,опт,Северо-Западный
CUST-1947,Петров Артём,розница,Центральный
CUST-1948,СТО «Ресурс» Центральный,СТО,Центральный
CUST-1949,Лебедев Игорь,розница,Сибирский
CUST-1950,Козлов Никита,розница,Дальневосточный
CUST-1951,СТО «Ключ» Приволжский,СТО,Приволжский
CUST-1952,Лебедев Игорь,розница,Уральский
CUST-1953,Ковалёв Олег,розница,Центральный
CUST-1954,СТО «Подъёмник» Сибирский,СТО,Сибирский
CUST-1955,Макаров Игорь,розница,Сибирский
CUST-1956,ООО «МоторЛайн»,опт,Сибирский
CUST-1957,ООО «ЗапчастьОпт»,опт,Центральный
CUST-1958,Комаров Никита,розница,Центральный
CUST-1959,Виноградов Денис,розница,Северо-Западный
CUST-1960,Смирнов Егор,розница,Центральный
CUST-1961,Орлов Сергей,розница,Дальневосточный
CUST-1962,Новиков Максим,розница,Приволжский
CUST-1963,Соколов Кирилл,розница,Уральский
CUST-1964,Соколов Алексей,розница,Южный
CUST-1965,СТО «Бокс» Центральный,СТО,Центральный
CUST-1966,Петров Кирилл,розница,Центральный
CUST-1967,СТО «Ресурс» Южный,СТО,Южный
CUST-1968,Комаров Иван,розница,Центральный
CUST-1969,Орлов Артём,розница,Центральный
CUST-1970,ООО «АльянсАвто»,опт,Центральный
CUST-1971,Смирнов Максим,розница,Южный
CUST-1972,Ильин Дмитрий,розница,Центральный
CUST-1973,Беляев Олег,розница,Северо-Кавказский
CUST-1974,Попов Павел,розница,Северо-Западный
CUST-1975,Попов Денис,розница,Южный
CUST-1976,ООО «ДрайвТрейд»,опт,Южный
CUST-1977,Сидоров Никита,розница,Приволжский
CUST-1978,Комаров Кирилл,розница,Приволжский
CUST-1979,СТО «Колесо» Центральный,СТО,Центральный
CUST-1980,СТО «Подъёмник» Южный,СТО,Южный
CUST-1981,Сидоров Андрей,розница,Приволжский
CUST-1982,СТО «Гараж 24» Центральный,СТО,Центральный
CUST-1983,Фёдоров Егор,розница,Южный
CUST-1984,Петров Алексей,розница,Южный
CUST-1985,Сидоров Никита,розница,Северо-Западный
CUST-1986,СТО «Ресурс» Центральный,СТО,Центральный
CUST-1987,СТО «Двигатель» Южный,СТО,Южный
CUST-1988,Семёнов Кирилл,розница,Сибирский
CUST-1989,ООО «РегионДеталь»,опт,Центральный
CUST-1990,Ильин Кирилл,розница,Южный
CUST-1991,Голубев Игорь,розница,Сибирский
CUST-1992,Волков Олег,розница,Приволжский
CUST-1993,Соколов Егор,розница,Центральный
CUST-1994,СТО «Мотор» Приволжский,СТО,Приволжский
CUST-1995,Лебедев Егор,розница,Уральский
CUST-1996,СТО «Гараж 24» Приволжский,СТО,Приволжский
CUST-1997,Макаров Павел,розница,Центральный
CUST-1998,ООО «СервисПартс»,опт,Уральский
CUST-1999,СТО «Ключ» Северо-Западный,СТО,Северо-Западный
CUST-2000,Павлов Роман,розница,Южный
CUST-2001,Беляев Дмитрий,розница,Центральный
CUST-2002,Киселёв Сергей,розница,Центральный
CUST-2003,СТО «Питон» Приволжский,СТО,Приволжский
CUST-2004,СТО «Форсаж» Южный,СТО,Южный
CUST-2005,СТО «Ключ» Центральный,СТО,Центральный
CUST-2006,Петров Кирилл,розница,Северо-Западный
CUST-2007,Иванов Сергей,розница,Южный
CUST-2008,ООО «ДрайвТрейд»,опт,Сибирский
CUST-2009,ООО «АльянсАвто»,опт,Северо-Западный
CUST-2010,Новиков Олег,розница,Приволжский
CUST-2011,Киселёв Андрей,розница,Центральный
CUST-2012,СТО «Бокс» Сибирский,СТО,Сибирский
CUST-2013,Гусев Артём,розница,Центральный
CUST-2014,СТО «Двигатель» Дальневосточный,СТО,Дальневосточный
CUST-2015,Киселёв Алексей,розница,Уральский
CUST-2016,Лебедев Максим,розница,Северо-Кавказский
CUST-2017,СТО «Колесо» Дальневосточный,СТО,Дальневосточный
CUST-2018,СТО «Трасса» Сибирский,СТО,Сибирский
CUST-2019,ООО «ТехПоставка»,опт,Центральный
CUST-2020,Лебедев Роман,розница,Центральный
CUST-2021,СТО «Подъёмник» Центральный,СТО,Центральный
CUST-2022,СТО «Форсаж» Центральный,СТО,Центральный
CUST-2023,Воробьёв Андрей,розница,Центральный
CUST-2024,Ковалёв Алексей,розница,Южный
CUST-2025,Волков Сергей,розница,Центральный
CUST-2026,СТО «Трасса» Уральский,СТО,Уральский
CUST-2027,Андреев Артём,розница,Центральный
CUST-2028,Алексеев Игорь,розница,Приволжский
CUST-2029,Семёнов Роман,розница,Приволжский
CUST-2030,Соколов Андрей,розница,Центральный
CUST-2031,Комаров Кирилл,розница,Приволжский
CUST-2032,СТО «Ключ» Центральный,СТО,Центральный
CUST-2033,Новиков Андрей,розница,Южный
CUST-2034,Волков Никита,розница,Сибирский
CUST-2035,Алексеев Олег,розница,Северо-Западный
CUST-2036,Алексеев Павел,розница,Северо-Западный
CUST-2037,СТО «Ключ» Центральный,СТО,Центральный
CUST-2038,Лебедев Денис,розница,Центральный
CUST-2039,Морозов Роман,розница,Южный
CUST-2040,Морозов Роман,розница,Северо-Западный
CUST-2041,СТО «Питон» Уральский,СТО,Уральский
CUST-2042,СТО «Двигатель» Северо-Кавказский,СТО,Северо-Кавказский
CUST-2043,Кузьмин Егор,розница,Центральный
CUST-2044,Ильин Денис,розница,Сибирский
CUST-2045,Макаров Игорь,розница,Южный
CUST-2046,Михайлов Никита,розница,Сибирский
CUST-2047,СТО «Питон» Северо-Кавказский,СТО,Северо-Кавказский
CUST-2048,Киселёв Алексей,розница,Сибирский
CUST-2049,СТО «Бокс» Центральный,СТО,Центральный
CUST-2050,Макаров Максим,розница,Уральский
CUST-2051,СТО «Двигатель» Северо-Западный,СТО,Северо-Западный
CUST-2052,СТО «Гараж 24» Центральный,СТО,Центральный
CUST-2053,ООО «АвтоСнаб»,опт,Центральный
CUST-2054,Павлов Сергей,розница,Приволжский
CUST-2055,Попов Алексей,розница,Северо-Западный
CUST-2056,Морозов Игорь,розница,Южный
CUST-2057,СТО «Бокс» Южный,СТО,Южный
CUST-2058,Ковалёв Роман,розница,Приволжский
CUST-2059,ООО «СервисПартс»,опт,Центральный
CUST-2060,Ковалёв Игорь,розница,Центральный
CUST-2061,СТО «Мотор» Приволжский,СТО,Приволжский
CUST-2062,СТО «Колесо» Северо-Западный,СТО,Северо-Западный
CUST-2063,Макаров Роман,розница,Южный
CUST-2064,СТО «Трасса» Центральный,СТО,Центральный
CUST-2065,Попов Артём,розница,Северо-Кавказский
CUST-2066,ООО «АвтоСнаб»,опт,Сибирский
CUST-2067,СТО «Колесо» Южный,СТО,Южный
CUST-2068,Комаров Павел,розница,Сибирский
CUST-2069,Белов Павел,розница,Южный
CUST-2070,СТО «Бокс» Центральный,СТО,Центральный
CUST-2071,ООО «ТехПоставка»,опт,Центральный
CUST-2072,Голубев Максим,розница,Центральный
CUST-2073,СТО «Бокс» Центральный,СТО,Центральный
CUST-2074,СТО «Двигатель» Дальневосточный,СТО,Дальневосточный
CUST-2075,Семёнов Павел,розница,Дальневосточный
CUST-2076,Титов Олег,розница,Северо-Западный
CUST-2077,Смирнов Павел,розница,Южный
CUST-2078,СТО «Трасса» Северо-Западный,СТО,Северо-Западный
CUST-2079,Ильин Игорь,розница,Южный
CUST-2080,СТО «Север» Южный,СТО,Южный
CUST-2081,Смирнов Андрей,розница,Южный
CUST-2082,Попов Дмитрий,розница,Сибирский
CUST-2083,Воробьёв Дмитрий,розница,Северо-Западный
CUST-2084,Лебедев Игорь,розница,Центральный
CUST-2085,Павлов Максим,розница,Центральный
CUST-2086,Воробьёв Никита,розница,Дальневосточный
CUST-2087,СТО «Питон» Дальневосточный,СТО,Дальневосточный
CUST-2088,Андреев Игорь,розница,Южный
CUST-2089,Алексеев Дмитрий,розница,Приволжский
CUST-2090,Кузьмин Олег,розница,Центральный
CUST-2091,СТО «Колесо» Северо-Западный,СТО,Северо-Западный
CUST-2092,Гусев Артём,розница,Приволжский
CUST-2093,СТО «Двигатель» Приволжский,СТО,Приволжский
CUST-2094,Фёдоров Артём,розница,Южный
CUST-2095,Морозов Роман,розница,Центральный
CUST-2096,СТО «Колесо» Центральный,СТО,Центральный
CUST-2097,ООО «АвтоСнаб»,опт,Дальневосточный
CUST-2098,Ковалёв Сергей,розница,Центральный
CUST-2099,Воробьёв Сергей,розница,Приволжский
CUST-2100,ООО «РегионДеталь»,опт,Дальневосточный
CUST-2101,Сидоров Павел,розница,Центральный
CUST-2102,Виноградов Павел,розница,Северо-Кавказский
CUST-2103,СТО «Бокс» Центральный,СТО,Центральный
CUST-2104,Тарасов Сергей,розница,Центральный
CUST-2105,СТО «Питон» Северо-Западный,СТО,Северо-Западный
CUST-2106,Петров Никита,розница,Южный
CUST-2107,ООО «РегионДеталь»,опт,Сибирский
CUST-2108,Новиков Алексей,розница,Дальневосточный
CUST-2109,СТО «Трасса» Дальневосточный,СТО,Дальневосточный
CUST-2110,ООО «ДрайвТрейд»,опт,Северо-Западный
CUST-2111,Новиков Роман,розница,Южный
CUST-2112,Беляев Игорь,розница,Северо-Кавказский
CUST-2113,СТО «Форсаж» Центральный,СТО,Центральный
CUST-2114,СТО «Мотор» Центральный,СТО,Центральный
CUST-2115,Семёнов Егор,розница,Северо-Западный
CUST-2116,Кузнецов Артём,розница,Северо-Западный
CUST-2117,СТО «Трасса» Приволжский,СТО,Приволжский
CUST-2118,ООО «ДрайвТрейд»,опт,Центральный
CUST-2119,Андреев Олег,розница,Центральный
CUST-2120,Титов Никита,розница,Приволжский
CUST-2121,Титов Алексей,розница,Центральный
CUST-2122,Орлов Сергей,розница,Сибирский
CUST-2123,Белов Никита,розница,Приволжский
CUST-2124,Тарасов Павел,розница,Северо-Западный
CUST-2125,Попов Андрей,розница,Северо-Западный
CUST-2126,Киселёв Роман,розница,Приволжский
CUST-2127,Макаров Игорь,розница,Южный
CUST-2128,Попов Сергей,розница,Сибирский
CUST-2129,СТО «Двигатель» Центральный,СТО,Центральный
CUST-2130,Смирнов Кирилл,розница,Южный
CUST-2131,ООО «СервисПартс»,опт,Дальневосточный
CUST-2132,Богданов Никита,розница,Центральный
CUST-2133,Козлов Андрей,розница,Центральный
CUST-2134,Воробьёв Максим,розница,Центральный
CUST-2135,Фёдоров Егор,розница,Южный
CUST-2136,Семёнов Алексей,розница,Северо-Кавказский
CUST-2137,Виноградов Иван,розница,Уральский
CUST-2138,СТО «Подъёмник» Дальневосточный,СТО,Дальневосточный
CUST-2139,СТО «Север» Центральный,СТО,Центральный
CUST-2140,СТО «Бокс» Северо-Западный,СТО,Северо-Западный
CUST-2141,Лебедев Роман,розница,Приволжский
CUST-2142,Белов Артём,розница,Центральный
CUST-2143,Виноградов Олег,розница,Южный
CUST-2144,СТО «Двигатель» Приволжский,СТО,Приволжский
CUST-2145,СТО «Бокс» Центральный,СТО,Центральный
CUST-2146,Морозов Артём,розница,Северо-Кавказский
CUST-2147,Ковалёв Кирилл,розница,Центральный
CUST-2148,Морозов Алексей,розница,Приволжский
CUST-2149,Тарасов Алексей,розница,Центральный
CUST-2150,СТО «Ресурс» Северо-Западный,СТО,Северо-Западный
CUST-2151,СТО «Гараж 24» Сибирский,СТО,Сибирский
CUST-2152,Соколов Артём,розница,Уральский
CUST-2153,СТО «Колесо» Уральский,СТО,Уральский
CUST-2154,СТО «Мастер» Сибирский,СТО,Сибирский
CUST-2155,СТО «Бокс» Северо-Западный,СТО,Северо-Западный
CUST-2156,Тарасов Денис,розница,Приволжский
CUST-2157,Кузьмин Иван,розница,Центральный
CUST-2158,СТО «Поршень» Северо-Западный,СТО,Северо-Западный
CUST-2159,Соколов Андрей,розница,Северо-Западный
CUST-2160,Алексеев Роман,розница,Центральный
CUST-2161,СТО «Бокс» Сибирский,СТО,Сибирский
CUST-2162,СТО «Двигатель» Уральский,СТО,Уральский
CUST-2163,СТО «Бокс» Южный,СТО,Южный
CUST-2164,Киселёв Егор,розница,Уральский
CUST-2165,Козлов Кирилл,розница,Сибирский
CUST-2166,Фёдоров Игорь,розница,Центральный
CUST-2167,Кузьмин Роман,розница,Северо-Западный
CUST-2168,Фёдоров Алексей,розница,Дальневосточный
CUST-2169,Семёнов Сергей,розница,Приволжский
CUST-2170,Семёнов Иван,розница,Сибирский
CUST-2171,Попов Никита,розница,Центральный
CUST-2172,Смирнов Алексей,розница,Приволжский
CUST-2173,ООО «СервисПартс»,опт,Уральский
CUST-2174,Сидоров Роман,розница,Центральный
CUST-2175,СТО «Форсаж» Приволжский,СТО,Приволжский
CUST-2176,Сидоров Дмитрий,розница,Южный
CUST-2177,Соколов Роман,розница,Северо-Западный
CUST-2178,СТО «Гараж 24» Центральный,СТО,Центральный
CUST-2179,Волков Олег,розница,Приволжский
CUST-2180,Новиков Денис,розница,Северо-Западный
CUST-2181,Тарасов Павел,розница,Приволжский
CUST-2182,СТО «Мастер» Центральный,СТО,Центральный
CUST-2183,Титов Артём,розница,Приволжский
CUST-2184,СТО «Мастер» Центральный,СТО,Центральный
CUST-2185,Алексеев Иван,розница,Центральный
CUST-2186,ООО «АвтоСнаб»,опт,Центральный
CUST-2187,Павлов Кирилл,розница,Дальневосточный
CUST-2188,ООО «АльянсАвто»,опт,Южный
CUST-2189,СТО «Питон» Северо-Западный,СТО,Северо-Западный
CUST-2190,Волков Денис,розница,Южный
CUST-2191,Макаров Андрей,розница,Северо-Западный
CUST-2192,Лебедев Роман,розница,Южный
CUST-2193,Ковалёв Дмитрий,розница,Дальневосточный
CUST-2194,СТО «Мастер» Южный,СТО,Южный
CUST-2195,Сидоров Дмитрий,розница,Северо-Западный
CUST-2196,Комаров Иван,розница,Северо-Западный
CUST-2197,ООО «ДрайвТрейд»,опт,Южный
CUST-2198,Семёнов Максим,розница,Приволжский
CUST-2199,Алексеев Денис,розница,Северо-Западный
CUST-2200,СТО «Ресурс» Центральный,СТО,Центральный
CUST-2201,Гусев Олег,розница,Северо-Западный
CUST-2202,Кузьмин Олег,розница,Центральный
CUST-2203,Новиков Никита,розница,Приволжский
CUST-2204,СТО «Мотор» Северо-Западный,СТО,Северо-Западный
CUST-2205,Смирнов Павел,розница,Приволжский
CUST-2206,Алексеев Артём,розница,Дальневосточный
CUST-2207,Лебедев Андрей,розница,Сибирский
CUST-2208,ООО «АльянсАвто»,опт,Сибирский
CUST-2209,ООО «ДрайвТрейд»,опт,Центральный
CUST-2210,СТО «Поршень» Уральский,СТО,Уральский
CUST-2211,СТО «Ключ» Северо-Западный,СТО,Северо-Западный
CUST-2212,СТО «Трасса» Дальневосточный,СТО,Дальневосточный
CUST-2213,ООО «АльянсАвто»,опт,Центральный
CUST-2214,Гусев Егор,розница,Центральный
CUST-2215,Петров Дмитрий,розница,Центральный
CUST-2216,Гусев Олег,розница,Приволжский
CUST-2217,Комаров Артём,розница,Центральный
CUST-2218,Фёдоров Артём,розница,Приволжский
CUST-2219,ООО «ЗапчастьОпт»,опт,Приволжский
CUST-2220,СТО «Мастер» Приволжский,СТО,Приволжский
CUST-2221,Алексеев Иван,розница,Южный
CUST-2222,СТО «Трасса» Приволжский,СТО,Приволжский
CUST-2223,Петров Роман,розница,Центральный
CUST-2224,Лебедев Никита,розница,Центральный
CUST-2225,Андреев Егор,розница,Южный
CUST-2226,Фёдоров Кирилл,розница,Центральный
CUST-2227,СТО «Поршень» Приволжский,СТО,Приволжский
CUST-2228,ООО «СервисПартс»,опт,Центральный
CUST-2229,Гусев Олег,розница,Южный
CUST-2230,СТО «Ключ» Северо-Кавказский,СТО,Северо-Кавказский
CUST-2231,СТО «Двигатель» Южный,СТО,Южный
CUST-2232,Орлов Иван,розница,Центральный
CUST-2233,Тарасов Роман,розница,Южный
CUST-2234,Кузнецов Алексей,розница,Дальневосточный
CUST-2235,Белов Павел,розница,Приволжский
CUST-2236,СТО «Форсаж» Уральский,СТО,Уральский
CUST-2237,СТО «Колесо» Уральский,СТО,Уральский
CUST-2238,Тарасов Павел,розница,Северо-Западный
CUST-2239,Голубев Андрей,розница,Северо-Западный
CUST-2240,Попов Кирилл,розница,Центральный
CUST-2241,Лебедев Павел,розница,Приволжский
CUST-2242,СТО «Колесо» Центральный,СТО,Центральный
CUST-2243,СТО «Двигатель» Центральный,СТО,Центральный
CUST-2244,СТО «Поршень» Южный,СТО,Южный
CUST-2245,СТО «Подъёмник» Центральный,СТО,Центральный
CUST-2246,Комаров Артём,розница,Приволжский
CUST-2247,СТО «Мотор» Северо-Западный,СТО,Северо-Западный
CUST-2248,Павлов Павел,розница,Уральский
CUST-2249,ООО «МоторЛайн»,опт,Южный
CUST-2250,Белов Никита,розница,Центральный
CUST-2251,СТО «Двигатель» Центральный,СТО,Центральный
CUST-2252,Павлов Иван,розница,Дальневосточный
CUST-2253,Орлов Роман,розница,Центральный
CUST-2254,ООО «ЗапчастьОпт»,опт,Центральный
CUST-2255,СТО «Мотор» Приволжский,СТО,Приволжский
CUST-2256,Смирнов Артём,розница,Приволжский
CUST-2257,СТО «Поршень» Уральский,СТО,Уральский
CUST-2258,Фёдоров Максим,розница,Центральный
CUST-2259,Михайлов Андрей,розница,Уральский
CUST-2260,Титов Егор,розница,Северо-Западный
CUST-2261,СТО «Питон» Приволжский,СТО,Приволжский
CUST-2262,СТО «Бокс» Сибирский,СТО,Сибирский
CUST-2263,Гусев Андрей,розница,Южный
CUST-2264,ООО «АльянсАвто»,опт,Приволжский
CUST-2265,СТО «Трасса» Центральный,СТО,Центральный
CUST-2266,ООО «СервисПартс»,опт,Уральский
CUST-2267,ООО «АвтоСнаб»,опт,Сибирский
CUST-2268,Ковалёв Сергей,розница,Южный
CUST-2269,ООО «ДрайвТрейд»,опт,Центральный
CUST-2270,Михайлов Денис,розница,Сибирский
CUST-2271,Павлов Денис,розница,Уральский
CUST-2272,Морозов Иван,розница,Северо-Западный
CUST-2273,Орлов Андрей,розница,Приволжский
CUST-2274,Петров Андрей,розница,Центральный
CUST-2275,Ковалёв Егор,розница,Уральский
CUST-2276,Макаров Олег,розница,Северо-Кавказский
CUST-2277,Морозов Иван,розница,Сибирский
CUST-2278,Богданов Олег,розница,Центральный
CUST-2279,СТО «Двигатель» Северо-Кавказский,СТО,Северо-Кавказский
CUST-2280,ООО «АльянсАвто»,опт,Центральный
CUST-2281,Попов Павел,розница,Уральский
CUST-2282,Киселёв Кирилл,розница,Приволжский
CUST-2283,СТО «Мотор» Северо-Западный,СТО,Северо-Западный
CUST-2284,ООО «РегионДеталь»,опт,Северо-Западный
CUST-2285,СТО «Бокс» Центральный,СТО,Центральный
CUST-2286,Кузьмин Олег,розница,Южный
CUST-2287,ООО «ДрайвТрейд»,опт,Уральский
CUST-2288,Голубев Артём,розница,Южный
CUST-2289,Беляев Денис,розница,Центральный
CUST-2290,Голубев Кирилл,розница,Приволжский
CUST-2291,Соколов Сергей,розница,Южный
CUST-2292,Андреев Никита,розница,Центральный
CUST-2293,СТО «Форсаж» Центральный,СТО,Центральный
CUST-2294,Лебедев Павел,розница,Южный
CUST-2295,СТО «Ресурс» Южный,СТО,Южный
CUST-2296,Новиков Павел,розница,Центральный
CUST-2297,Фёдоров Алексей,розница,Южный
CUST-2298,СТО «Форсаж» Приволжский,СТО,Приволжский
CUST-2299,СТО «Мастер» Сибирский,СТО,Сибирский
CUST-2300,СТО «Мастер» Дальневосточный,СТО,Дальневосточный
CUST-2301,Комаров Иван,розница,Приволжский
CUST-2302,СТО «Колесо» Приволжский,СТО,Приволжский
CUST-2303,СТО «Мотор» Сибирский,СТО,Сибирский
CUST-2304,Андреев Никита,розница,Южный
CUST-2305,Виноградов Иван,розница,Центральный
CUST-2306,ООО «ТехПоставка»,опт,Центральный
CUST-2307,Андреев Олег,розница,Северо-Западный
CUST-2308,ООО «СервисПартс»,опт,Северо-Западный
CUST-2309,Попов Денис,розница,Уральский
CUST-2310,СТО «Подъёмник» Уральский,СТО,Уральский
CUST-2311,Макаров Кирилл,розница,Приволжский
CUST-2312,Морозов Игорь,розница,Сибирский
CUST-2313,Тарасов Никита,розница,Центральный
CUST-2314,СТО «Бокс» Приволжский,СТО,Приволжский
CUST-2315,СТО «Форсаж» Северо-Западный,СТО,Северо-Западный
CUST-2316,СТО «Ресурс» Уральский,СТО,Уральский
CUST-2317,Козлов Алексей,розница,Центральный
CUST-2318,СТО «Север» Северо-Западный,СТО,Северо-Западный
CUST-2319,Лебедев Сергей,розница,Северо-Западный
CUST-2320,ООО «РегионДеталь»,опт,Центральный
CUST-2321,СТО «Поршень» Сибирский,СТО,Сибирский
CUST-2322,Андреев Егор,розница,Уральский
CUST-2323,Виноградов Сергей,розница,Сибирский
CUST-2324,Воробьёв Андрей,розница,Приволжский
CUST-2325,Волков Никита,розница,Центральный
CUST-2326,СТО «Гараж 24» Сибирский,СТО,Сибирский
CUST-2327,Семёнов Кирилл,розница,Центральный
CUST-2328,Алексеев Иван,розница,Центральный
CUST-2329,Кузнецов Никита,розница,Приволжский
CUST-2330,СТО «Север» Приволжский,СТО,Приволжский
CUST-2331,Морозов Артём,розница,Центральный
CUST-2332,ООО «СервисПартс»,опт,Центральный
CUST-2333,Гусев Дмитрий,розница,Уральский
CUST-2334,Алексеев Денис,розница,Центральный
CUST-2335,Воробьёв Игорь,розница,Уральский
CUST-2336,Макаров Денис,розница,Южный
CUST-2337,Воробьёв Игорь,розница,Центральный
CUST-2338,Волков Никита,розница,Приволжский
CUST-2339,Воробьёв Иван,розница,Уральский
CUST-2340,Голубев Павел,розница,Центральный
CUST-2341,СТО «Подъёмник» Приволжский,СТО,Приволжский
CUST-2342,СТО «Питон» Центральный,СТО,Центральный
CUST-2343,СТО «Поршень» Сибирский,СТО,Сибирский
CUST-2344,ООО «СервисПартс»,опт,Приволжский
CUST-2345,ООО «ДрайвТрейд»,опт,Приволжский
CUST-2346,СТО «Форсаж» Центральный,СТО,Центральный
CUST-2347,Ильин Кирилл,розница,Центральный
CUST-2348,СТО «Ресурс» Северо-Западный,СТО,Северо-Западный
CUST-2349,СТО «Бокс» Дальневосточный,СТО,Дальневосточный
CUST-2350,Иванов Иван,розница,Уральский
CUST-2351,Фёдоров Никита,розница,Южный
CUST-2352,Сидоров Артём,розница,Приволжский
CUST-2353,Титов Егор,розница,Центральный
CUST-2354,Козлов Дмитрий,розница,Сибирский
CUST-2355,СТО «Поршень» Северо-Западный,СТО,Северо-Западный
CUST-2356,Михайлов Алексей,розница,Центральный
CUST-2357,СТО «Двигатель» Дальневосточный,СТО,Дальневосточный
CUST-2358,Белов Кирилл,розница,Дальневосточный
CUST-2359,Виноградов Максим,розница,Южный
CUST-2360,Михайлов Игорь,розница,Северо-Западный
CUST-2361,ООО «РегионДеталь»,опт,Дальневосточный
CUST-2362,СТО «Ресурс» Северо-Кавказский,СТО,Северо-Кавказский
CUST-2363,Алексеев Сергей,розница,Уральский
CUST-2364,Сидоров Егор,розница,Центральный
CUST-2365,ООО «АльянсАвто»,опт,Центральный
CUST-2366,СТО «Форсаж» Южный,СТО,Южный
CUST-2367,ООО «АльянсАвто»,опт,Южный
CUST-2368,Новиков Дмитрий,розница,Южный
CUST-2369,Воробьёв Сергей,розница,Северо-Западный
CUST-2370,ООО «ДрайвТрейд»,опт,Уральский
CUST-2371,СТО «Ключ» Северо-Кавказский,СТО,Северо-Кавказский
CUST-2372,Кузьмин Роман,розница,Центральный
CUST-2373,Смирнов Андрей,розница,Северо-Кавказский
CUST-2374,СТО «Мотор» Уральский,СТО,Уральский
CUST-2375,Воробьёв Олег,розница,Сибирский
CUST-2376,Орлов Павел,розница,Дальневосточный
CUST-2377,Михайлов Сергей,розница,Приволжский
CUST-2378,Ильин Егор,розница,Центральный
CUST-2379,Иванов Павел,розница,Приволжский
CUST-2380,СТО «Ключ» Дальневосточный,СТО,Дальневосточный
CUST-2381,Козлов Андрей,розница,Дальневосточный
CUST-2382,СТО «Север» Сибирский,СТО,Сибирский
CUST-2383,Смирнов Максим,розница,Северо-Западный
CUST-2384,Попов Никита,розница,Дальневосточный
CUST-2385,Орлов Дмитрий,розница,Центральный
CUST-2386,Морозов Никита,розница,Центральный
CUST-2387,Новиков Дмитрий,розница,Уральский
CUST-2388,Фёдоров Кирилл,розница,Северо-Западный
CUST-2389,Тарасов Олег,розница,Приволжский
CUST-2390,Титов Андрей,розница,Центральный
CUST-2391,Ильин Иван,розница,Южный
CUST-2392,Попов Роман,розница,Северо-Кавказский
CUST-2393,Волков Никита,розница,Южный
CUST-2394,Сидоров Максим,розница,Приволжский
CUST-2395,Семёнов Олег,розница,Северо-Западный
CUST-2396,Гусев Максим,розница,Приволжский
CUST-2397,СТО «Мотор» Приволжский,СТО,Приволжский
CUST-2398,Попов Кирилл,розница,Северо-Западный
CUST-2399,Новиков Сергей,розница,Уральский
CUST-2400,Голубев Максим,розница,Приволжский
