purchase_id,supplier_id,product_id,product_name,quantity,price_per_unit,total_amount,purchase_date
1,SUP-10,1025,Пружина подвески,256,1984.00,507904.00,2025-07-09
2,SUP-01,1027,Опора амортизатора,260,944.00,245440.00,2025-06-09
3,SUP-03,1053,Жидкость ГУР,29,367.20,10648.80,2025-05-04
4,SUP-10,1022,Сайлентблок рычага,270,471.20,127224.00,2025-06-30
5,SUP-10,1031,Прокладка ГБЦ,143,1518.00,217074.00,2025-09-08
6,SUP-09,1041,Вентилятор охлаждения,221,3096.00,684216.00,2025-03-15
7,SUP-09,1062,Насос ГУР,103,6608.00,680624.00,2025-09-26
8,SUP-04,1023,Шаровая опора,32,884.50,28304.00,2025-01-19
9,SUP-05,1047,Предохранители набор,195,131.10,25564.50,2025-08-23
10,SUP-11,1034,Комплект сцепления,366,5488.00,2008608.00,2025-03-07
11,SUP-12,1053,Жидкость ГУР,222,378.00,83916.00,2025-09-15
12,SUP-12,1009,Масляный фильтр,51,296.40,15116.40,2025-01-23
13,SUP-06,1040,Антифриз G12,37,347.20,12846.40,2025-11-01
14,SUP-02,1037,Радиатор кондиционера,389,4899.00,1905711.00,2025-11-18
15,SUP-11,1056,Щётки стеклоочистителя,299,452.40,135267.60,2025-08-06
16,SUP-10,1014,Свечи зажигания,228,266.00,60648.00,2025-08-08
17,SUP-03,1018,Генератор,304,6944.00,2110976.00,2025-12-25
18,SUP-03,1032,Сальник коленвала,131,264.00,34584.00,2025-02-24
19,SUP-12,1048,Датчик ABS,101,1491.00,150591.00,2025-09-02
20,SUP-12,1054,Фара передняя,354,3904.00,1382016.00,2025-10-22
21,SUP-04,1018,Генератор,400,8804.00,3521600.00,2025-01-17
22,SUP-02,1042,Аккумулятор 60Ah,208,4032.00,838656.00,2025-01-28
23,SUP-09,1013,Фильтр АКПП,360,840.00,302400.00,2025-07-20
24,SUP-02,1040,Антифриз G12,254,341.60,86766.40,2025-05-14
25,SUP-10,1039,Бачок расширительный,324,770.00,249480.00,2025-01-02
26,SUP-07,1035,Датчик коленвала,116,1349.00,156484.00,2025-12-30
27,SUP-09,1040,Антифриз G12,269,341.60,91890.40,2025-02-04
28,SUP-08,1034,Комплект сцепления,341,6370.00,2172170.00,2025-08-30
29,SUP-11,1062,Насос ГУР,69,6160.00,425040.00,2025-12-09
30,SUP-02,1051,Моторное масло 5W-30,246,489.60,120441.60,2025-07-14
31,SUP-06,1032,Сальник коленвала,306,297.60,91065.60,2025-04-15
32,SUP-03,1018,Генератор,287,8184.00,2348808.00,2025-07-02
33,SUP-07,1059,Диск сцепления,223,3150.00,702450.00,2025-01-07
34,SUP-08,1035,Датчик коленвала,23,1292.00,29716.00,2025-04-01
35,SUP-12,1059,Диск сцепления,47,3105.00,145935.00,2025-09-20
36,SUP-04,1001,Тормозные колодки передние,330,1904.00,628320.00,2025-08-11
37,SUP-04,1009,Масляный фильтр,193,317.20,61219.60,2025-11-26
38,SUP-01,1027,Опора амортизатора,334,928.00,309952.00,2025-08-24
39,SUP-11,1054,Фара передняя,154,4416.00,680064.00,2025-02-12
40,SUP-01,1026,Ступичный подшипник,218,1566.00,341388.00,2025-02-18
41,SUP-04,1029,Ролик натяжителя ГРМ,172,826.00,142072.00,2025-01-02
42,SUP-09,1034,Комплект сцепления,150,5488.00,823200.00,2025-05-11
43,SUP-12,1013,Фильтр АКПП,29,994.00,28826.00,2025-07-15
44,SUP-02,1033,Термостат,348,704.00,244992.00,2025-07-17
45,SUP-11,1032,Сальник коленвала,352,336.00,118272.00,2025-09-06
46,SUP-04,1044,Лампы H4,256,235.20,60211.20,2025-08-11
47,SUP-01,1004,Тормозные диски задние,128,3510.00,449280.00,2025-03-09
48,SUP-11,1014,Свечи зажигания,248,243.20,60313.60,2025-06-30
49,SUP-11,1042,Аккумулятор 60Ah,332,4320.00,1434240.00,2025-12-30
50,SUP-03,1013,Фильтр АКПП,76,896.00,68096.00,2025-06-06
51,SUP-09,1048,Датчик ABS,335,1428.00,478380.00,2025-11-30
52,SUP-01,1009,Масляный фильтр,238,296.40,70543.20,2025-01-08
53,SUP-02,1050,Моторное масло 5W-40,137,482.80,66143.60,2025-03-25
54,SUP-10,1040,Антифриз G12,145,319.20,46284.00,2025-12-07
55,SUP-12,1027,Опора амортизатора,350,1120.00,392000.00,2025-01-27
56,SUP-11,1061,Рулевая тяга,243,1224.00,297432.00,2025-07-29
57,SUP-08,1015,Катушка зажигания,248,1653.00,409944.00,2025-09-02
58,SUP-12,1038,Патрубок радиатора,350,427.80,149730.00,2025-05-22
59,SUP-11,1039,Бачок расширительный,350,854.00,298900.00,2025-03-20
60,SUP-10,1054,Фара передняя,341,4544.00,1549504.00,2025-03-24
61,SUP-12,1053,Жидкость ГУР,246,372.60,91659.60,2025-03-11
62,SUP-06,1057,ШРУС наружный,86,2460.00,211560.00,2025-12-04
63,SUP-04,1013,Фильтр АКПП,270,994.00,268380.00,2025-11-17
64,SUP-04,1024,Рычаг подвески,326,2898.00,944748.00,2025-09-20
65,SUP-04,1015,Катушка зажигания,251,1682.00,422182.00,2025-09-18
66,SUP-02,1016,Высоковольтные провода,398,1104.00,439392.00,2025-03-12
67,SUP-03,1020,Амортизатор задний,253,3024.00,765072.00,2025-06-28
68,SUP-12,1049,Бензонасос,70,3136.00,219520.00,2025-01-14
69,SUP-12,1031,Прокладка ГБЦ,385,1210.00,465850.00,2025-10-01
70,SUP-03,1048,Датчик ABS,119,1302.00,154938.00,2025-11-12
71,SUP-08,1059,Диск сцепления,331,3015.00,997965.00,2025-05-16
72,SUP-06,1039,Бачок расширительный,389,924.00,359436.00,2025-06-28
73,SUP-06,1059,Диск сцепления,330,2565.00,846450.00,2025-09-11
74,SUP-07,1013,Фильтр АКПП,137,980.00,134260.00,2025-12-18
75,SUP-10,1043,Аккумулятор 75Ah,159,6097.00,969423.00,2025-08-26
76,SUP-09,1064,Компрессор кондиционера,153,10416.00,1593648.00,2025-10-23
77,SUP-09,1002,Тормозные колодки задние,182,1876.00,341432.00,2025-01-29
78,SUP-07,1046,Реле,231,173.60,40101.60,2025-09-22
79,SUP-04,1008,Датчик износа колодок,247,416.00,102752.00,2025-04-26
80,SUP-09,1023,Шаровая опора,306,957.00,292842.00,2025-12-21
81,SUP-07,1037,Радиатор кондиционера,71,4485.00,318435.00,2025-03-17
82,SUP-04,1022,Сайлентблок рычага,278,433.20,120429.60,2025-08-24
83,SUP-02,1055,Зеркало боковое,25,2304.00,57600.00,2025-12-14
84,SUP-05,1055,Зеркало боковое,340,1856.00,631040.00,2025-08-16
85,SUP-11,1007,Суппорт тормозной,65,5226.00,339690.00,2025-10-04
86,SUP-01,1026,Ступичный подшипник,244,1674.00,408456.00,2025-03-05
87,SUP-07,1043,Аккумулятор 75Ah,164,5369.00,880516.00,2025-02-01
88,SUP-10,1019,Амортизатор передний,394,3348.00,1319112.00,2025-09-01
89,SUP-08,1058,Пыльник ШРУС,395,345.60,136512.00,2025-11-25
90,SUP-07,1054,Фара передняя,399,3904.00,1557696.00,2025-01-22
91,SUP-01,1014,Свечи зажигания,165,220.40,36366.00,2025-01-28
92,SUP-11,1034,Комплект сцепления,140,5880.00,823200.00,2025-04-04
93,SUP-08,1043,Аккумулятор 75Ah,274,5187.00,1421238.00,2025-11-07
94,SUP-12,1028,Ремень ГРМ,186,1026.00,190836.00,2025-06-13
95,SUP-02,1034,Комплект сцепления,223,6664.00,1486072.00,2025-06-20
96,SUP-06,1007,Суппорт тормозной,213,4680.00,996840.00,2025-11-19
97,SUP-05,1045,Лампы H7,39,265.20,10342.80,2025-10-28
98,SUP-07,1013,Фильтр АКПП,91,980.00,89180.00,2025-11-05
99,SUP-03,1063,Коврики салона,100,1488.00,148800.00,2025-11-10
100,SUP-11,1036,Радиатор охлаждения,85,5106.00,434010.00,2025-12-29
101,SUP-08,1029,Ролик натяжителя ГРМ,376,812.00,305312.00,2025-08-02
102,SUP-05,1021,Стойка стабилизатора,153,627.20,95961.60,2025-12-26
103,SUP-07,1050,Моторное масло 5W-40,119,455.60,54216.40,2025-04-06
104,SUP-03,1034,Комплект сцепления,303,5390.00,1633170.00,2025-04-22
105,SUP-12,1018,Генератор,204,7192.00,1467168.00,2025-01-28
106,SUP-03,1011,Фильтр салона,237,489.60,116035.20,2025-05-29
107,SUP-05,1063,Коврики салона,122,1344.00,163968.00,2025-06-12
108,SUP-06,1002,Тормозные колодки задние,310,1820.00,564200.00,2025-05-15
109,SUP-12,1026,Ступичный подшипник,207,1512.00,312984.00,2025-12-12
110,SUP-02,1006,Тормозная жидкость DOT-5.1,363,498.40,180919.20,2025-12-31
111,SUP-04,1062,Насос ГУР,67,6496.00,435232.00,2025-04-19
112,SUP-11,1050,Моторное масло 5W-40,399,401.20,160078.80,2025-03-31
113,SUP-01,1016,Высоковольтные провода,24,944.00,22656.00,2025-03-17
114,SUP-09,1030,Помпа водяная,43,2592.00,111456.00,2025-01-11
115,SUP-03,1041,Вентилятор охлаждения,68,2924.00,198832.00,2025-01-22
116,SUP-09,1010,Воздушный фильтр,327,407.00,133089.00,2025-11-07
117,SUP-01,1036,Радиатор охлаждения,222,5328.00,1182816.00,2025-10-09
118,SUP-01,1027,Опора амортизатора,138,976.00,134688.00,2025-03-12
119,SUP-06,1049,Бензонасос,153,3472.00,531216.00,2025-06-30
120,SUP-11,1038,Патрубок радиатора,61,365.80,22313.80,2025-02-24
121,SUP-04,1059,Диск сцепления,123,2610.00,321030.00,2025-08-20
122,SUP-08,1056,Щётки стеклоочистителя,188,460.20,86517.60,2025-05-13
123,SUP-09,1043,Аккумулятор 75Ah,152,5005.00,760760.00,2025-10-28
124,SUP-12,1035,Датчик коленвала,194,1045.00,202730.00,2025-11-27
125,SUP-07,1036,Радиатор охлаждения,327,5106.00,1669662.00,2025-07-16
126,SUP-10,1040,Антифриз G12,279,330.40,92181.60,2025-05-23
127,SUP-05,1022,Сайлентблок рычага,262,463.60,121463.20,2025-12-03
128,SUP-01,1002,Тормозные колодки задние,376,1932.00,726432.00,2025-02-04
129,SUP-12,1009,Масляный фильтр,343,306.80,105232.40,2025-09-16
130,SUP-08,1052,Масло АКПП,296,587.40,173870.40,2025-11-21
131,SUP-02,1052,Масло АКПП,346,578.50,200161.00,2025-03-28
132,SUP-12,1063,Коврики салона,314,1464.00,459696.00,2025-03-26
133,SUP-10,1061,Рулевая тяга,308,1206.00,371448.00,2025-07-04
134,SUP-10,1051,Моторное масло 5W-30,136,511.20,69523.20,2025-05-07
135,SUP-05,1058,Пыльник ШРУС,276,318.60,87933.60,2025-11-24
136,SUP-07,1032,Сальник коленвала,203,268.80,54566.40,2025-12-11
137,SUP-06,1025,Пружина подвески,373,2015.00,751595.00,2025-05-07
138,SUP-07,1002,Тормозные колодки задние,130,1680.00,218400.00,2025-07-14
139,SUP-10,1026,Ступичный подшипник,74,1485.00,109890.00,2025-03-30
140,SUP-12,1057,ШРУС наружный,294,2829.00,831726.00,2025-01-19
141,SUP-07,1031,Прокладка ГБЦ,131,1386.00,181566.00,2025-06-16
142,SUP-08,1064,Компрессор кондиционера,310,11760.00,3645600.00,2025-10-17
143,SUP-09,1052,Масло АКПП,220,525.10,115522.00,2025-08-14
144,SUP-02,1038,Патрубок радиатора,195,396.80,77376.00,2025-12-27
145,SUP-01,1025,Пружина подвески,148,1860.00,275280.00,2025-08-12
146,SUP-10,1010,Воздушный фильтр,237,444.00,105228.00,2025-01-23
147,SUP-04,1035,Датчик коленвала,218,1197.00,260946.00,2025-09-08
148,SUP-04,1016,Высоковольтные провода,341,1024.00,349184.00,2025-07-17
149,SUP-04,1064,Компрессор кондиционера,142,10080.00,1431360.00,2025-12-15
150,SUP-01,1062,Насос ГУР,37,7392.00,273504.00,2025-08-10
151,SUP-10,1032,Сальник коленвала,108,345.60,37324.80,2025-10-22
152,SUP-06,1052,Масло АКПП,39,596.30,23255.70,2025-02-02
153,SUP-06,1055,Зеркало боковое,158,2208.00,348864.00,2025-05-24
154,SUP-05,1021,Стойка стабилизатора,181,568.40,102880.40,2025-11-10
155,SUP-06,1010,Воздушный фильтр,379,436.60,165471.40,2025-05-31
156,SUP-05,1040,Антифриз G12,314,308.00,96712.00,2025-10-18
157,SUP-05,1044,Лампы H4,344,243.60,83798.40,2025-08-25
158,SUP-03,1007,Суппорт тормозной,397,4524.00,1796028.00,2025-10-13
159,SUP-06,1042,Аккумулятор 60Ah,220,5184.00,1140480.00,2025-08-01
160,SUP-07,1045,Лампы H7,38,245.70,9336.60,2025-01-03
161,SUP-12,1003,Тормозные диски передние,106,3534.00,374604.00,2025-01-31
162,SUP-01,1012,Топливный фильтр,275,546.00,150150.00,2025-10-11
163,SUP-05,1050,Моторное масло 5W-40,266,421.60,112145.60,2025-07-08
164,SUP-12,1057,ШРУС наружный,97,2501.00,242597.00,2025-10-10
165,SUP-10,1046,Реле,38,165.20,6277.60,2025-04-20
166,SUP-06,1022,Сайлентблок рычага,63,539.60,33994.80,2025-07-02
167,SUP-11,1007,Суппорт тормозной,238,4992.00,1188096.00,2025-08-27
168,SUP-01,1051,Моторное масло 5W-30,358,504.00,180432.00,2025-05-03
169,SUP-10,1005,Тормозная жидкость DOT-4,353,292.50,103252.50,2025-12-22
170,SUP-05,1031,Прокладка ГБЦ,70,1386.00,97020.00,2025-03-13
171,SUP-12,1037,Радиатор кондиционера,399,4761.00,1899639.00,2025-01-12
172,SUP-08,1005,Тормозная жидкость DOT-4,353,256.50,90544.50,2025-09-10
173,SUP-06,1016,Высоковольтные провода,213,976.00,207888.00,2025-04-21
174,SUP-11,1037,Радиатор кондиционера,324,4830.00,1564920.00,2025-04-09
175,SUP-01,1012,Топливный фильтр,20,591.50,11830.00,2025-12-29
176,SUP-10,1009,Масляный фильтр,265,296.40,78546.00,2025-03-14
177,SUP-03,1047,Предохранители набор,89,108.30,9638.70,2025-02-16
178,SUP-10,1047,Предохранители набор,290,104.50,30305.00,2025-07-21
179,SUP-07,1004,Тормозные диски задние,385,3672.00,1413720.00,2025-03-22
180,SUP-02,1055,Зеркало боковое,384,2144.00,823296.00,2025-03-07
181,SUP-05,1010,Воздушный фильтр,48,495.80,23798.40,2025-12-08
182,SUP-08,1010,Воздушный фильтр,82,421.80,34587.60,2025-02-14
183,SUP-09,1015,Катушка зажигания,107,1885.00,201695.00,2025-02-26
184,SUP-02,1055,Зеркало боковое,277,1888.00,522976.00,2025-08-13
185,SUP-01,1054,Фара передняя,122,4224.00,515328.00,2025-12-04
186,SUP-11,1028,Ремень ГРМ,295,1278.00,377010.00,2025-06-11
187,SUP-02,1045,Лампы H7,290,241.80,70122.00,2025-07-15
188,SUP-05,1002,Тормозные колодки задние,25,1904.00,47600.00,2025-11-28
189,SUP-05,1012,Топливный фильтр,328,518.70,170133.60,2025-01-26
190,SUP-02,1041,Вентилятор охлаждения,312,2494.00,778128.00,2025-09-07
191,SUP-08,1020,Амортизатор задний,298,2976.00,886848.00,2025-01-03
192,SUP-09,1005,Тормозная жидкость DOT-4,258,288.00,74304.00,2025-09-14
193,SUP-05,1051,Моторное масло 5W-30,302,439.20,132638.40,2025-05-20
194,SUP-10,1059,Диск сцепления,27,2925.00,78975.00,2025-01-23
195,SUP-09,1052,Масло АКПП,306,640.80,196084.80,2025-02-22
196,SUP-11,1028,Ремень ГРМ,97,1188.00,115236.00,2025-05-24
197,SUP-04,1004,Тормозные диски задние,393,3240.00,1273320.00,2025-06-13
198,SUP-01,1052,Масло АКПП,388,525.10,203738.80,2025-01-18
199,SUP-06,1008,Датчик износа колодок,330,468.00,154440.00,2025-07-18
200,SUP-10,1008,Датчик износа колодок,316,448.50,141726.00,2025-01-12
201,SUP-02,1013,Фильтр АКПП,123,952.00,117096.00,2025-04-19
202,SUP-03,1047,Предохранители набор,47,129.20,6072.40,2025-08-01
203,SUP-03,1035,Датчик коленвала,196,1102.00,215992.00,2025-08-22
204,SUP-12,1050,Моторное масло 5W-40,20,401.20,8024.00,2025-05-30
205,SUP-02,1018,Генератор,333,8308.00,2766564.00,2025-01-07
206,SUP-12,1021,Стойка стабилизатора,23,686.00,15778.00,2025-08-27
207,SUP-06,1054,Фара передняя,194,3840.00,744960.00,2025-06-03
208,SUP-05,1010,Воздушный фильтр,113,421.80,47663.40,2025-01-09
209,SUP-12,1022,Сайлентблок рычага,51,494.00,25194.00,2025-12-08
210,SUP-04,1005,Тормозная жидкость DOT-4,95,306.00,29070.00,2025-12-06
211,SUP-02,1064,Компрессор кондиционера,117,9912.00,1159704.00,2025-03-24
212,SUP-08,1003,Тормозные диски передние,397,4092.00,1624524.00,2025-05-21
213,SUP-05,1056,Щётки стеклоочистителя,50,553.80,27690.00,2025-11-20
214,SUP-02,1039,Бачок расширительный,128,812.00,103936.00,2025-02-12
215,SUP-11,1062,Насос ГУР,154,6272.00,965888.00,2025-03-09
216,SUP-12,1017,Стартер,232,6052.00,1404064.00,2025-07-13
217,SUP-01,1052,Масло АКПП,369,578.50,213466.50,2025-06-06
218,SUP-02,1020,Амортизатор задний,79,2928.00,231312.00,2025-03-04
219,SUP-09,1040,Антифриз G12,272,386.40,105100.80,2025-10-21
220,SUP-08,1056,Щётки стеклоочистителя,293,475.80,139409.40,2025-04-25
221,SUP-10,1007,Суппорт тормозной,152,4446.00,675792.00,2025-11-26
222,SUP-02,1058,Пыльник ШРУС,268,329.40,88279.20,2025-04-28
223,SUP-10,1040,Антифриз G12,76,324.80,24684.80,2025-01-01
224,SUP-12,1064,Компрессор кондиционера,394,10248.00,4037712.00,2025-04-18
225,SUP-04,1045,Лампы H7,145,222.30,32233.50,2025-06-30
226,SUP-10,1009,Масляный фильтр,314,374.40,117561.60,2025-09-01
227,SUP-03,1013,Фильтр АКПП,394,994.00,391636.00,2025-05-21
228,SUP-12,1034,Комплект сцепления,346,6762.00,2339652.00,2025-11-20
229,SUP-06,1001,Тормозные колодки передние,256,2142.00,548352.00,2025-07-07
230,SUP-11,1012,Топливный фильтр,97,518.70,50313.90,2025-03-07
231,SUP-03,1038,Патрубок радиатора,210,409.20,85932.00,2025-06-11
232,SUP-01,1047,Предохранители набор,80,119.70,9576.00,2025-03-02
233,SUP-09,1060,Рулевой наконечник,27,910.00,24570.00,2025-03-05
234,SUP-01,1022,Сайлентблок рычага,154,478.80,73735.20,2025-06-08
235,SUP-12,1039,Бачок расширительный,249,784.00,195216.00,2025-12-29
236,SUP-05,1033,Термостат,320,792.00,253440.00,2025-06-08
237,SUP-06,1025,Пружина подвески,278,1891.00,525698.00,2025-03-30
238,SUP-10,1040,Антифриз G12,262,375.20,98302.40,2025-01-31
239,SUP-06,1051,Моторное масло 5W-30,285,432.00,123120.00,2025-04-05
240,SUP-03,1057,ШРУС наружный,364,2829.00,1029756.00,2025-06-18
241,SUP-03,1013,Фильтр АКПП,222,812.00,180264.00,2025-12-06
242,SUP-01,1026,Ступичный подшипник,340,1647.00,559980.00,2025-02-13
243,SUP-03,1050,Моторное масло 5W-40,357,482.80,172359.60,2025-02-23
244,SUP-10,1025,Пружина подвески,224,2108.00,472192.00,2025-08-28
245,SUP-06,1007,Суппорт тормозной,108,4602.00,497016.00,2025-07-01
246,SUP-03,1019,Амортизатор передний,59,3348.00,197532.00,2025-11-26
247,SUP-01,1001,Тормозные колодки передние,65,2006.00,130390.00,2025-09-24
248,SUP-01,1061,Рулевая тяга,375,1026.00,384750.00,2025-06-25
249,SUP-09,1036,Радиатор охлаждения,254,4440.00,1127760.00,2025-06-21
250,SUP-12,1034,Комплект сцепления,354,6664.00,2359056.00,2025-12-16
251,SUP-06,1042,Аккумулятор 60Ah,148,5184.00,767232.00,2025-07-10
252,SUP-08,1007,Суппорт тормозной,148,4758.00,704184.00,2025-03-27
253,SUP-12,1019,Амортизатор передний,338,3726.00,1259388.00,2025-04-06
254,SUP-06,1019,Амортизатор передний,277,3618.00,1002186.00,2025-03-24
255,SUP-12,1017,Стартер,23,5340.00,122820.00,2025-02-20
256,SUP-08,1016,Высоковольтные провода,109,960.00,104640.00,2025-10-30
257,SUP-06,1014,Свечи зажигания,278,250.80,69722.40,2025-11-22
258,SUP-10,1002,Тормозные колодки задние,235,1904.00,447440.00,2025-08-09
259,SUP-07,1053,Жидкость ГУР,340,297.00,100980.00,2025-10-13
260,SUP-01,1014,Свечи зажигания,239,231.80,55400.20,2025-02-14
261,SUP-04,1059,Диск сцепления,378,3060.00,1156680.00,2025-03-17
262,SUP-10,1045,Лампы H7,93,241.80,22487.40,2025-04-19
263,SUP-07,1017,Стартер,298,5429.00,1617842.00,2025-05-14
264,SUP-01,1032,Сальник коленвала,267,283.20,75614.40,2025-01-12
265,SUP-09,1045,Лампы H7,163,269.10,43863.30,2025-11-18
266,SUP-08,1015,Катушка зажигания,146,1798.00,262508.00,2025-04-23
267,SUP-12,1003,Тормозные диски передние,29,3782.00,109678.00,2025-07-20
268,SUP-08,1062,Насос ГУР,365,6496.00,2371040.00,2025-02-04
269,SUP-01,1045,Лампы H7,70,265.20,18564.00,2025-12-28
270,SUP-10,1051,Моторное масло 5W-30,145,410.40,59508.00,2025-10-12
271,SUP-07,1040,Антифриз G12,332,336.00,111552.00,2025-03-16
272,SUP-06,1008,Датчик износа колодок,387,409.50,158476.50,2025-06-28
273,SUP-02,1060,Рулевой наконечник,286,884.00,252824.00,2025-08-18
274,SUP-09,1037,Радиатор кондиционера,25,4140.00,103500.00,2025-01-27
275,SUP-12,1035,Датчик коленвала,365,1368.00,499320.00,2025-12-15
276,SUP-06,1050,Моторное масло 5W-40,293,394.40,115559.20,2025-03-25
277,SUP-05,1053,Жидкость ГУР,253,367.20,92901.60,2025-06-08
278,SUP-09,1049,Бензонасос,347,3640.00,1263080.00,2025-09-14
279,SUP-11,1011,Фильтр салона,102,448.80,45777.60,2025-06-30
280,SUP-10,1044,Лампы H4,29,302.40,8769.60,2025-07-09
281,SUP-03,1063,Коврики салона,38,1728.00,65664.00,2025-01-25
282,SUP-04,1040,Антифриз G12,351,403.20,141523.20,2025-10-17
283,SUP-01,1008,Датчик износа колодок,23,435.50,10016.50,2025-01-05
284,SUP-03,1047,Предохранители набор,218,127.30,27751.40,2025-04-27
285,SUP-03,1028,Ремень ГРМ,283,1098.00,310734.00,2025-11-05
286,SUP-04,1060,Рулевой наконечник,310,754.00,233740.00,2025-03-14
287,SUP-03,1010,Воздушный фильтр,195,451.40,88023.00,2025-03-11
288,SUP-02,1025,Пружина подвески,200,2139.00,427800.00,2025-05-02
289,SUP-10,1002,Тормозные колодки задние,124,1932.00,239568.00,2025-10-02
290,SUP-10,1010,Воздушный фильтр,277,495.80,137336.60,2025-01-04
291,SUP-05,1010,Воздушный фильтр,145,466.20,67599.00,2025-09-04
292,SUP-01,1009,Масляный фильтр,197,291.20,57366.40,2025-03-21
293,SUP-11,1029,Ролик натяжителя ГРМ,373,924.00,344652.00,2025-05-20
294,SUP-04,1031,Прокладка ГБЦ,69,1298.00,89562.00,2025-04-28
295,SUP-06,1002,Тормозные колодки задние,55,1736.00,95480.00,2025-03-01
296,SUP-07,1002,Тормозные колодки задние,206,1932.00,397992.00,2025-02-06
297,SUP-08,1047,Предохранители набор,276,114.00,31464.00,2025-08-10
298,SUP-08,1061,Рулевая тяга,264,1170.00,308880.00,2025-04-16
299,SUP-10,1019,Амортизатор передний,20,3402.00,68040.00,2025-08-07
300,SUP-08,1059,Диск сцепления,25,2745.00,68625.00,2025-11-15
301,SUP-03,1015,Катушка зажигания,183,1856.00,339648.00,2025-08-30
302,SUP-02,1039,Бачок расширительный,230,1008.00,231840.00,2025-12-08
303,SUP-05,1026,Ступичный подшипник,205,1674.00,343170.00,2025-12-18
304,SUP-11,1045,Лампы H7,70,230.10,16107.00,2025-10-18
305,SUP-06,1035,Датчик коленвала,306,1273.00,389538.00,2025-08-25
306,SUP-08,1049,Бензонасос,55,3248.00,178640.00,2025-05-31
307,SUP-06,1049,Бензонасос,243,3864.00,938952.00,2025-01-14
308,SUP-10,1028,Ремень ГРМ,209,1206.00,252054.00,2025-03-18
309,SUP-09,1035,Датчик коленвала,92,1121.00,103132.00,2025-09-22
310,SUP-10,1019,Амортизатор передний,100,3834.00,383400.00,2025-11-12
311,SUP-02,1015,Катушка зажигания,396,1943.00,769428.00,2025-11-28
312,SUP-07,1061,Рулевая тяга,105,1278.00,134190.00,2025-07-16
313,SUP-05,1045,Лампы H7,362,245.70,88943.40,2025-10-27
314,SUP-08,1039,Бачок расширительный,236,798.00,188328.00,2025-12-16
315,SUP-07,1030,Помпа водяная,346,2448.00,847008.00,2025-07-02
316,SUP-02,1017,Стартер,165,5874.00,969210.00,2025-03-07
317,SUP-10,1018,Генератор,269,8060.00,2168140.00,2025-05-11
318,SUP-09,1037,Радиатор кондиционера,388,4071.00,1579548.00,2025-09-15
319,SUP-03,1044,Лампы H4,228,302.40,68947.20,2025-02-19
320,SUP-03,1058,Пыльник ШРУС,160,297.00,47520.00,2025-03-07
321,SUP-11,1053,Жидкость ГУР,48,361.80,17366.40,2025-07-23
322,SUP-11,1029,Ролик натяжителя ГРМ,246,812.00,199752.00,2025-05-01
323,SUP-06,1041,Вентилятор охлаждения,149,2365.00,352385.00,2025-12-11
324,SUP-07,1033,Термостат,49,759.00,37191.00,2025-10-23
325,SUP-01,1056,Щётки стеклоочистителя,208,429.00,89232.00,2025-01-30
326,SUP-05,1037,Радиатор кондиционера,367,4968.00,1823256.00,2025-08-12
327,SUP-09,1037,Радиатор кондиционера,192,4278.00,821376.00,2025-04-09
328,SUP-03,1023,Шаровая опора,66,812.00,53592.00,2025-12-12
329,SUP-01,1038,Патрубок радиатора,126,359.60,45309.60,2025-10-14
330,SUP-04,1037,Радиатор кондиционера,349,4278.00,1493022.00,2025-06-25
331,SUP-09,1046,Реле,229,190.40,43601.60,2025-11-04
332,SUP-03,1012,Топливный фильтр,110,646.10,71071.00,2025-12-31
333,SUP-04,1054,Фара передняя,39,3648.00,142272.00,2025-04-12
334,SUP-02,1005,Тормозная жидкость DOT-4,385,252.00,97020.00,2025-04-23
335,SUP-09,1032,Сальник коленвала,373,264.00,98472.00,2025-12-01
336,SUP-02,1019,Амортизатор передний,91,3726.00,339066.00,2025-09-05
337,SUP-01,1063,Коврики салона,142,1512.00,214704.00,2025-12-06
338,SUP-05,1055,Зеркало боковое,32,1824.00,58368.00,2025-05-02
339,SUP-05,1038,Патрубок радиатора,323,390.60,126163.80,2025-06-16
340,SUP-10,1047,Предохранители набор,95,114.00,10830.00,2025-09-20
341,SUP-06,1004,Тормозные диски задние,132,3510.00,463320.00,2025-09-16
342,SUP-11,1024,Рычаг подвески,264,2856.00,753984.00,2025-01-16
343,SUP-03,1016,Высоковольтные провода,32,1008.00,32256.00,2025-12-07
344,SUP-03,1017,Стартер,219,5518.00,1208442.00,2025-08-16
345,SUP-07,1051,Моторное масло 5W-30,308,446.40,137491.20,2025-06-03
346,SUP-09,1049,Бензонасос,376,4032.00,1516032.00,2025-07-27
347,SUP-04,1041,Вентилятор охлаждения,75,3010.00,225750.00,2025-08-30
348,SUP-01,1007,Суппорт тормозной,339,4836.00,1639404.00,2025-03-19
349,SUP-08,1005,Тормозная жидкость DOT-4,356,315.00,112140.00,2025-04-06
350,SUP-09,1002,Тормозные колодки задние,395,1988.00,785260.00,2025-02-01
351,SUP-12,1053,Жидкость ГУР,218,367.20,80049.60,2025-03-20
352,SUP-06,1016,Высоковольтные провода,154,1072.00,165088.00,2025-12-17
353,SUP-04,1009,Масляный фильтр,287,291.20,83574.40,2025-08-05
354,SUP-02,1045,Лампы H7,57,234.00,13338.00,2025-11-13
355,SUP-10,1014,Свечи зажигания,217,212.80,46177.60,2025-03-01
356,SUP-01,1024,Рычаг подвески,352,2772.00,975744.00,2025-08-24
357,SUP-11,1059,Диск сцепления,135,2565.00,346275.00,2025-05-04
358,SUP-11,1016,Высоковольтные провода,341,992.00,338272.00,2025-05-03
359,SUP-02,1002,Тормозные колодки задние,164,1792.00,293888.00,2025-04-15
360,SUP-03,1059,Диск сцепления,35,2925.00,102375.00,2025-05-17
361,SUP-12,1047,Предохранители набор,150,114.00,17100.00,2025-12-08
362,SUP-02,1049,Бензонасос,238,3640.00,866320.00,2025-01-03
363,SUP-10,1016,Высоковольтные провода,105,992.00,104160.00,2025-05-25
364,SUP-11,1032,Сальник коленвала,358,336.00,120288.00,2025-01-04
365,SUP-01,1052,Масло АКПП,195,569.60,111072.00,2025-09-26
366,SUP-11,1004,Тормозные диски задние,85,3564.00,302940.00,2025-05-13
367,SUP-09,1020,Амортизатор задний,91,3408.00,310128.00,2025-06-29
368,SUP-11,1018,Генератор,300,7316.00,2194800.00,2025-06-02
369,SUP-01,1054,Фара передняя,287,3904.00,1120448.00,2025-06-26
370,SUP-09,1009,Масляный фильтр,335,291.20,97552.00,2025-02-14
371,SUP-08,1054,Фара передняя,342,4096.00,1400832.00,2025-04-02
372,SUP-11,1042,Аккумулятор 60Ah,20,4032.00,80640.00,2025-07-22
373,SUP-06,1049,Бензонасос,55,3416.00,187880.00,2025-12-01
374,SUP-10,1046,Реле,100,165.20,16520.00,2025-11-16
375,SUP-09,1040,Антифриз G12,356,403.20,143539.20,2025-09-30
376,SUP-06,1009,Масляный фильтр,392,306.80,120265.60,2025-12-18
377,SUP-09,1006,Тормозная жидкость DOT-5.1,100,596.30,59630.00,2025-10-09
378,SUP-11,1052,Масло АКПП,28,640.80,17942.40,2025-04-02
379,SUP-07,1038,Патрубок радиатора,84,390.60,32810.40,2025-11-07
380,SUP-01,1007,Суппорт тормозной,269,4758.00,1279902.00,2025-06-09
381,SUP-10,1037,Радиатор кондиционера,258,4140.00,1068120.00,2025-02-12
382,SUP-11,1042,Аккумулятор 60Ah,391,4104.00,1604664.00,2025-05-08
383,SUP-06,1027,Опора амортизатора,351,1152.00,404352.00,2025-02-25
384,SUP-07,1062,Насос ГУР,378,6272.00,2370816.00,2025-05-23
385,SUP-04,1051,Моторное масло 5W-30,351,504.00,176904.00,2025-05-24
386,SUP-11,1034,Комплект сцепления,390,6272.00,2446080.00,2025-07-31
387,SUP-06,1051,Моторное масло 5W-30,51,432.00,22032.00,2025-07-21
388,SUP-08,1043,Аккумулятор 75Ah,272,5824.00,1584128.00,2025-05-15
389,SUP-05,1006,Тормозная жидкость DOT-5.1,323,614.10,198354.30,2025-05-21
390,SUP-03,1054,Фара передняя,201,3712.00,746112.00,2025-04-06
391,SUP-05,1013,Фильтр АКПП,170,1008.00,171360.00,2025-04-09
392,SUP-07,1038,Патрубок радиатора,224,427.80,95827.20,2025-04-01
393,SUP-09,1002,Тормозные колодки задние,117,1596.00,186732.00,2025-10-07
394,SUP-05,1014,Свечи зажигания,116,235.60,27329.60,2025-08-12
395,SUP-01,1032,Сальник коленвала,145,283.20,41064.00,2025-08-04
396,SUP-10,1029,Ролик натяжителя ГРМ,54,798.00,43092.00,2025-06-11
397,SUP-08,1004,Тормозные диски задние,87,3132.00,272484.00,2025-03-22
398,SUP-01,1046,Реле,38,176.40,6703.20,2025-10-22
399,SUP-01,1014,Свечи зажигания,179,273.60,48974.40,2025-05-10
400,SUP-10,1021,Стойка стабилизатора,385,548.80,211288.00,2025-09-30
401,SUP-01,1015,Катушка зажигания,394,1885.00,742690.00,2025-04-07
402,SUP-08,1018,Генератор,160,8680.00,1388800.00,2025-07-10
403,SUP-01,1040,Антифриз G12,362,352.80,127713.60,2025-12-10
404,SUP-08,1004,Тормозные диски задние,131,3294.00,431514.00,2025-09-21
405,SUP-02,1062,Насос ГУР,146,6384.00,932064.00,2025-06-07
406,SUP-12,1028,Ремень ГРМ,22,1206.00,26532.00,2025-01-15
407,SUP-02,1047,Предохранители набор,373,121.60,45356.80,2025-12-15
408,SUP-06,1062,Насос ГУР,259,7392.00,1914528.00,2025-10-08
409,SUP-11,1008,Датчик износа колодок,332,461.50,153218.00,2025-12-25
410,SUP-09,1005,Тормозная жидкость DOT-4,135,283.50,38272.50,2025-01-11
411,SUP-10,1007,Суппорт тормозной,114,4446.00,506844.00,2025-01-23
412,SUP-01,1036,Радиатор охлаждения,70,4736.00,331520.00,2025-11-19
413,SUP-07,1058,Пыльник ШРУС,289,340.20,98317.80,2025-02-22
414,SUP-07,1036,Радиатор охлаждения,266,5328.00,1417248.00,2025-11-25
415,SUP-11,1010,Воздушный фильтр,164,495.80,81311.20,2025-12-22
416,SUP-01,1049,Бензонасос,45,3976.00,178920.00,2025-10-15
417,SUP-09,1012,Топливный фильтр,101,564.20,56984.20,2025-11-04
418,SUP-03,1011,Фильтр салона,283,448.80,127010.40,2025-10-07
419,SUP-09,1059,Диск сцепления,68,3195.00,217260.00,2025-06-30
420,SUP-05,1029,Ролик натяжителя ГРМ,187,826.00,154462.00,2025-03-18
421,SUP-01,1050,Моторное масло 5W-40,360,455.60,164016.00,2025-06-28
422,SUP-02,1007,Суппорт тормозной,315,4758.00,1498770.00,2025-12-08
423,SUP-11,1009,Масляный фильтр,319,348.40,111139.60,2025-07-30
424,SUP-04,1008,Датчик износа колодок,177,396.50,70180.50,2025-01-09
425,SUP-01,1015,Катушка зажигания,218,1856.00,404608.00,2025-03-13
426,SUP-01,1009,Масляный фильтр,140,353.60,49504.00,2025-06-12
427,SUP-08,1046,Реле,359,182.00,65338.00,2025-05-14
428,SUP-04,1063,Коврики салона,352,1488.00,523776.00,2025-04-16
429,SUP-12,1023,Шаровая опора,318,1015.00,322770.00,2025-11-20
430,SUP-07,1045,Лампы H7,110,234.00,25740.00,2025-12-03
431,SUP-12,1051,Моторное масло 5W-30,40,511.20,20448.00,2025-06-19
432,SUP-12,1027,Опора амортизатора,197,880.00,173360.00,2025-03-06
433,SUP-11,1064,Компрессор кондиционера,320,10248.00,3279360.00,2025-08-25
434,SUP-05,1063,Коврики салона,165,1368.00,225720.00,2025-01-07
435,SUP-07,1056,Щётки стеклоочистителя,115,561.60,64584.00,2025-06-18
436,SUP-11,1033,Термостат,271,759.00,205689.00,2025-01-15
437,SUP-04,1062,Насос ГУР,376,7728.00,2905728.00,2025-11-14
438,SUP-01,1021,Стойка стабилизатора,358,539.00,192962.00,2025-01-01
439,SUP-07,1054,Фара передняя,169,4352.00,735488.00,2025-11-04
440,SUP-08,1015,Катушка зажигания,203,1827.00,370881.00,2025-10-13
441,SUP-08,1038,Патрубок радиатора,285,440.20,125457.00,2025-09-23
442,SUP-08,1033,Термостат,156,671.00,104676.00,2025-05-02
443,SUP-01,1029,Ролик натяжителя ГРМ,246,966.00,237636.00,2025-01-24
444,SUP-07,1046,Реле,217,165.20,35848.40,2025-11-28
445,SUP-10,1056,Щётки стеклоочистителя,39,452.40,17643.60,2025-05-15
446,SUP-11,1064,Компрессор кондиционера,243,11592.00,2816856.00,2025-05-27
447,SUP-07,1036,Радиатор охлаждения,307,4588.00,1408516.00,2025-04-08
448,SUP-05,1021,Стойка стабилизатора,168,695.80,116894.40,2025-06-23
449,SUP-08,1031,Прокладка ГБЦ,324,1408.00,456192.00,2025-09-13
450,SUP-01,1030,Помпа водяная,394,2160.00,851040.00,2025-12-01
451,SUP-10,1033,Термостат,221,759.00,167739.00,2025-01-18
452,SUP-12,1063,Коврики салона,79,1368.00,108072.00,2025-08-11
453,SUP-04,1032,Сальник коленвала,201,312.00,62712.00,2025-07-20
454,SUP-05,1022,Сайлентблок рычага,63,471.20,29685.60,2025-11-04
455,SUP-12,1002,Тормозные колодки задние,148,1736.00,256928.00,2025-05-02
456,SUP-10,1004,Тормозные диски задние,72,3888.00,279936.00,2025-10-29
457,SUP-09,1062,Насос ГУР,176,7504.00,1320704.00,2025-03-18
458,SUP-08,1039,Бачок расширительный,148,938.00,138824.00,2025-03-10
459,SUP-07,1062,Насос ГУР,356,6496.00,2312576.00,2025-06-22
460,SUP-07,1021,Стойка стабилизатора,163,686.00,111818.00,2025-09-23
461,SUP-01,1041,Вентилятор охлаждения,220,2451.00,539220.00,2025-09-27
462,SUP-11,1052,Масло АКПП,115,498.40,57316.00,2025-07-07
463,SUP-01,1010,Воздушный фильтр,267,503.20,134354.40,2025-02-01
464,SUP-10,1031,Прокладка ГБЦ,40,1408.00,56320.00,2025-06-06
465,SUP-02,1055,Зеркало боковое,97,1952.00,189344.00,2025-02-10
466,SUP-04,1035,Датчик коленвала,156,1292.00,201552.00,2025-12-20
467,SUP-04,1047,Предохранители набор,273,117.80,32159.40,2025-07-31
468,SUP-03,1026,Ступичный подшипник,117,1809.00,211653.00,2025-04-03
469,SUP-06,1045,Лампы H7,194,257.40,49935.60,2025-06-08
470,SUP-05,1037,Радиатор кондиционера,128,4140.00,529920.00,2025-01-06
471,SUP-07,1062,Насос ГУР,380,7504.00,2851520.00,2025-11-19
472,SUP-09,1062,Насос ГУР,138,6608.00,911904.00,2025-10-02
473,SUP-06,1023,Шаровая опора,236,870.00,205320.00,2025-08-24
474,SUP-03,1016,Высоковольтные провода,60,1136.00,68160.00,2025-03-28
475,SUP-05,1059,Диск сцепления,190,2970.00,564300.00,2025-02-12
476,SUP-03,1060,Рулевой наконечник,239,832.00,198848.00,2025-02-28
477,SUP-02,1036,Радиатор охлаждения,297,4070.00,1208790.00,2025-08-19
478,SUP-04,1055,Зеркало боковое,254,2208.00,560832.00,2025-10-19
479,SUP-11,1012,Топливный фильтр,173,564.20,97606.60,2025-06-07
480,SUP-06,1060,Рулевой наконечник,343,806.00,276458.00,2025-09-04
481,SUP-01,1007,Суппорт тормозной,126,4602.00,579852.00,2025-06-28
482,SUP-02,1004,Тормозные диски задние,268,3186.00,853848.00,2025-01-14
483,SUP-09,1044,Лампы H4,52,273.00,14196.00,2025-11-18
484,SUP-03,1015,Катушка зажигания,326,1827.00,595602.00,2025-07-04
485,SUP-05,1063,Коврики салона,186,1344.00,249984.00,2025-03-16
486,SUP-08,1039,Бачок расширительный,182,770.00,140140.00,2025-09-13
487,SUP-10,1045,Лампы H7,225,241.80,54405.00,2025-01-02
488,SUP-06,1041,Вентилятор охлаждения,271,2709.00,734139.00,2025-02-14
489,SUP-07,1020,Амортизатор задний,156,3264.00,509184.00,2025-10-18
490,SUP-01,1001,Тормозные колодки передние,353,2040.00,720120.00,2025-11-30
491,SUP-09,1030,Помпа водяная,232,2088.00,484416.00,2025-10-27
492,SUP-06,1019,Амортизатор передний,318,3510.00,1116180.00,2025-01-30
493,SUP-09,1061,Рулевая тяга,230,1188.00,273240.00,2025-08-22
494,SUP-04,1040,Антифриз G12,118,352.80,41630.40,2025-09-21
495,SUP-09,1026,Ступичный подшипник,298,1782.00,531036.00,2025-12-27
496,SUP-04,1001,Тормозные колодки передние,342,1904.00,651168.00,2025-06-14
497,SUP-07,1045,Лампы H7,133,265.20,35271.60,2025-11-29
498,SUP-11,1037,Радиатор кондиционера,283,4347.00,1230201.00,2025-04-13
499,SUP-06,1017,Стартер,51,5518.00,281418.00,2025-04-10
500,SUP-12,1010,Воздушный фильтр,57,518.00,29526.00,2025-05-25
501,SUP-01,1047,Предохранители набор,272,108.30,29457.60,2025-08-17
502,SUP-10,1032,Сальник коленвала,114,264.00,30096.00,2025-11-22
503,SUP-08,1020,Амортизатор задний,242,3456.00,836352.00,2025-10-15
504,SUP-04,1061,Рулевая тяга,400,1188.00,475200.00,2025-03-06
505,SUP-07,1053,Жидкость ГУР,165,356.40,58806.00,2025-06-26
506,SUP-07,1016,Высоковольтные провода,395,1008.00,398160.00,2025-06-08
507,SUP-06,1039,Бачок расширительный,304,854.00,259616.00,2025-01-08
508,SUP-11,1052,Масло АКПП,241,525.10,126549.10,2025-08-02
509,SUP-05,1023,Шаровая опора,165,899.00,148335.00,2025-12-28
510,SUP-12,1023,Шаровая опора,368,913.50,336168.00,2025-09-03
511,SUP-07,1003,Тормозные диски передние,164,4030.00,660920.00,2025-09-09
512,SUP-05,1013,Фильтр АКПП,39,896.00,34944.00,2025-08-12
513,SUP-01,1013,Фильтр АКПП,201,952.00,191352.00,2025-11-15
514,SUP-03,1005,Тормозная жидкость DOT-4,216,319.50,69012.00,2025-01-13
515,SUP-09,1012,Топливный фильтр,375,500.50,187687.50,2025-06-18
516,SUP-02,1042,Аккумулятор 60Ah,41,4392.00,180072.00,2025-01-16
517,SUP-09,1046,Реле,182,196.00,35672.00,2025-10-08
518,SUP-10,1017,Стартер,109,5073.00,552957.00,2025-12-28
519,SUP-12,1003,Тормозные диски передние,283,3782.00,1070306.00,2025-06-02
520,SUP-06,1010,Воздушный фильтр,137,436.60,59814.20,2025-12-17
521,SUP-01,1029,Ролик натяжителя ГРМ,93,784.00,72912.00,2025-01-07
522,SUP-07,1040,Антифриз G12,89,313.60,27910.40,2025-08-25
523,SUP-04,1040,Антифриз G12,154,369.60,56918.40,2025-08-16
524,SUP-06,1012,Топливный фильтр,78,564.20,44007.60,2025-06-03
525,SUP-03,1032,Сальник коленвала,141,297.60,41961.60,2025-09-17
526,SUP-04,1048,Датчик ABS,380,1218.00,462840.00,2025-06-23
527,SUP-10,1023,Шаровая опора,189,1000.50,189094.50,2025-06-24
528,SUP-03,1056,Щётки стеклоочистителя,58,530.40,30763.20,2025-09-21
529,SUP-02,1045,Лампы H7,366,222.30,81361.80,2025-09-04
530,SUP-04,1018,Генератор,400,6820.00,2728000.00,2025-09-16
531,SUP-07,1001,Тормозные колодки передние,160,2448.00,391680.00,2025-04-13
532,SUP-11,1043,Аккумулятор 75Ah,262,5278.00,1382836.00,2025-09-28
533,SUP-08,1040,Антифриз G12,77,403.20,31046.40,2025-01-27
534,SUP-06,1063,Коврики салона,322,1440.00,463680.00,2025-01-16
535,SUP-03,1050,Моторное масло 5W-40,221,489.60,108201.60,2025-04-01
536,SUP-03,1052,Масло АКПП,220,614.10,135102.00,2025-07-24
537,SUP-03,1034,Комплект сцепления,311,6174.00,1920114.00,2025-07-29
538,SUP-03,1036,Радиатор охлаждения,320,4440.00,1420800.00,2025-08-21
539,SUP-01,1058,Пыльник ШРУС,393,367.20,144309.60,2025-01-13
540,SUP-02,1031,Прокладка ГБЦ,80,1430.00,114400.00,2025-04-21
541,SUP-07,1042,Аккумулятор 60Ah,110,5184.00,570240.00,2025-03-05
542,SUP-10,1032,Сальник коленвала,48,312.00,14976.00,2025-08-24
543,SUP-05,1043,Аккумулятор 75Ah,283,6188.00,1751204.00,2025-09-21
544,SUP-08,1042,Аккумулятор 60Ah,205,4680.00,959400.00,2025-03-04
545,SUP-06,1042,Аккумулятор 60Ah,120,4968.00,596160.00,2025-06-06
546,SUP-09,1012,Топливный фильтр,76,527.80,40112.80,2025-03-16
547,SUP-10,1039,Бачок расширительный,393,1008.00,396144.00,2025-09-21
548,SUP-04,1023,Шаровая опора,83,971.50,80634.50,2025-07-09
549,SUP-08,1007,Суппорт тормозной,107,4758.00,509106.00,2025-03-18
550,SUP-12,1062,Насос ГУР,100,7840.00,784000.00,2025-06-30
551,SUP-09,1018,Генератор,354,8556.00,3028824.00,2025-03-04
552,SUP-06,1032,Сальник коленвала,285,292.80,83448.00,2025-06-25
553,SUP-06,1027,Опора амортизатора,349,944.00,329456.00,2025-07-26
554,SUP-03,1016,Высоковольтные провода,101,992.00,100192.00,2025-05-20
555,SUP-07,1021,Стойка стабилизатора,199,539.00,107261.00,2025-12-14
556,SUP-06,1032,Сальник коленвала,262,302.40,79228.80,2025-03-04
557,SUP-02,1048,Датчик ABS,302,1491.00,450282.00,2025-01-21
558,SUP-02,1058,Пыльник ШРУС,269,356.40,95871.60,2025-07-08
559,SUP-12,1023,Шаровая опора,198,870.00,172260.00,2025-10-07
560,SUP-09,1047,Предохранители набор,63,115.90,7301.70,2025-12-11
561,SUP-09,1021,Стойка стабилизатора,177,558.60,98872.20,2025-01-22
562,SUP-12,1003,Тормозные диски передние,77,3720.00,286440.00,2025-10-08
563,SUP-05,1018,Генератор,376,6944.00,2610944.00,2025-11-11
564,SUP-11,1014,Свечи зажигания,147,258.40,37984.80,2025-02-08
565,SUP-01,1029,Ролик натяжителя ГРМ,208,854.00,177632.00,2025-09-01
566,SUP-03,1011,Фильтр салона,50,462.40,23120.00,2025-03-29
567,SUP-05,1001,Тормозные колодки передние,234,2448.00,572832.00,2025-05-08
568,SUP-08,1025,Пружина подвески,181,1922.00,347882.00,2025-08-28
569,SUP-11,1027,Опора амортизатора,124,1120.00,138880.00,2025-04-04
570,SUP-10,1061,Рулевая тяга,247,1134.00,280098.00,2025-12-04
571,SUP-08,1062,Насос ГУР,329,7056.00,2321424.00,2025-08-14
572,SUP-07,1064,Компрессор кондиционера,243,11592.00,2816856.00,2025-03-06
573,SUP-04,1050,Моторное масло 5W-40,395,408.00,161160.00,2025-03-19
574,SUP-09,1054,Фара передняя,200,4544.00,908800.00,2025-03-22
575,SUP-03,1024,Рычаг подвески,400,2352.00,940800.00,2025-12-20
576,SUP-10,1006,Тормозная жидкость DOT-5.1,204,578.50,118014.00,2025-10-02
577,SUP-02,1055,Зеркало боковое,218,1760.00,383680.00,2025-12-03
578,SUP-09,1010,Воздушный фильтр,110,436.60,48026.00,2025-07-29
579,SUP-11,1062,Насос ГУР,372,6384.00,2374848.00,2025-10-19
580,SUP-05,1029,Ролик натяжителя ГРМ,163,924.00,150612.00,2025-09-24
581,SUP-06,1024,Рычаг подвески,273,3024.00,825552.00,2025-07-03
582,SUP-02,1051,Моторное масло 5W-30,250,489.60,122400.00,2025-06-05
583,SUP-12,1010,Воздушный фильтр,218,444.00,96792.00,2025-03-04
584,SUP-02,1026,Ступичный подшипник,30,1674.00,50220.00,2025-02-20
585,SUP-08,1062,Насос ГУР,40,6272.00,250880.00,2025-05-03
586,SUP-09,1052,Масло АКПП,135,640.80,86508.00,2025-12-08
587,SUP-03,1043,Аккумулятор 75Ah,251,6188.00,1553188.00,2025-12-12
588,SUP-05,1048,Датчик ABS,298,1176.00,350448.00,2025-03-08
589,SUP-06,1049,Бензонасос,34,3976.00,135184.00,2025-10-13
590,SUP-12,1021,Стойка стабилизатора,358,539.00,192962.00,2025-09-07
591,SUP-06,1022,Сайлентблок рычага,90,532.00,47880.00,2025-10-24
592,SUP-03,1018,Генератор,110,8432.00,927520.00,2025-07-11
593,SUP-11,1033,Термостат,335,693.00,232155.00,2025-10-15
594,SUP-05,1036,Радиатор охлаждения,356,4884.00,1738704.00,2025-12-24
595,SUP-09,1019,Амортизатор передний,177,3564.00,630828.00,2025-05-31
596,SUP-04,1001,Тормозные колодки передние,122,2040.00,248880.00,2025-01-03
597,SUP-12,1058,Пыльник ШРУС,264,302.40,79833.60,2025-08-08
598,SUP-12,1057,ШРУС наружный,97,2911.00,282367.00,2025-04-18
599,SUP-11,1052,Масло АКПП,108,614.10,66322.80,2025-04-02
600,SUP-03,1040,Антифриз G12,275,341.60,93940.00,2025-12-31
601,SUP-12,1054,Фара передняя,126,3840.00,483840.00,2025-02-25
602,SUP-05,1039,Бачок расширительный,70,938.00,65660.00,2025-06-22
603,SUP-05,1023,Шаровая опора,35,841.00,29435.00,2025-11-04
604,SUP-10,1006,Тормозная жидкость DOT-5.1,144,542.90,78177.60,2025-07-19
605,SUP-05,1038,Патрубок радиатора,310,440.20,136462.00,2025-06-11
606,SUP-06,1047,Предохранители набор,188,106.40,20003.20,2025-08-12
607,SUP-04,1060,Рулевой наконечник,330,845.00,278850.00,2025-09-20
608,SUP-08,1049,Бензонасос,140,3528.00,493920.00,2025-09-23
609,SUP-03,1058,Пыльник ШРУС,341,345.60,117849.60,2025-04-23
610,SUP-11,1038,Патрубок радиатора,107,396.80,42457.60,2025-01-09
611,SUP-01,1042,Аккумулятор 60Ah,342,4680.00,1600560.00,2025-07-21
612,SUP-12,1063,Коврики салона,57,1656.00,94392.00,2025-09-18
613,SUP-08,1053,Жидкость ГУР,335,351.00,117585.00,2025-08-22
614,SUP-08,1046,Реле,250,170.80,42700.00,2025-09-29
615,SUP-02,1056,Щётки стеклоочистителя,374,468.00,175032.00,2025-07-06
616,SUP-05,1023,Шаровая опора,94,1015.00,95410.00,2025-12-23
617,SUP-11,1002,Тормозные колодки задние,65,1932.00,125580.00,2025-04-20
618,SUP-11,1020,Амортизатор задний,122,3120.00,380640.00,2025-12-27
619,SUP-04,1021,Стойка стабилизатора,220,578.20,127204.00,2025-04-08
620,SUP-01,1059,Диск сцепления,136,3015.00,410040.00,2025-12-11
621,SUP-03,1044,Лампы H4,233,298.20,69480.60,2025-09-25
622,SUP-09,1029,Ролик натяжителя ГРМ,213,980.00,208740.00,2025-05-05
623,SUP-01,1053,Жидкость ГУР,322,329.40,106066.80,2025-06-24
624,SUP-08,1046,Реле,134,159.60,21386.40,2025-04-01
625,SUP-03,1064,Компрессор кондиционера,49,10248.00,502152.00,2025-04-08
626,SUP-09,1006,Тормозная жидкость DOT-5.1,266,525.10,139676.60,2025-05-02
627,SUP-02,1008,Датчик износа колодок,160,429.00,68640.00,2025-12-16
628,SUP-05,1014,Свечи зажигания,212,231.80,49141.60,2025-08-28
629,SUP-02,1062,Насос ГУР,91,7504.00,682864.00,2025-04-16
630,SUP-06,1014,Свечи зажигания,173,228.00,39444.00,2025-05-03
631,SUP-10,1002,Тормозные колодки задние,336,1820.00,611520.00,2025-08-15
632,SUP-08,1047,Предохранители набор,310,114.00,35340.00,2025-11-12
633,SUP-12,1043,Аккумулятор 75Ah,220,6279.00,1381380.00,2025-08-06
634,SUP-07,1007,Суппорт тормозной,283,5538.00,1567254.00,2025-11-11
635,SUP-07,1032,Сальник коленвала,50,321.60,16080.00,2025-05-05
636,SUP-06,1064,Компрессор кондиционера,56,9576.00,536256.00,2025-12-26
637,SUP-09,1012,Топливный фильтр,222,618.80,137373.60,2025-10-29
638,SUP-03,1062,Насос ГУР,280,7168.00,2007040.00,2025-04-13
639,SUP-01,1039,Бачок расширительный,193,868.00,167524.00,2025-09-08
640,SUP-10,1060,Рулевой наконечник,309,845.00,261105.00,2025-05-30
641,SUP-12,1036,Радиатор охлаждения,274,5254.00,1439596.00,2025-11-28
642,SUP-09,1029,Ролик натяжителя ГРМ,330,924.00,304920.00,2025-11-06
643,SUP-10,1017,Стартер,40,5429.00,217160.00,2025-04-03
644,SUP-07,1009,Масляный фильтр,339,343.20,116344.80,2025-12-24
645,SUP-01,1023,Шаровая опора,39,913.50,35626.50,2025-12-29
646,SUP-12,1038,Патрубок радиатора,150,446.40,66960.00,2025-04-23
647,SUP-04,1056,Щётки стеклоочистителя,289,561.60,162302.40,2025-06-12
648,SUP-09,1020,Амортизатор задний,73,2688.00,196224.00,2025-09-16
649,SUP-08,1059,Диск сцепления,364,2520.00,917280.00,2025-02-14
650,SUP-08,1040,Антифриз G12,368,386.40,142195.20,2025-09-29
651,SUP-04,1055,Зеркало боковое,300,1856.00,556800.00,2025-01-09
652,SUP-06,1057,ШРУС наружный,183,2378.00,435174.00,2025-07-21
653,SUP-08,1012,Топливный фильтр,129,609.70,78651.30,2025-04-19
654,SUP-03,1041,Вентилятор охлаждения,131,2451.00,321081.00,2025-05-10
655,SUP-05,1020,Амортизатор задний,232,2880.00,668160.00,2025-04-25
656,SUP-01,1041,Вентилятор охлаждения,131,2967.00,388677.00,2025-09-27
657,SUP-03,1049,Бензонасос,266,4032.00,1072512.00,2025-08-16
658,SUP-01,1017,Стартер,365,5518.00,2014070.00,2025-03-11
659,SUP-11,1018,Генератор,27,8184.00,220968.00,2025-08-30
660,SUP-02,1049,Бензонасос,111,3248.00,360528.00,2025-02-01
661,SUP-05,1006,Тормозная жидкость DOT-5.1,230,640.80,147384.00,2025-07-29
662,SUP-09,1004,Тормозные диски задние,43,3888.00,167184.00,2025-04-23
663,SUP-09,1028,Ремень ГРМ,259,1296.00,335664.00,2025-07-03
664,SUP-10,1040,Антифриз G12,143,330.40,47247.20,2025-11-13
665,SUP-04,1003,Тормозные диски передние,57,3534.00,201438.00,2025-06-12
666,SUP-12,1062,Насос ГУР,126,6272.00,790272.00,2025-07-19
667,SUP-10,1009,Масляный фильтр,276,364.00,100464.00,2025-03-27
668,SUP-02,1030,Помпа водяная,319,2196.00,700524.00,2025-06-07
669,SUP-09,1056,Щётки стеклоочистителя,211,491.40,103685.40,2025-10-28
670,SUP-08,1004,Тормозные диски задние,163,3078.00,501714.00,2025-08-03
671,SUP-03,1047,Предохранители набор,137,121.60,16659.20,2025-07-15
672,SUP-12,1026,Ступичный подшипник,229,1836.00,420444.00,2025-11-07
673,SUP-06,1054,Фара передняя,68,3712.00,252416.00,2025-09-05
674,SUP-08,1020,Амортизатор задний,351,2976.00,1044576.00,2025-10-22
675,SUP-08,1020,Амортизатор задний,368,3024.00,1112832.00,2025-09-29
676,SUP-03,1008,Датчик износа колодок,79,403.00,31837.00,2025-06-06
677,SUP-10,1018,Генератор,283,8680.00,2456440.00,2025-04-26
678,SUP-09,1005,Тормозная жидкость DOT-4,299,270.00,80730.00,2025-05-18
679,SUP-08,1020,Амортизатор задний,44,3312.00,145728.00,2025-09-29
680,SUP-12,1037,Радиатор кондиционера,55,4623.00,254265.00,2025-10-31
681,SUP-05,1049,Бензонасос,76,3192.00,242592.00,2025-02-14
682,SUP-09,1015,Катушка зажигания,39,1972.00,76908.00,2025-01-20
683,SUP-09,1001,Тормозные колодки передние,331,2040.00,675240.00,2025-06-26
684,SUP-10,1035,Датчик коленвала,319,1235.00,393965.00,2025-07-02
685,SUP-04,1009,Масляный фильтр,312,364.00,113568.00,2025-01-16
686,SUP-02,1002,Тормозные колодки задние,94,1596.00,150024.00,2025-11-14
687,SUP-03,1020,Амортизатор задний,338,3216.00,1087008.00,2025-01-16
688,SUP-01,1060,Рулевой наконечник,392,741.00,290472.00,2025-04-07
689,SUP-08,1004,Тормозные диски задние,288,3618.00,1041984.00,2025-05-13
690,SUP-03,1045,Лампы H7,202,245.70,49631.40,2025-07-31
691,SUP-06,1056,Щётки стеклоочистителя,63,514.80,32432.40,2025-06-01
692,SUP-03,1038,Патрубок радиатора,60,421.60,25296.00,2025-11-01
693,SUP-02,1053,Жидкость ГУР,244,367.20,89596.80,2025-04-14
694,SUP-03,1023,Шаровая опора,396,841.00,333036.00,2025-04-27
695,SUP-01,1006,Тормозная жидкость DOT-5.1,161,640.80,103168.80,2025-12-02
696,SUP-10,1058,Пыльник ШРУС,166,383.40,63644.40,2025-09-18
697,SUP-08,1035,Датчик коленвала,206,1045.00,215270.00,2025-03-25
698,SUP-04,1006,Тормозная жидкость DOT-5.1,239,516.20,123371.80,2025-01-09
699,SUP-10,1007,Суппорт тормозной,63,4914.00,309582.00,2025-02-21
700,SUP-07,1017,Стартер,353,5073.00,1790769.00,2025-03-19
701,SUP-02,1051,Моторное масло 5W-30,110,424.80,46728.00,2025-04-28
702,SUP-01,1048,Датчик ABS,285,1176.00,335160.00,2025-03-07
703,SUP-11,1025,Пружина подвески,278,2201.00,611878.00,2025-06-15
704,SUP-03,1041,Вентилятор охлаждения,212,2709.00,574308.00,2025-01-29
705,SUP-11,1041,Вентилятор охлаждения,164,2924.00,479536.00,2025-06-14
706,SUP-03,1012,Топливный фильтр,32,509.60,16307.20,2025-06-03
707,SUP-02,1050,Моторное масло 5W-40,360,374.00,134640.00,2025-12-13
708,SUP-01,1012,Топливный фильтр,302,582.40,175884.80,2025-02-19
709,SUP-09,1021,Стойка стабилизатора,52,558.60,29047.20,2025-01-20
710,SUP-07,1025,Пружина подвески,274,1705.00,467170.00,2025-07-02
711,SUP-06,1037,Радиатор кондиционера,256,4899.00,1254144.00,2025-10-08
712,SUP-01,1063,Коврики салона,130,1488.00,193440.00,2025-04-19
713,SUP-01,1017,Стартер,125,5696.00,712000.00,2025-12-03
714,SUP-03,1011,Фильтр салона,65,421.60,27404.00,2025-07-16
715,SUP-09,1025,Пружина подвески,254,2108.00,535432.00,2025-05-11
716,SUP-12,1011,Фильтр салона,108,394.40,42595.20,2025-02-16
717,SUP-03,1011,Фильтр салона,231,428.40,98960.40,2025-03-05
718,SUP-03,1039,Бачок расширительный,245,966.00,236670.00,2025-10-08
719,SUP-10,1006,Тормозная жидкость DOT-5.1,378,516.20,195123.60,2025-09-08
720,SUP-11,1037,Радиатор кондиционера,175,4071.00,712425.00,2025-07-25
721,SUP-05,1051,Моторное масло 5W-30,215,439.20,94428.00,2025-05-20
722,SUP-05,1062,Насос ГУР,238,7280.00,1732640.00,2025-08-08
723,SUP-04,1001,Тормозные колодки передние,267,2040.00,544680.00,2025-07-15
724,SUP-02,1037,Радиатор кондиционера,243,4002.00,972486.00,2025-02-18
725,SUP-02,1058,Пыльник ШРУС,168,334.80,56246.40,2025-02-20
726,SUP-09,1027,Опора амортизатора,241,896.00,215936.00,2025-05-05
727,SUP-10,1039,Бачок расширительный,159,826.00,131334.00,2025-03-02
728,SUP-12,1026,Ступичный подшипник,187,1782.00,333234.00,2025-07-20
729,SUP-06,1020,Амортизатор задний,85,2928.00,248880.00,2025-01-22
730,SUP-11,1048,Датчик ABS,383,1323.00,506709.00,2025-09-26
731,SUP-03,1051,Моторное масло 5W-30,239,489.60,117014.40,2025-09-14
732,SUP-09,1030,Помпа водяная,72,2268.00,163296.00,2025-07-21
733,SUP-04,1001,Тормозные колодки передние,73,1870.00,136510.00,2025-11-19
734,SUP-03,1055,Зеркало боковое,142,1888.00,268096.00,2025-10-01
735,SUP-09,1021,Стойка стабилизатора,299,558.60,167021.40,2025-11-09
736,SUP-01,1026,Ступичный подшипник,95,1512.00,143640.00,2025-09-11
737,SUP-01,1049,Бензонасос,337,3304.00,1113448.00,2025-01-09
738,SUP-06,1017,Стартер,395,5963.00,2355385.00,2025-05-18
739,SUP-12,1023,Шаровая опора,384,1015.00,389760.00,2025-01-07
740,SUP-07,1036,Радиатор охлаждения,191,4366.00,833906.00,2025-02-15
741,SUP-10,1027,Опора амортизатора,350,912.00,319200.00,2025-05-17
742,SUP-08,1063,Коврики салона,179,1704.00,305016.00,2025-12-26
743,SUP-07,1056,Щётки стеклоочистителя,345,507.00,174915.00,2025-08-23
744,SUP-03,1020,Амортизатор задний,50,3120.00,156000.00,2025-06-07
745,SUP-03,1051,Моторное масло 5W-30,305,432.00,131760.00,2025-11-10
746,SUP-11,1051,Моторное масло 5W-30,384,504.00,193536.00,2025-02-06
747,SUP-12,1005,Тормозная жидкость DOT-4,241,319.50,76999.50,2025-03-31
748,SUP-09,1033,Термостат,308,737.00,226996.00,2025-10-17
749,SUP-08,1017,Стартер,218,5251.00,1144718.00,2025-04-22
750,SUP-07,1025,Пружина подвески,167,2201.00,367567.00,2025-10-20
751,SUP-07,1012,Топливный фильтр,75,618.80,46410.00,2025-04-19
752,SUP-07,1041,Вентилятор охлаждения,279,2666.00,743814.00,2025-02-12
753,SUP-06,1050,Моторное масло 5W-40,233,374.00,87142.00,2025-02-22
754,SUP-07,1014,Свечи зажигания,169,239.40,40458.60,2025-01-31
755,SUP-02,1052,Масло АКПП,111,489.50,54334.50,2025-03-04
756,SUP-03,1049,Бензонасос,381,3584.00,1365504.00,2025-02-12
757,SUP-11,1056,Щётки стеклоочистителя,189,483.60,91400.40,2025-11-13
758,SUP-10,1047,Предохранители набор,129,104.50,13480.50,2025-07-01
759,SUP-02,1053,Жидкость ГУР,51,383.40,19553.40,2025-03-27
760,SUP-03,1048,Датчик ABS,187,1344.00,251328.00,2025-12-05
761,SUP-06,1016,Высоковольтные провода,246,896.00,220416.00,2025-10-29
762,SUP-10,1001,Тормозные колодки передние,62,2074.00,128588.00,2025-12-21
763,SUP-07,1042,Аккумулятор 60Ah,31,4320.00,133920.00,2025-02-08
764,SUP-05,1061,Рулевая тяга,307,1134.00,348138.00,2025-11-21
765,SUP-12,1003,Тормозные диски передние,22,4216.00,92752.00,2025-01-15
766,SUP-04,1005,Тормозная жидкость DOT-4,166,270.00,44820.00,2025-02-19
767,SUP-01,1011,Фильтр салона,43,435.20,18713.60,2025-11-23
768,SUP-12,1058,Пыльник ШРУС,75,378.00,28350.00,2025-11-16
769,SUP-06,1033,Термостат,305,770.00,234850.00,2025-03-09
770,SUP-08,1045,Лампы H7,20,269.10,5382.00,2025-03-21
771,SUP-10,1051,Моторное масло 5W-30,232,439.20,101894.40,2025-12-21
772,SUP-07,1016,Высоковольтные провода,289,1072.00,309808.00,2025-07-21
773,SUP-02,1009,Масляный фильтр,302,332.80,100505.60,2025-10-25
774,SUP-08,1042,Аккумулятор 60Ah,94,4176.00,392544.00,2025-04-22
775,SUP-12,1026,Ступичный подшипник,186,1728.00,321408.00,2025-06-15
776,SUP-12,1022,Сайлентблок рычага,205,433.20,88806.00,2025-04-03
777,SUP-10,1035,Датчик коленвала,303,1292.00,391476.00,2025-06-18
778,SUP-05,1048,Датчик ABS,356,1344.00,478464.00,2025-05-25
779,SUP-10,1010,Воздушный фильтр,184,481.00,88504.00,2025-12-12
780,SUP-03,1059,Диск сцепления,50,2655.00,132750.00,2025-07-31
781,SUP-11,1002,Тормозные колодки задние,272,1708.00,464576.00,2025-02-03
782,SUP-11,1056,Щётки стеклоочистителя,134,553.80,74209.20,2025-02-16
783,SUP-03,1056,Щётки стеклоочистителя,26,530.40,13790.40,2025-06-24
784,SUP-01,1046,Реле,46,182.00,8372.00,2025-07-22
785,SUP-12,1003,Тормозные диски передние,269,3968.00,1067392.00,2025-07-08
786,SUP-07,1013,Фильтр АКПП,123,938.00,115374.00,2025-06-21
787,SUP-05,1043,Аккумулятор 75Ah,213,5733.00,1221129.00,2025-08-07
788,SUP-01,1060,Рулевой наконечник,76,897.00,68172.00,2025-11-28
789,SUP-04,1044,Лампы H4,140,285.60,39984.00,2025-06-15
790,SUP-01,1056,Щётки стеклоочистителя,247,507.00,125229.00,2025-06-10
791,SUP-06,1024,Рычаг подвески,30,2814.00,84420.00,2025-03-18
792,SUP-06,1048,Датчик ABS,328,1365.00,447720.00,2025-11-27
793,SUP-02,1025,Пружина подвески,236,1705.00,402380.00,2025-12-27
794,SUP-07,1033,Термостат,216,660.00,142560.00,2025-09-13
795,SUP-08,1058,Пыльник ШРУС,289,318.60,92075.40,2025-04-05
796,SUP-02,1039,Бачок расширительный,293,826.00,242018.00,2025-08-04
797,SUP-02,1019,Амортизатор передний,295,3240.00,955800.00,2025-08-22
798,SUP-03,1006,Тормозная жидкость DOT-5.1,47,640.80,30117.60,2025-07-29
799,SUP-06,1041,Вентилятор охлаждения,243,2924.00,710532.00,2025-04-18
800,SUP-01,1053,Жидкость ГУР,250,383.40,95850.00,2025-11-22
801,SUP-12,1050,Моторное масло 5W-40,32,408.00,13056.00,2025-04-13
802,SUP-03,1055,Зеркало боковое,186,1920.00,357120.00,2025-03-19
803,SUP-08,1049,Бензонасос,81,3696.00,299376.00,2025-08-03
804,SUP-10,1006,Тормозная жидкость DOT-5.1,26,631.90,16429.40,2025-07-08
805,SUP-09,1022,Сайлентблок рычага,59,456.00,26904.00,2025-10-23
806,SUP-05,1021,Стойка стабилизатора,106,666.40,70638.40,2025-03-19
807,SUP-02,1054,Фара передняя,292,3840.00,1121280.00,2025-12-02
808,SUP-01,1064,Компрессор кондиционера,104,10080.00,1048320.00,2025-02-09
809,SUP-08,1050,Моторное масло 5W-40,340,435.20,147968.00,2025-04-19
810,SUP-12,1002,Тормозные колодки задние,261,1624.00,423864.00,2025-02-12
811,SUP-11,1059,Диск сцепления,29,2610.00,75690.00,2025-11-29
812,SUP-06,1015,Катушка зажигания,203,1711.00,347333.00,2025-08-23
813,SUP-06,1042,Аккумулятор 60Ah,150,4608.00,691200.00,2025-11-11
814,SUP-10,1031,Прокладка ГБЦ,306,1408.00,430848.00,2025-04-29
815,SUP-03,1002,Тормозные колодки задние,136,1708.00,232288.00,2025-10-13
816,SUP-01,1014,Свечи зажигания,28,243.20,6809.60,2025-01-06
817,SUP-01,1005,Тормозная жидкость DOT-4,384,310.50,119232.00,2025-05-09
818,SUP-10,1025,Пружина подвески,100,2232.00,223200.00,2025-10-29
819,SUP-06,1051,Моторное масло 5W-30,238,518.40,123379.20,2025-11-03
820,SUP-07,1013,Фильтр АКПП,292,812.00,237104.00,2025-04-18
821,SUP-06,1048,Датчик ABS,142,1470.00,208740.00,2025-08-30
822,SUP-03,1049,Бензонасос,41,3136.00,128576.00,2025-10-15
823,SUP-01,1059,Диск сцепления,343,2520.00,864360.00,2025-03-24
824,SUP-07,1051,Моторное масло 5W-30,202,439.20,88718.40,2025-05-05
825,SUP-07,1027,Опора амортизатора,322,960.00,309120.00,2025-09-19
826,SUP-05,1002,Тормозные колодки задние,284,1624.00,461216.00,2025-09-30
827,SUP-12,1036,Радиатор охлаждения,83,4884.00,405372.00,2025-01-03
828,SUP-02,1041,Вентилятор охлаждения,48,3096.00,148608.00,2025-07-02
829,SUP-04,1004,Тормозные диски задние,272,3240.00,881280.00,2025-05-02
830,SUP-01,1001,Тормозные колодки передние,73,2448.00,178704.00,2025-09-27
831,SUP-02,1025,Пружина подвески,240,1798.00,431520.00,2025-09-23
832,SUP-03,1008,Датчик износа колодок,301,455.00,136955.00,2025-04-16
833,SUP-04,1052,Масло АКПП,394,498.40,196369.60,2025-11-04
834,SUP-09,1030,Помпа водяная,388,2412.00,935856.00,2025-08-05
835,SUP-12,1053,Жидкость ГУР,343,388.80,133358.40,2025-03-27
836,SUP-12,1021,Стойка стабилизатора,199,607.60,120912.40,2025-05-01
837,SUP-02,1008,Датчик износа колодок,132,377.00,49764.00,2025-08-10
838,SUP-06,1034,Комплект сцепления,92,6370.00,586040.00,2025-03-17
839,SUP-07,1061,Рулевая тяга,237,1044.00,247428.00,2025-09-24
840,SUP-12,1047,Предохранители набор,365,129.20,47158.00,2025-09-06
841,SUP-06,1030,Помпа водяная,295,2592.00,764640.00,2025-02-01
842,SUP-05,1017,Стартер,215,6408.00,1377720.00,2025-04-02
843,SUP-08,1028,Ремень ГРМ,330,1296.00,427680.00,2025-03-27
844,SUP-06,1040,Антифриз G12,327,369.60,120859.20,2025-06-24
845,SUP-03,1055,Зеркало боковое,200,1920.00,384000.00,2025-01-05
846,SUP-09,1047,Предохранители набор,369,131.10,48375.90,2025-08-01
847,SUP-01,1062,Насос ГУР,120,6608.00,792960.00,2025-11-17
848,SUP-04,1004,Тормозные диски задние,376,3240.00,1218240.00,2025-07-23
849,SUP-05,1055,Зеркало боковое,269,2144.00,576736.00,2025-09-01
850,SUP-07,1031,Прокладка ГБЦ,141,1540.00,217140.00,2025-06-21
851,SUP-07,1012,Топливный фильтр,274,582.40,159577.60,2025-10-10
852,SUP-02,1020,Амортизатор задний,140,2688.00,376320.00,2025-09-03
853,SUP-12,1052,Масло АКПП,210,640.80,134568.00,2025-11-15
854,SUP-06,1012,Топливный фильтр,20,518.70,10374.00,2025-05-17
855,SUP-04,1018,Генератор,161,8308.00,1337588.00,2025-01-26
856,SUP-02,1011,Фильтр салона,61,414.80,25302.80,2025-09-03
857,SUP-05,1004,Тормозные диски задние,32,3564.00,114048.00,2025-12-02
858,SUP-12,1022,Сайлентблок рычага,134,478.80,64159.20,2025-01-07
859,SUP-07,1058,Пыльник ШРУС,119,329.40,39198.60,2025-06-08
860,SUP-08,1032,Сальник коленвала,393,297.60,116956.80,2025-07-17
861,SUP-05,1037,Радиатор кондиционера,140,4485.00,627900.00,2025-03-09
862,SUP-02,1047,Предохранители набор,36,110.20,3967.20,2025-05-31
863,SUP-10,1057,ШРУС наружный,273,2501.00,682773.00,2025-02-21
864,SUP-07,1031,Прокладка ГБЦ,297,1320.00,392040.00,2025-11-24
865,SUP-03,1050,Моторное масло 5W-40,237,380.80,90249.60,2025-04-22
866,SUP-03,1015,Катушка зажигания,112,1595.00,178640.00,2025-06-05
867,SUP-07,1038,Патрубок радиатора,198,440.20,87159.60,2025-06-16
868,SUP-07,1007,Суппорт тормозной,91,4446.00,404586.00,2025-03-08
869,SUP-03,1009,Масляный фильтр,53,317.20,16811.60,2025-04-10
870,SUP-12,1010,Воздушный фильтр,54,473.60,25574.40,2025-11-13
871,SUP-10,1063,Коврики салона,149,1608.00,239592.00,2025-12-13
872,SUP-06,1061,Рулевая тяга,384,990.00,380160.00,2025-01-20
873,SUP-09,1027,Опора амортизатора,72,1152.00,82944.00,2025-12-20
874,SUP-11,1007,Суппорт тормозной,227,5460.00,1239420.00,2025-06-08
875,SUP-12,1063,Коврики салона,110,1368.00,150480.00,2025-11-11
876,SUP-08,1052,Масло АКПП,100,542.90,54290.00,2025-03-27
877,SUP-08,1038,Патрубок радиатора,285,434.00,123690.00,2025-04-17
878,SUP-04,1012,Топливный фильтр,227,527.80,119810.60,2025-03-29
879,SUP-11,1058,Пыльник ШРУС,160,378.00,60480.00,2025-02-08
880,SUP-08,1013,Фильтр АКПП,35,854.00,29890.00,2025-08-11
881,SUP-09,1006,Тормозная жидкость DOT-5.1,136,516.20,70203.20,2025-09-09
882,SUP-03,1062,Насос ГУР,324,6944.00,2249856.00,2025-03-23
883,SUP-10,1026,Ступичный подшипник,134,1701.00,227934.00,2025-10-11
884,SUP-06,1047,Предохранители набор,265,115.90,30713.50,2025-03-17
885,SUP-10,1001,Тормозные колодки передние,184,1870.00,344080.00,2025-04-27
886,SUP-04,1003,Тормозные диски передние,227,4030.00,914810.00,2025-03-06
887,SUP-01,1055,Зеркало боковое,349,2240.00,781760.00,2025-05-26
888,SUP-03,1037,Радиатор кондиционера,374,4830.00,1806420.00,2025-06-27
889,SUP-05,1036,Радиатор охлаждения,262,4884.00,1279608.00,2025-06-25
890,SUP-05,1024,Рычаг подвески,323,2940.00,949620.00,2025-06-13
891,SUP-09,1062,Насос ГУР,223,7728.00,1723344.00,2025-02-09
892,SUP-06,1009,Масляный фильтр,328,291.20,95513.60,2025-07-19
893,SUP-04,1022,Сайлентблок рычага,287,516.80,148321.60,2025-10-29
894,SUP-03,1042,Аккумулятор 60Ah,247,4248.00,1049256.00,2025-06-27
895,SUP-06,1033,Термостат,294,748.00,219912.00,2025-11-09
896,SUP-04,1011,Фильтр салона,121,476.00,57596.00,2025-02-27
897,SUP-08,1007,Суппорт тормозной,229,4524.00,1035996.00,2025-02-26
898,SUP-04,1053,Жидкость ГУР,330,329.40,108702.00,2025-01-08
899,SUP-04,1048,Датчик ABS,34,1344.00,45696.00,2025-05-13
900,SUP-04,1024,Рычаг подвески,162,2520.00,408240.00,2025-06-18
901,SUP-10,1040,Антифриз G12,117,313.60,36691.20,2025-12-10
902,SUP-04,1057,ШРУС наружный,332,2583.00,857556.00,2025-09-07
903,SUP-10,1044,Лампы H4,287,273.00,78351.00,2025-01-11
904,SUP-01,1045,Лампы H7,106,218.40,23150.40,2025-08-22
905,SUP-08,1064,Компрессор кондиционера,383,11592.00,4439736.00,2025-04-11
906,SUP-08,1015,Катушка зажигания,375,1972.00,739500.00,2025-09-23
907,SUP-12,1040,Антифриз G12,87,341.60,29719.20,2025-06-23
908,SUP-03,1029,Ролик натяжителя ГРМ,83,770.00,63910.00,2025-12-02
909,SUP-05,1016,Высоковольтные провода,267,912.00,243504.00,2025-06-23
910,SUP-04,1060,Рулевой наконечник,323,767.00,247741.00,2025-05-28
911,SUP-12,1003,Тормозные диски передние,323,3472.00,1121456.00,2025-08-13
912,SUP-09,1040,Антифриз G12,371,380.80,141276.80,2025-05-06
913,SUP-02,1012,Топливный фильтр,32,655.20,20966.40,2025-01-01
914,SUP-04,1034,Комплект сцепления,350,6860.00,2401000.00,2025-07-15
915,SUP-07,1022,Сайлентблок рычага,22,501.60,11035.20,2025-05-09
916,SUP-07,1048,Датчик ABS,180,1323.00,238140.00,2025-10-16
917,SUP-03,1036,Радиатор охлаждения,364,4514.00,1643096.00,2025-12-14
918,SUP-10,1015,Катушка зажигания,168,2001.00,336168.00,2025-03-01
919,SUP-05,1017,Стартер,194,5874.00,1139556.00,2025-12-26
920,SUP-12,1044,Лампы H4,138,247.80,34196.40,2025-10-14
921,SUP-06,1015,Катушка зажигания,154,2001.00,308154.00,2025-06-29
922,SUP-06,1047,Предохранители набор,219,123.50,27046.50,2025-11-10
923,SUP-11,1010,Воздушный фильтр,197,429.20,84552.40,2025-12-31
924,SUP-03,1037,Радиатор кондиционера,314,4002.00,1256628.00,2025-01-22
925,SUP-03,1047,Предохранители набор,184,127.30,23423.20,2025-10-22
926,SUP-04,1002,Тормозные колодки задние,56,1624.00,90944.00,2025-10-20
927,SUP-12,1048,Датчик ABS,227,1239.00,281253.00,2025-05-15
928,SUP-04,1031,Прокладка ГБЦ,64,1518.00,97152.00,2025-10-15
929,SUP-12,1049,Бензонасос,79,3136.00,247744.00,2025-03-26
930,SUP-10,1012,Топливный фильтр,386,555.10,214268.60,2025-12-29
931,SUP-08,1024,Рычаг подвески,154,2940.00,452760.00,2025-03-16
932,SUP-10,1051,Моторное масло 5W-30,348,410.40,142819.20,2025-02-05
933,SUP-11,1016,Высоковольтные провода,68,1056.00,71808.00,2025-03-27
934,SUP-04,1004,Тормозные диски задние,218,3618.00,788724.00,2025-01-08
935,SUP-10,1058,Пыльник ШРУС,241,388.80,93700.80,2025-12-09
936,SUP-08,1013,Фильтр АКПП,75,784.00,58800.00,2025-08-12
937,SUP-12,1006,Тормозная жидкость DOT-5.1,136,542.90,73834.40,2025-12-17
938,SUP-05,1017,Стартер,128,6319.00,808832.00,2025-02-23
939,SUP-02,1039,Бачок расширительный,108,784.00,84672.00,2025-02-16
940,SUP-07,1004,Тормозные диски задние,300,3780.00,1134000.00,2025-09-17
941,SUP-02,1063,Коврики салона,270,1320.00,356400.00,2025-09-29
942,SUP-08,1011,Фильтр салона,271,489.60,132681.60,2025-09-25
943,SUP-01,1030,Помпа водяная,259,2412.00,624708.00,2025-01-24
944,SUP-08,1051,Моторное масло 5W-30,164,518.40,85017.60,2025-11-19
945,SUP-12,1041,Вентилятор охлаждения,77,2451.00,188727.00,2025-06-26
946,SUP-09,1052,Масло АКПП,369,489.50,180625.50,2025-09-20
947,SUP-01,1025,Пружина подвески,357,2139.00,763623.00,2025-03-29
948,SUP-11,1009,Масляный фильтр,73,286.00,20878.00,2025-09-02
949,SUP-07,1060,Рулевой наконечник,362,845.00,305890.00,2025-06-13
950,SUP-05,1055,Зеркало боковое,122,1920.00,234240.00,2025-09-25
951,SUP-05,1004,Тормозные диски задние,166,3834.00,636444.00,2025-04-08
952,SUP-11,1030,Помпа водяная,159,2052.00,326268.00,2025-08-26
953,SUP-03,1007,Суппорт тормозной,159,5226.00,830934.00,2025-08-30
954,SUP-01,1012,Топливный фильтр,200,546.00,109200.00,2025-07-21
955,SUP-07,1040,Антифриз G12,361,380.80,137468.80,2025-01-16
956,SUP-08,1023,Шаровая опора,190,913.50,173565.00,2025-03-31
957,SUP-05,1023,Шаровая опора,42,797.50,33495.00,2025-03-07
958,SUP-04,1028,Ремень ГРМ,41,1026.00,42066.00,2025-07-04
959,SUP-08,1029,Ролик натяжителя ГРМ,234,798.00,186732.00,2025-02-06
960,SUP-09,1020,Амортизатор задний,214,3120.00,667680.00,2025-07-16
961,SUP-01,1040,Антифриз G12,196,341.60,66953.60,2025-11-28
962,SUP-03,1053,Жидкость ГУР,290,318.60,92394.00,2025-04-24
963,SUP-12,1044,Лампы H4,261,298.20,77830.20,2025-06-17
964,SUP-11,1044,Лампы H4,296,277.20,82051.20,2025-07-30
965,SUP-10,1031,Прокладка ГБЦ,337,1518.00,511566.00,2025-11-14
966,SUP-06,1035,Датчик коленвала,376,1178.00,442928.00,2025-08-08
967,SUP-01,1030,Помпа водяная,140,2196.00,307440.00,2025-09-19
968,SUP-03,1023,Шаровая опора,289,870.00,251430.00,2025-07-17
969,SUP-05,1061,Рулевая тяга,174,1026.00,178524.00,2025-04-28
970,SUP-03,1018,Генератор,313,8804.00,2755652.00,2025-08-18
971,SUP-03,1028,Ремень ГРМ,348,1098.00,382104.00,2025-07-27
972,SUP-03,1007,Суппорт тормозной,102,4524.00,461448.00,2025-05-18
973,SUP-03,1046,Реле,161,182.00,29302.00,2025-12-01
974,SUP-04,1017,Стартер,159,6141.00,976419.00,2025-05-02
975,SUP-07,1011,Фильтр салона,391,462.40,180798.40,2025-09-18
976,SUP-11,1008,Датчик износа колодок,220,435.50,95810.00,2025-05-17
977,SUP-10,1063,Коврики салона,308,1656.00,510048.00,2025-08-12
978,SUP-02,1063,Коврики салона,69,1704.00,117576.00,2025-03-11
979,SUP-09,1042,Аккумулятор 60Ah,384,4752.00,1824768.00,2025-03-06
980,SUP-07,1019,Амортизатор передний,105,3024.00,317520.00,2025-09-20
981,SUP-03,1060,Рулевой наконечник,72,767.00,55224.00,2025-02-07
982,SUP-04,1022,Сайлентблок рычага,154,516.80,79587.20,2025-09-10
983,SUP-12,1027,Опора амортизатора,377,1088.00,410176.00,2025-04-07
984,SUP-07,1030,Помпа водяная,237,1980.00,469260.00,2025-05-31
985,SUP-08,1012,Топливный фильтр,313,627.90,196532.70,2025-09-10
986,SUP-11,1022,Сайлентблок рычага,266,478.80,127360.80,2025-09-17
987,SUP-11,1030,Помпа водяная,267,2088.00,557496.00,2025-09-20
988,SUP-05,1015,Катушка зажигания,23,1653.00,38019.00,2025-07-27
989,SUP-10,1023,Шаровая опора,196,913.50,179046.00,2025-08-16
990,SUP-03,1048,Датчик ABS,263,1428.00,375564.00,2025-03-25
991,SUP-02,1058,Пыльник ШРУС,363,345.60,125452.80,2025-09-10
992,SUP-04,1050,Моторное масло 5W-40,38,476.00,18088.00,2025-09-04
993,SUP-01,1028,Ремень ГРМ,351,1026.00,360126.00,2025-10-05
994,SUP-01,1047,Предохранители набор,40,125.40,5016.00,2025-07-25
995,SUP-08,1036,Радиатор охлаждения,151,5032.00,759832.00,2025-10-16
996,SUP-12,1042,Аккумулятор 60Ah,54,5040.00,272160.00,2025-05-24
997,SUP-03,1050,Моторное масло 5W-40,176,476.00,83776.00,2025-01-16
998,SUP-07,1049,Бензонасос,208,3752.00,780416.00,2025-07-01
999,SUP-05,1028,Ремень ГРМ,207,1134.00,234738.00,2025-08-01
1000,SUP-08,1030,Помпа водяная,150,2376.00,356400.00,2025-09-04
1001,SUP-08,1032,Сальник коленвала,56,264.00,14784.00,2025-08-21
1002,SUP-02,1050,Моторное масло 5W-40,139,448.80,62383.20,2025-07-16
1003,SUP-12,1042,Аккумулятор 60Ah,322,4608.00,1483776.00,2025-01-16
1004,SUP-09,1047,Предохранители набор,260,127.30,33098.00,2025-03-28
1005,SUP-08,1023,Шаровая опора,157,913.50,143419.50,2025-01-13
1006,SUP-02,1047,Предохранители набор,45,133.00,5985.00,2025-09-08
1007,SUP-03,1020,Амортизатор задний,296,3408.00,1008768.00,2025-10-13
1008,SUP-05,1027,Опора амортизатора,258,944.00,243552.00,2025-02-28
1009,SUP-11,1020,Амортизатор задний,283,2688.00,760704.00,2025-02-03
1010,SUP-03,1039,Бачок расширительный,282,966.00,272412.00,2025-11-26
1011,SUP-02,1051,Моторное масло 5W-30,234,496.80,116251.20,2025-02-03
1012,SUP-01,1036,Радиатор охлаждения,213,4366.00,929958.00,2025-10-04
1013,SUP-10,1002,Тормозные колодки задние,269,1540.00,414260.00,2025-01-22
1014,SUP-08,1045,Лампы H7,143,269.10,38481.30,2025-01-28
1015,SUP-08,1038,Патрубок радиатора,109,390.60,42575.40,2025-03-22
1016,SUP-02,1042,Аккумулятор 60Ah,285,5112.00,1456920.00,2025-08-30
1017,SUP-06,1013,Фильтр АКПП,211,784.00,165424.00,2025-06-04
1018,SUP-11,1028,Ремень ГРМ,298,1278.00,380844.00,2025-04-03
1019,SUP-03,1003,Тормозные диски передние,24,4030.00,96720.00,2025-11-17
1020,SUP-10,1040,Антифриз G12,168,403.20,67737.60,2025-01-05
1021,SUP-12,1005,Тормозная жидкость DOT-4,28,265.50,7434.00,2025-07-09
1022,SUP-05,1021,Стойка стабилизатора,96,558.60,53625.60,2025-09-21
1023,SUP-02,1023,Шаровая опора,227,1044.00,236988.00,2025-04-11
1024,SUP-12,1003,Тормозные диски передние,318,3782.00,1202676.00,2025-09-01
1025,SUP-12,1061,Рулевая тяга,123,1098.00,135054.00,2025-07-02
1026,SUP-08,1036,Радиатор охлаждения,308,4218.00,1299144.00,2025-02-28
1027,SUP-05,1013,Фильтр АКПП,386,896.00,345856.00,2025-01-06
1028,SUP-11,1007,Суппорт тормозной,52,4290.00,223080.00,2025-07-15
1029,SUP-03,1029,Ролик натяжителя ГРМ,277,798.00,221046.00,2025-12-05
1030,SUP-09,1005,Тормозная жидкость DOT-4,252,252.00,63504.00,2025-03-13
1031,SUP-07,1018,Генератор,347,7192.00,2495624.00,2025-05-13
1032,SUP-03,1018,Генератор,231,7192.00,1661352.00,2025-02-14
1033,SUP-08,1034,Комплект сцепления,374,6762.00,2528988.00,2025-10-29
1034,SUP-11,1046,Реле,117,187.60,21949.20,2025-12-27
1035,SUP-06,1005,Тормозная жидкость DOT-4,48,306.00,14688.00,2025-10-24
1036,SUP-11,1060,Рулевой наконечник,397,741.00,294177.00,2025-12-15
1037,SUP-04,1034,Комплект сцепления,247,5978.00,1476566.00,2025-07-30
1038,SUP-03,1023,Шаровая опора,287,884.50,253851.50,2025-11-22
1039,SUP-03,1017,Стартер,133,5874.00,781242.00,2025-10-13
1040,SUP-12,1013,Фильтр АКПП,73,980.00,71540.00,2025-03-16
1041,SUP-09,1015,Катушка зажигания,109,1653.00,180177.00,2025-08-11
1042,SUP-11,1027,Опора амортизатора,77,928.00,71456.00,2025-12-14
1043,SUP-05,1013,Фильтр АКПП,278,924.00,256872.00,2025-07-05
1044,SUP-12,1039,Бачок расширительный,269,966.00,259854.00,2025-07-20
1045,SUP-12,1055,Зеркало боковое,227,2272.00,515744.00,2025-12-20
1046,SUP-01,1054,Фара передняя,72,3968.00,285696.00,2025-03-07
1047,SUP-08,1042,Аккумулятор 60Ah,289,4896.00,1414944.00,2025-02-03
1048,SUP-09,1008,Датчик износа колодок,124,370.50,45942.00,2025-01-09
1049,SUP-07,1053,Жидкость ГУР,185,345.60,63936.00,2025-10-25
1050,SUP-08,1034,Комплект сцепления,278,5684.00,1580152.00,2025-10-09
1051,SUP-07,1022,Сайлентблок рычага,40,448.40,17936.00,2025-08-08
1052,SUP-09,1016,Высоковольтные провода,165,944.00,155760.00,2025-11-11
1053,SUP-12,1034,Комплект сцепления,310,6566.00,2035460.00,2025-01-11
1054,SUP-06,1022,Сайлентблок рычага,326,448.40,146178.40,2025-04-17
1055,SUP-07,1050,Моторное масло 5W-40,194,428.40,83109.60,2025-10-29
1056,SUP-09,1063,Коврики салона,385,1680.00,646800.00,2025-10-18
1057,SUP-12,1002,Тормозные колодки задние,114,1708.00,194712.00,2025-02-02
1058,SUP-02,1024,Рычаг подвески,320,2310.00,739200.00,2025-08-11
1059,SUP-10,1023,Шаровая опора,230,812.00,186760.00,2025-05-24
1060,SUP-05,1013,Фильтр АКПП,398,826.00,328748.00,2025-07-16
1061,SUP-02,1005,Тормозная жидкость DOT-4,329,292.50,96232.50,2025-03-03
1062,SUP-12,1013,Фильтр АКПП,143,924.00,132132.00,2025-09-20
1063,SUP-06,1026,Ступичный подшипник,256,1539.00,393984.00,2025-04-09
1064,SUP-11,1034,Комплект сцепления,255,6860.00,1749300.00,2025-10-21
1065,SUP-07,1022,Сайлентблок рычага,202,463.60,93647.20,2025-09-25
1066,SUP-04,1036,Радиатор охлаждения,350,4810.00,1683500.00,2025-03-08
1067,SUP-08,1054,Фара передняя,231,3776.00,872256.00,2025-05-15
1068,SUP-11,1063,Коврики салона,187,1656.00,309672.00,2025-07-10
1069,SUP-02,1049,Бензонасос,195,3136.00,611520.00,2025-04-04
1070,SUP-06,1016,Высоковольтные провода,181,1088.00,196928.00,2025-12-03
1071,SUP-07,1038,Патрубок радиатора,160,365.80,58528.00,2025-05-18
1072,SUP-07,1039,Бачок расширительный,311,938.00,291718.00,2025-09-28
1073,SUP-04,1037,Радиатор кондиционера,234,4485.00,1049490.00,2025-03-24
1074,SUP-05,1064,Компрессор кондиционера,77,12096.00,931392.00,2025-10-05
1075,SUP-08,1039,Бачок расширительный,93,854.00,79422.00,2025-08-10
1076,SUP-08,1060,Рулевой наконечник,150,754.00,113100.00,2025-11-19
1077,SUP-09,1031,Прокладка ГБЦ,53,1540.00,81620.00,2025-03-19
1078,SUP-05,1061,Рулевая тяга,181,1134.00,205254.00,2025-10-14
1079,SUP-08,1006,Тормозная жидкость DOT-5.1,390,614.10,239499.00,2025-05-19
1080,SUP-11,1051,Моторное масло 5W-30,382,489.60,187027.20,2025-04-02
1081,SUP-05,1011,Фильтр салона,75,462.40,34680.00,2025-06-02
1082,SUP-12,1059,Диск сцепления,102,2970.00,302940.00,2025-12-05
1083,SUP-08,1036,Радиатор охлаждения,355,4440.00,1576200.00,2025-06-23
1084,SUP-10,1034,Комплект сцепления,164,5684.00,932176.00,2025-11-02
1085,SUP-09,1050,Моторное масло 5W-40,208,476.00,99008.00,2025-03-18
1086,SUP-07,1046,Реле,393,179.20,70425.60,2025-12-25
1087,SUP-04,1017,Стартер,145,5073.00,735585.00,2025-02-20
1088,SUP-12,1047,Предохранители набор,169,104.50,17660.50,2025-11-27
1089,SUP-03,1010,Воздушный фильтр,181,488.40,88400.40,2025-01-11
1090,SUP-12,1005,Тормозная жидкость DOT-4,165,274.50,45292.50,2025-08-21
1091,SUP-04,1029,Ролик натяжителя ГРМ,170,952.00,161840.00,2025-05-17
1092,SUP-11,1027,Опора амортизатора,224,1104.00,247296.00,2025-10-22
1093,SUP-02,1016,Высоковольтные провода,54,880.00,47520.00,2025-11-23
1094,SUP-05,1015,Катушка зажигания,382,1682.00,642524.00,2025-07-28
1095,SUP-05,1011,Фильтр салона,378,442.00,167076.00,2025-03-19
1096,SUP-02,1025,Пружина подвески,282,2015.00,568230.00,2025-04-30
1097,SUP-04,1048,Датчик ABS,242,1323.00,320166.00,2025-11-17
1098,SUP-05,1025,Пружина подвески,364,2139.00,778596.00,2025-05-22
1099,SUP-06,1039,Бачок расширительный,25,924.00,23100.00,2025-09-30
1100,SUP-04,1055,Зеркало боковое,171,1984.00,339264.00,2025-12-20
1101,SUP-10,1011,Фильтр салона,86,462.40,39766.40,2025-03-24
1102,SUP-04,1033,Термостат,167,638.00,106546.00,2025-12-30
1103,SUP-01,1017,Стартер,121,5963.00,721523.00,2025-05-22
1104,SUP-11,1027,Опора амортизатора,59,1088.00,64192.00,2025-05-20
1105,SUP-04,1023,Шаровая опора,354,797.50,282315.00,2025-11-07
1106,SUP-10,1048,Датчик ABS,382,1218.00,465276.00,2025-07-21
1107,SUP-10,1021,Стойка стабилизатора,227,656.60,149048.20,2025-07-21
1108,SUP-05,1031,Прокладка ГБЦ,70,1364.00,95480.00,2025-12-17
1109,SUP-07,1044,Лампы H4,154,289.80,44629.20,2025-12-24
1110,SUP-05,1013,Фильтр АКПП,325,868.00,282100.00,2025-10-15
1111,SUP-02,1054,Фара передняя,35,3840.00,134400.00,2025-08-28
1112,SUP-12,1017,Стартер,257,5162.00,1326634.00,2025-07-11
1113,SUP-02,1007,Суппорт тормозной,50,4524.00,226200.00,2025-08-08
1114,SUP-06,1051,Моторное масло 5W-30,49,396.00,19404.00,2025-06-10
1115,SUP-05,1019,Амортизатор передний,66,3294.00,217404.00,2025-03-29
1116,SUP-04,1059,Диск сцепления,21,2475.00,51975.00,2025-04-07
1117,SUP-05,1015,Катушка зажигания,357,2030.00,724710.00,2025-04-19
1118,SUP-01,1016,Высоковольтные провода,274,1056.00,289344.00,2025-01-16
1119,SUP-05,1047,Предохранители набор,272,134.90,36692.80,2025-02-21
1120,SUP-06,1047,Предохранители набор,87,134.90,11736.30,2025-11-26
1121,SUP-02,1022,Сайлентблок рычага,170,539.60,91732.00,2025-12-09
1122,SUP-08,1015,Катушка зажигания,263,1856.00,488128.00,2025-09-21
1123,SUP-08,1063,Коврики салона,322,1464.00,471408.00,2025-09-16
1124,SUP-11,1007,Суппорт тормозной,25,5070.00,126750.00,2025-07-13
1125,SUP-05,1007,Суппорт тормозной,395,5460.00,2156700.00,2025-01-24
1126,SUP-02,1020,Амортизатор задний,183,3360.00,614880.00,2025-12-16
1127,SUP-02,1064,Компрессор кондиционера,170,11424.00,1942080.00,2025-08-18
1128,SUP-02,1006,Тормозная жидкость DOT-5.1,100,640.80,64080.00,2025-07-06
1129,SUP-09,1025,Пружина подвески,239,1705.00,407495.00,2025-12-12
1130,SUP-08,1035,Датчик коленвала,340,1178.00,400520.00,2025-07-25
1131,SUP-03,1004,Тормозные диски задние,287,3078.00,883386.00,2025-11-20
1132,SUP-02,1035,Датчик коленвала,270,1140.00,307800.00,2025-08-22
1133,SUP-10,1034,Комплект сцепления,207,7056.00,1460592.00,2025-08-14
1134,SUP-11,1004,Тормозные диски задние,322,3726.00,1199772.00,2025-03-06
1135,SUP-03,1023,Шаровая опора,158,1000.50,158079.00,2025-12-29
1136,SUP-11,1009,Масляный фильтр,45,338.00,15210.00,2025-06-04
1137,SUP-02,1015,Катушка зажигания,321,1769.00,567849.00,2025-06-16
1138,SUP-02,1025,Пружина подвески,180,1798.00,323640.00,2025-11-02
1139,SUP-12,1002,Тормозные колодки задние,217,1540.00,334180.00,2025-02-28
1140,SUP-06,1062,Насос ГУР,261,8064.00,2104704.00,2025-09-23
1141,SUP-08,1008,Датчик износа колодок,312,448.50,139932.00,2025-09-25
1142,SUP-07,1012,Топливный фильтр,103,618.80,63736.40,2025-01-31
1143,SUP-05,1011,Фильтр салона,317,448.80,142269.60,2025-03-28
1144,SUP-08,1027,Опора амортизатора,135,976.00,131760.00,2025-11-27
1145,SUP-09,1052,Масло АКПП,228,640.80,146102.40,2025-02-24
1146,SUP-09,1047,Предохранители набор,366,127.30,46591.80,2025-07-04
1147,SUP-05,1004,Тормозные диски задние,101,3240.00,327240.00,2025-06-08
1148,SUP-12,1050,Моторное масло 5W-40,269,435.20,117068.80,2025-08-10
1149,SUP-01,1046,Реле,258,184.80,47678.40,2025-10-30
1150,SUP-04,1021,Стойка стабилизатора,154,646.80,99607.20,2025-04-19
1151,SUP-06,1017,Стартер,295,4895.00,1444025.00,2025-02-23
1152,SUP-09,1004,Тормозные диски задние,360,3726.00,1341360.00,2025-07-12
1153,SUP-06,1034,Комплект сцепления,161,5488.00,883568.00,2025-02-27
1154,SUP-01,1026,Ступичный подшипник,51,1890.00,96390.00,2025-02-15
1155,SUP-12,1025,Пружина подвески,141,2232.00,314712.00,2025-07-22
1156,SUP-06,1061,Рулевая тяга,220,1152.00,253440.00,2025-11-21
1157,SUP-01,1023,Шаровая опора,177,1029.50,182221.50,2025-05-31
1158,SUP-09,1046,Реле,333,165.20,55011.60,2025-07-26
1159,SUP-03,1035,Датчик коленвала,378,1368.00,517104.00,2025-02-01
1160,SUP-01,1048,Датчик ABS,252,1386.00,349272.00,2025-12-20
1161,SUP-10,1062,Насос ГУР,193,7168.00,1383424.00,2025-05-01
1162,SUP-05,1045,Лампы H7,30,253.50,7605.00,2025-05-10
1163,SUP-05,1007,Суппорт тормозной,310,4992.00,1547520.00,2025-05-18
1164,SUP-08,1014,Свечи зажигания,63,212.80,13406.40,2025-05-14
1165,SUP-07,1062,Насос ГУР,234,6496.00,1520064.00,2025-09-26
1166,SUP-02,1021,Стойка стабилизатора,56,695.80,38964.80,2025-10-13
1167,SUP-02,1043,Аккумулятор 75Ah,250,5369.00,1342250.00,2025-11-07
1168,SUP-01,1023,Шаровая опора,306,1044.00,319464.00,2025-01-10
1169,SUP-06,1011,Фильтр салона,149,421.60,62818.40,2025-03-25
1170,SUP-03,1035,Датчик коленвала,220,1083.00,238260.00,2025-12-06
1171,SUP-10,1057,ШРУС наружный,299,2296.00,686504.00,2025-05-24
1172,SUP-08,1015,Катушка зажигания,147,1943.00,285621.00,2025-09-28
1173,SUP-11,1011,Фильтр салона,140,482.80,67592.00,2025-10-01
1174,SUP-02,1056,Щётки стеклоочистителя,381,460.20,175336.20,2025-04-27
1175,SUP-01,1019,Амортизатор передний,75,3726.00,279450.00,2025-03-11
1176,SUP-06,1026,Ступичный подшипник,365,1782.00,650430.00,2025-04-10
1177,SUP-05,1042,Аккумулятор 60Ah,256,3960.00,1013760.00,2025-09-18
1178,SUP-10,1020,Амортизатор задний,49,3216.00,157584.00,2025-01-30
1179,SUP-09,1042,Аккумулятор 60Ah,281,4320.00,1213920.00,2025-04-18
1180,SUP-09,1011,Фильтр салона,136,380.80,51788.80,2025-07-29
1181,SUP-06,1011,Фильтр салона,94,428.40,40269.60,2025-07-23
1182,SUP-03,1061,Рулевая тяга,118,1170.00,138060.00,2025-01-17
1183,SUP-04,1037,Радиатор кондиционера,330,4416.00,1457280.00,2025-08-28
1184,SUP-11,1028,Ремень ГРМ,344,1224.00,421056.00,2025-01-16
1185,SUP-11,1009,Масляный фильтр,218,348.40,75951.20,2025-11-29
1186,SUP-07,1021,Стойка стабилизатора,287,588.00,168756.00,2025-09-17
1187,SUP-04,1013,Фильтр АКПП,91,840.00,76440.00,2025-01-19
1188,SUP-11,1046,Реле,128,165.20,21145.60,2025-07-17
1189,SUP-02,1015,Катушка зажигания,109,1595.00,173855.00,2025-10-05
1190,SUP-04,1013,Фильтр АКПП,270,1008.00,272160.00,2025-08-31
1191,SUP-10,1047,Предохранители набор,338,114.00,38532.00,2025-07-14
1192,SUP-11,1053,Жидкость ГУР,165,302.40,49896.00,2025-11-04
1193,SUP-03,1012,Топливный фильтр,290,655.20,190008.00,2025-05-08
1194,SUP-06,1033,Термостат,301,638.00,192038.00,2025-12-11
1195,SUP-06,1044,Лампы H4,375,260.40,97650.00,2025-02-25
1196,SUP-12,1011,Фильтр салона,126,476.00,59976.00,2025-09-01
1197,SUP-11,1010,Воздушный фильтр,218,451.40,98405.20,2025-06-19
1198,SUP-09,1002,Тормозные колодки задние,207,1708.00,353556.00,2025-09-01
1199,SUP-04,1012,Топливный фильтр,250,582.40,145600.00,2025-11-21
1200,SUP-08,1024,Рычаг подвески,34,2604.00,88536.00,2025-05-06
1201,SUP-09,1037,Радиатор кондиционера,230,4692.00,1079160.00,2025-11-12
1202,SUP-10,1009,Масляный фильтр,120,348.40,41808.00,2025-11-05
1203,SUP-03,1001,Тормозные колодки передние,52,2040.00,106080.00,2025-05-06
1204,SUP-08,1054,Фара передняя,35,4160.00,145600.00,2025-04-12
1205,SUP-11,1014,Свечи зажигания,93,239.40,22264.20,2025-06-19
1206,SUP-09,1022,Сайлентблок рычага,301,524.40,157844.40,2025-04-19
1207,SUP-07,1058,Пыльник ШРУС,126,297.00,37422.00,2025-11-09
1208,SUP-12,1029,Ролик натяжителя ГРМ,186,938.00,174468.00,2025-04-01
1209,SUP-07,1059,Диск сцепления,299,2790.00,834210.00,2025-11-20
1210,SUP-07,1045,Лампы H7,289,265.20,76642.80,2025-08-30
1211,SUP-09,1013,Фильтр АКПП,292,826.00,241192.00,2025-08-20
1212,SUP-10,1062,Насос ГУР,274,7728.00,2117472.00,2025-08-23
1213,SUP-11,1041,Вентилятор охлаждения,307,2838.00,871266.00,2025-07-02
1214,SUP-03,1026,Ступичный подшипник,224,1890.00,423360.00,2025-12-26
1215,SUP-04,1056,Щётки стеклоочистителя,118,483.60,57064.80,2025-06-26
1216,SUP-05,1046,Реле,252,196.00,49392.00,2025-08-05
1217,SUP-05,1018,Генератор,32,7564.00,242048.00,2025-07-24
1218,SUP-05,1059,Диск сцепления,38,3195.00,121410.00,2025-06-16
1219,SUP-07,1039,Бачок расширительный,299,798.00,238602.00,2025-04-09
1220,SUP-09,1022,Сайлентблок рычага,304,463.60,140934.40,2025-03-30
1221,SUP-09,1023,Шаровая опора,396,1015.00,401940.00,2025-12-06
1222,SUP-07,1049,Бензонасос,29,3640.00,105560.00,2025-12-02
1223,SUP-08,1047,Предохранители набор,210,106.40,22344.00,2025-07-26
1224,SUP-01,1022,Сайлентблок рычага,208,547.20,113817.60,2025-07-19
1225,SUP-11,1043,Аккумулятор 75Ah,91,6461.00,587951.00,2025-03-22
1226,SUP-10,1052,Масло АКПП,155,551.80,85529.00,2025-09-10
1227,SUP-03,1049,Бензонасос,102,3248.00,331296.00,2025-06-18
1228,SUP-06,1013,Фильтр АКПП,383,924.00,353892.00,2025-01-26
1229,SUP-07,1033,Термостат,393,715.00,280995.00,2025-09-23
1230,SUP-05,1031,Прокладка ГБЦ,166,1298.00,215468.00,2025-06-18
1231,SUP-03,1031,Прокладка ГБЦ,163,1540.00,251020.00,2025-10-14
1232,SUP-11,1020,Амортизатор задний,355,3168.00,1124640.00,2025-03-05
1233,SUP-07,1014,Свечи зажигания,354,250.80,88783.20,2025-04-20
1234,SUP-01,1006,Тормозная жидкость DOT-5.1,183,578.50,105865.50,2025-05-20
1235,SUP-11,1009,Масляный фильтр,271,291.20,78915.20,2025-04-02
1236,SUP-06,1050,Моторное масло 5W-40,50,421.60,21080.00,2025-04-22
1237,SUP-03,1005,Тормозная жидкость DOT-4,144,301.50,43416.00,2025-07-05
1238,SUP-08,1051,Моторное масло 5W-30,267,496.80,132645.60,2025-08-30
1239,SUP-05,1007,Суппорт тормозной,242,5226.00,1264692.00,2025-11-11
1240,SUP-11,1028,Ремень ГРМ,349,1296.00,452304.00,2025-07-09
1241,SUP-07,1062,Насос ГУР,97,7504.00,727888.00,2025-07-07
1242,SUP-02,1036,Радиатор охлаждения,249,4736.00,1179264.00,2025-10-30
1243,SUP-02,1018,Генератор,112,6820.00,763840.00,2025-10-31
1244,SUP-06,1024,Рычаг подвески,236,2856.00,674016.00,2025-04-18
1245,SUP-10,1008,Датчик износа колодок,53,468.00,24804.00,2025-12-27
1246,SUP-01,1029,Ролик натяжителя ГРМ,277,854.00,236558.00,2025-11-04
1247,SUP-01,1004,Тормозные диски задние,143,3780.00,540540.00,2025-10-09
1248,SUP-01,1042,Аккумулятор 60Ah,61,5184.00,316224.00,2025-09-12
1249,SUP-12,1030,Помпа водяная,251,2196.00,551196.00,2025-02-17
1250,SUP-06,1011,Фильтр салона,155,401.20,62186.00,2025-10-22
1251,SUP-11,1062,Насос ГУР,32,7728.00,247296.00,2025-02-09
1252,SUP-03,1009,Масляный фильтр,245,369.20,90454.00,2025-09-10
1253,SUP-01,1013,Фильтр АКПП,340,868.00,295120.00,2025-10-30
1254,SUP-12,1048,Датчик ABS,206,1302.00,268212.00,2025-10-19
1255,SUP-01,1058,Пыльник ШРУС,131,388.80,50932.80,2025-08-03
1256,SUP-08,1023,Шаровая опора,151,928.00,140128.00,2025-01-23
1257,SUP-11,1058,Пыльник ШРУС,80,367.20,29376.00,2025-02-27
1258,SUP-08,1062,Насос ГУР,101,6496.00,656096.00,2025-09-27
1259,SUP-04,1026,Ступичный подшипник,388,1755.00,680940.00,2025-07-17
1260,SUP-01,1048,Датчик ABS,379,1281.00,485499.00,2025-08-01
1261,SUP-03,1058,Пыльник ШРУС,82,318.60,26125.20,2025-07-17
1262,SUP-04,1049,Бензонасос,25,3416.00,85400.00,2025-06-19
1263,SUP-02,1046,Реле,391,170.80,66782.80,2025-05-04
1264,SUP-01,1010,Воздушный фильтр,298,532.80,158774.40,2025-09-29
1265,SUP-06,1015,Катушка зажигания,222,1914.00,424908.00,2025-03-13
1266,SUP-10,1022,Сайлентблок рычага,158,501.60,79252.80,2025-03-22
1267,SUP-12,1027,Опора амортизатора,140,896.00,125440.00,2025-11-19
1268,SUP-05,1005,Тормозная жидкость DOT-4,346,247.50,85635.00,2025-11-20
1269,SUP-08,1052,Масло АКПП,317,631.90,200312.30,2025-06-26
1270,SUP-02,1059,Диск сцепления,288,2925.00,842400.00,2025-07-23
1271,SUP-04,1043,Аккумулятор 75Ah,189,6006.00,1135134.00,2025-07-16
1272,SUP-09,1008,Датчик износа колодок,50,448.50,22425.00,2025-05-07
1273,SUP-01,1004,Тормозные диски задние,46,3024.00,139104.00,2025-11-05
1274,SUP-03,1047,Предохранители набор,375,131.10,49162.50,2025-01-03
1275,SUP-09,1025,Пружина подвески,251,1705.00,427955.00,2025-09-15
1276,SUP-01,1003,Тормозные диски передние,252,4154.00,1046808.00,2025-08-30
1277,SUP-11,1017,Стартер,193,6052.00,1168036.00,2025-05-26
1278,SUP-01,1051,Моторное масло 5W-30,256,482.40,123494.40,2025-09-18
1279,SUP-04,1053,Жидкость ГУР,280,324.00,90720.00,2025-06-08
1280,SUP-07,1060,Рулевой наконечник,341,936.00,319176.00,2025-10-31
1281,SUP-01,1011,Фильтр салона,92,469.20,43166.40,2025-06-12
1282,SUP-11,1023,Шаровая опора,29,870.00,25230.00,2025-08-06
1283,SUP-08,1053,Жидкость ГУР,81,383.40,31055.40,2025-08-24
1284,SUP-05,1026,Ступичный подшипник,30,1485.00,44550.00,2025-04-07
1285,SUP-11,1034,Комплект сцепления,127,6762.00,858774.00,2025-11-15
1286,SUP-01,1016,Высоковольтные провода,222,1040.00,230880.00,2025-01-11
1287,SUP-04,1037,Радиатор кондиционера,84,4140.00,347760.00,2025-10-09
1288,SUP-11,1063,Коврики салона,48,1608.00,77184.00,2025-11-19
1289,SUP-06,1018,Генератор,32,6944.00,222208.00,2025-02-19
1290,SUP-02,1047,Предохранители набор,231,133.00,30723.00,2025-03-18
1291,SUP-05,1019,Амортизатор передний,260,3402.00,884520.00,2025-05-10
1292,SUP-09,1034,Комплект сцепления,183,5782.00,1058106.00,2025-10-31
1293,SUP-07,1054,Фара передняя,383,3968.00,1519744.00,2025-11-23
1294,SUP-01,1007,Суппорт тормозной,126,5616.00,707616.00,2025-09-18
1295,SUP-03,1019,Амортизатор передний,130,3510.00,456300.00,2025-08-09
1296,SUP-05,1057,ШРУС наружный,194,2542.00,493148.00,2025-07-28
1297,SUP-02,1034,Комплект сцепления,253,5684.00,1438052.00,2025-12-17
1298,SUP-09,1061,Рулевая тяга,260,1242.00,322920.00,2025-06-04
1299,SUP-07,1014,Свечи зажигания,138,224.20,30939.60,2025-12-26
1300,SUP-07,1015,Катушка зажигания,51,1798.00,91698.00,2025-02-01
1301,SUP-10,1046,Реле,343,184.80,63386.40,2025-12-16
1302,SUP-05,1053,Жидкость ГУР,301,307.80,92647.80,2025-10-02
1303,SUP-01,1045,Лампы H7,360,265.20,95472.00,2025-05-09
1304,SUP-11,1015,Катушка зажигания,272,1798.00,489056.00,2025-01-20
1305,SUP-10,1055,Зеркало боковое,280,1824.00,510720.00,2025-12-19
1306,SUP-11,1041,Вентилятор охлаждения,171,2494.00,426474.00,2025-11-06
1307,SUP-04,1023,Шаровая опора,358,1044.00,373752.00,2025-06-03
1308,SUP-08,1018,Генератор,311,7688.00,2390968.00,2025-10-17
1309,SUP-10,1062,Насос ГУР,174,6720.00,1169280.00,2025-11-05
1310,SUP-08,1005,Тормозная жидкость DOT-4,364,279.00,101556.00,2025-08-09
1311,SUP-12,1027,Опора амортизатора,124,1072.00,132928.00,2025-08-03
1312,SUP-04,1055,Зеркало боковое,363,1824.00,662112.00,2025-07-18
1313,SUP-09,1006,Тормозная жидкость DOT-5.1,88,631.90,55607.20,2025-03-04
1314,SUP-04,1036,Радиатор охлаждения,178,5106.00,908868.00,2025-10-29
1315,SUP-03,1056,Щётки стеклоочистителя,258,483.60,124768.80,2025-02-20
1316,SUP-06,1014,Свечи зажигания,70,216.60,15162.00,2025-05-24
1317,SUP-07,1058,Пыльник ШРУС,260,313.20,81432.00,2025-05-24
1318,SUP-10,1049,Бензонасос,299,3696.00,1105104.00,2025-08-19
1319,SUP-08,1048,Датчик ABS,260,1260.00,327600.00,2025-08-10
1320,SUP-12,1024,Рычаг подвески,265,2856.00,756840.00,2025-08-20
1321,SUP-03,1033,Термостат,156,726.00,113256.00,2025-06-16
1322,SUP-11,1003,Тормозные диски передние,156,4464.00,696384.00,2025-10-11
1323,SUP-08,1057,ШРУС наружный,107,2542.00,271994.00,2025-10-24
1324,SUP-04,1011,Фильтр салона,270,380.80,102816.00,2025-02-12
1325,SUP-12,1009,Масляный фильтр,144,374.40,53913.60,2025-06-07
1326,SUP-07,1064,Компрессор кондиционера,22,10920.00,240240.00,2025-10-17
1327,SUP-05,1019,Амортизатор передний,35,3780.00,132300.00,2025-01-22
1328,SUP-11,1031,Прокладка ГБЦ,134,1496.00,200464.00,2025-11-05
1329,SUP-06,1064,Компрессор кондиционера,225,11424.00,2570400.00,2025-05-19
1330,SUP-01,1018,Генератор,323,8556.00,2763588.00,2025-07-05
1331,SUP-11,1062,Насос ГУР,22,6720.00,147840.00,2025-09-05
1332,SUP-05,1032,Сальник коленвала,103,331.20,34113.60,2025-09-22
1333,SUP-04,1020,Амортизатор задний,167,3024.00,505008.00,2025-05-17
1334,SUP-04,1052,Масло АКПП,203,623.00,126469.00,2025-10-17
1335,SUP-09,1013,Фильтр АКПП,294,798.00,234612.00,2025-12-15
1336,SUP-10,1045,Лампы H7,242,218.40,52852.80,2025-02-27
1337,SUP-06,1021,Стойка стабилизатора,392,617.40,242020.80,2025-06-22
1338,SUP-04,1034,Комплект сцепления,175,6076.00,1063300.00,2025-01-30
1339,SUP-10,1062,Насос ГУР,136,8064.00,1096704.00,2025-05-08
1340,SUP-06,1038,Патрубок радиатора,354,440.20,155830.80,2025-12-21
1341,SUP-03,1043,Аккумулятор 75Ah,88,5642.00,496496.00,2025-07-09
1342,SUP-06,1042,Аккумулятор 60Ah,243,5040.00,1224720.00,2025-08-31
1343,SUP-11,1019,Амортизатор передний,219,3672.00,804168.00,2025-12-16
1344,SUP-05,1015,Катушка зажигания,25,1856.00,46400.00,2025-02-14
1345,SUP-03,1021,Стойка стабилизатора,227,578.20,131251.40,2025-04-15
1346,SUP-04,1054,Фара передняя,214,3584.00,766976.00,2025-05-25
1347,SUP-12,1028,Ремень ГРМ,240,1134.00,272160.00,2025-11-11
1348,SUP-03,1028,Ремень ГРМ,29,1170.00,33930.00,2025-06-16
1349,SUP-05,1064,Компрессор кондиционера,56,9744.00,545664.00,2025-02-07
1350,SUP-01,1008,Датчик износа колодок,158,364.00,57512.00,2025-04-19
1351,SUP-08,1033,Термостат,148,693.00,102564.00,2025-08-18
1352,SUP-05,1031,Прокладка ГБЦ,175,1562.00,273350.00,2025-09-21
1353,SUP-09,1055,Зеркало боковое,38,1824.00,69312.00,2025-07-28
1354,SUP-02,1061,Рулевая тяга,186,1044.00,194184.00,2025-03-11
1355,SUP-01,1049,Бензонасос,83,3584.00,297472.00,2025-03-05
1356,SUP-06,1005,Тормозная жидкость DOT-4,109,274.50,29920.50,2025-06-28
1357,SUP-05,1005,Тормозная жидкость DOT-4,374,310.50,116127.00,2025-08-18
1358,SUP-07,1015,Катушка зажигания,369,1624.00,599256.00,2025-07-14
1359,SUP-06,1005,Тормозная жидкость DOT-4,159,261.00,41499.00,2025-12-15
1360,SUP-05,1027,Опора амортизатора,144,1008.00,145152.00,2025-01-14
1361,SUP-04,1062,Насос ГУР,194,7840.00,1520960.00,2025-02-06
1362,SUP-11,1005,Тормозная жидкость DOT-4,191,256.50,48991.50,2025-11-22
1363,SUP-06,1023,Шаровая опора,90,870.00,78300.00,2025-05-30
1364,SUP-02,1019,Амортизатор передний,222,3888.00,863136.00,2025-10-05
1365,SUP-11,1032,Сальник коленвала,140,331.20,46368.00,2025-06-21
1366,SUP-05,1040,Антифриз G12,352,364.00,128128.00,2025-11-06
1367,SUP-12,1019,Амортизатор передний,259,3618.00,937062.00,2025-10-21
1368,SUP-03,1007,Суппорт тормозной,374,4290.00,1604460.00,2025-01-06
1369,SUP-04,1010,Воздушный фильтр,395,488.40,192918.00,2025-07-23
1370,SUP-03,1027,Опора амортизатора,214,1024.00,219136.00,2025-08-05
1371,SUP-01,1029,Ролик натяжителя ГРМ,248,980.00,243040.00,2025-03-11
1372,SUP-11,1034,Комплект сцепления,396,6860.00,2716560.00,2025-06-08
1373,SUP-07,1005,Тормозная жидкость DOT-4,393,301.50,118489.50,2025-04-14
1374,SUP-09,1002,Тормозные колодки задние,272,1988.00,540736.00,2025-06-29
1375,SUP-11,1025,Пружина подвески,165,1860.00,306900.00,2025-09-19
1376,SUP-01,1017,Стартер,217,4895.00,1062215.00,2025-10-04
1377,SUP-03,1031,Прокладка ГБЦ,267,1474.00,393558.00,2025-08-25
1378,SUP-02,1039,Бачок расширительный,340,882.00,299880.00,2025-06-23
1379,SUP-12,1020,Амортизатор задний,117,3168.00,370656.00,2025-10-16
1380,SUP-06,1056,Щётки стеклоочистителя,137,514.80,70527.60,2025-04-08
1381,SUP-01,1056,Щётки стеклоочистителя,261,499.20,130291.20,2025-03-02
1382,SUP-03,1056,Щётки стеклоочистителя,208,514.80,107078.40,2025-01-04
1383,SUP-01,1032,Сальник коленвала,395,297.60,117552.00,2025-06-19
1384,SUP-08,1030,Помпа водяная,41,2556.00,104796.00,2025-08-24
1385,SUP-10,1003,Тормозные диски передние,102,4216.00,430032.00,2025-12-17
1386,SUP-02,1028,Ремень ГРМ,217,990.00,214830.00,2025-11-30
1387,SUP-01,1021,Стойка стабилизатора,152,646.80,98313.60,2025-03-22
1388,SUP-09,1009,Масляный фильтр,72,312.00,22464.00,2025-04-20
1389,SUP-11,1038,Патрубок радиатора,380,427.80,162564.00,2025-10-29
1390,SUP-11,1054,Фара передняя,168,3968.00,666624.00,2025-06-11
1391,SUP-11,1026,Ступичный подшипник,362,1566.00,566892.00,2025-12-08
1392,SUP-07,1006,Тормозная жидкость DOT-5.1,342,578.50,197847.00,2025-10-22
1393,SUP-05,1023,Шаровая опора,323,870.00,281010.00,2025-12-17
1394,SUP-04,1058,Пыльник ШРУС,135,324.00,43740.00,2025-08-04
1395,SUP-08,1053,Жидкость ГУР,364,372.60,135626.40,2025-12-25
1396,SUP-04,1019,Амортизатор передний,304,3132.00,952128.00,2025-04-12
1397,SUP-01,1052,Масло АКПП,249,614.10,152910.90,2025-05-22
1398,SUP-12,1005,Тормозная жидкость DOT-4,81,265.50,21505.50,2025-04-16
1399,SUP-11,1038,Патрубок радиатора,264,434.00,114576.00,2025-06-01
1400,SUP-01,1054,Фара передняя,293,3904.00,1143872.00,2025-08-25
1401,SUP-05,1038,Патрубок радиатора,115,384.40,44206.00,2025-02-08
1402,SUP-09,1060,Рулевой наконечник,351,936.00,328536.00,2025-02-13
1403,SUP-08,1061,Рулевая тяга,109,1062.00,115758.00,2025-05-24
1404,SUP-09,1032,Сальник коленвала,305,307.20,93696.00,2025-05-29
1405,SUP-05,1064,Компрессор кондиционера,163,10920.00,1779960.00,2025-09-26
1406,SUP-05,1021,Стойка стабилизатора,321,617.40,198185.40,2025-08-21
1407,SUP-01,1012,Топливный фильтр,260,637.00,165620.00,2025-11-14
1408,SUP-08,1040,Антифриз G12,66,341.60,22545.60,2025-05-08
1409,SUP-05,1002,Тормозные колодки задние,21,2016.00,42336.00,2025-08-20
1410,SUP-02,1060,Рулевой наконечник,263,845.00,222235.00,2025-10-25
1411,SUP-03,1040,Антифриз G12,233,386.40,90031.20,2025-08-03
1412,SUP-09,1007,Суппорт тормозной,99,4992.00,494208.00,2025-02-20
1413,SUP-09,1047,Предохранители набор,234,121.60,28454.40,2025-05-04
1414,SUP-10,1009,Масляный фильтр,45,317.20,14274.00,2025-08-02
1415,SUP-12,1046,Реле,340,156.80,53312.00,2025-06-05
1416,SUP-04,1011,Фильтр салона,360,435.20,156672.00,2025-02-24
1417,SUP-01,1024,Рычаг подвески,286,2940.00,840840.00,2025-02-13
1418,SUP-06,1054,Фара передняя,216,3776.00,815616.00,2025-06-28
1419,SUP-10,1045,Лампы H7,53,257.40,13642.20,2025-09-19
1420,SUP-06,1027,Опора амортизатора,159,912.00,145008.00,2025-09-10
1421,SUP-08,1005,Тормозная жидкость DOT-4,366,283.50,103761.00,2025-02-13
1422,SUP-11,1025,Пружина подвески,390,1860.00,725400.00,2025-07-18
1423,SUP-02,1045,Лампы H7,345,222.30,76693.50,2025-03-26
1424,SUP-02,1022,Сайлентблок рычага,304,425.60,129382.40,2025-09-26
1425,SUP-03,1051,Моторное масло 5W-30,288,417.60,120268.80,2025-03-23
1426,SUP-01,1058,Пыльник ШРУС,336,345.60,116121.60,2025-06-16
1427,SUP-04,1059,Диск сцепления,249,2835.00,705915.00,2025-05-03
1428,SUP-04,1006,Тормозная жидкость DOT-5.1,342,507.30,173496.60,2025-05-11
1429,SUP-11,1019,Амортизатор передний,334,3510.00,1172340.00,2025-09-24
1430,SUP-09,1040,Антифриз G12,30,380.80,11424.00,2025-06-15
1431,SUP-01,1001,Тормозные колодки передние,115,2414.00,277610.00,2025-02-21
1432,SUP-09,1009,Масляный фильтр,166,343.20,56971.20,2025-08-14
1433,SUP-04,1008,Датчик износа колодок,395,357.50,141212.50,2025-06-24
1434,SUP-05,1005,Тормозная жидкость DOT-4,29,279.00,8091.00,2025-11-25
1435,SUP-06,1025,Пружина подвески,147,1798.00,264306.00,2025-06-22
1436,SUP-08,1018,Генератор,247,8556.00,2113332.00,2025-10-23
1437,SUP-06,1056,Щётки стеклоочистителя,74,491.40,36363.60,2025-06-17
1438,SUP-09,1043,Аккумулятор 75Ah,371,5278.00,1958138.00,2025-01-20
1439,SUP-07,1007,Суппорт тормозной,119,4992.00,594048.00,2025-01-10
1440,SUP-03,1014,Свечи зажигания,300,231.80,69540.00,2025-07-24
1441,SUP-07,1025,Пружина подвески,374,2170.00,811580.00,2025-09-12
1442,SUP-11,1033,Термостат,392,726.00,284592.00,2025-03-21
1443,SUP-12,1024,Рычаг подвески,272,2814.00,765408.00,2025-12-08
1444,SUP-12,1001,Тормозные колодки передние,268,2074.00,555832.00,2025-07-25
1445,SUP-09,1005,Тормозная жидкость DOT-4,108,292.50,31590.00,2025-03-20
1446,SUP-12,1049,Бензонасос,119,3920.00,466480.00,2025-05-17
1447,SUP-02,1022,Сайлентблок рычага,58,516.80,29974.40,2025-05-30
1448,SUP-03,1030,Помпа водяная,357,2556.00,912492.00,2025-05-02
1449,SUP-02,1010,Воздушный фильтр,173,473.60,81932.80,2025-11-19
1450,SUP-11,1031,Прокладка ГБЦ,32,1254.00,40128.00,2025-06-18
1451,SUP-07,1019,Амортизатор передний,118,3564.00,420552.00,2025-12-02
1452,SUP-09,1060,Рулевой наконечник,77,754.00,58058.00,2025-02-10
1453,SUP-04,1033,Термостат,387,792.00,306504.00,2025-05-16
1454,SUP-05,1033,Термостат,332,704.00,233728.00,2025-07-31
1455,SUP-09,1045,Лампы H7,270,265.20,71604.00,2025-07-25
1456,SUP-02,1053,Жидкость ГУР,286,313.20,89575.20,2025-10-08
1457,SUP-12,1033,Термостат,384,616.00,236544.00,2025-04-22
1458,SUP-08,1018,Генератор,293,8928.00,2615904.00,2025-11-29
1459,SUP-02,1037,Радиатор кондиционера,246,4278.00,1052388.00,2025-05-27
1460,SUP-09,1002,Тормозные колодки задние,65,1596.00,103740.00,2025-10-16
1461,SUP-11,1016,Высоковольтные провода,235,960.00,225600.00,2025-12-08
1462,SUP-01,1055,Зеркало боковое,56,1792.00,100352.00,2025-04-16
1463,SUP-11,1017,Стартер,375,5785.00,2169375.00,2025-05-28
1464,SUP-09,1025,Пружина подвески,49,2077.00,101773.00,2025-07-27
1465,SUP-07,1029,Ролик натяжителя ГРМ,175,882.00,154350.00,2025-09-22
1466,SUP-11,1001,Тормозные колодки передние,314,2278.00,715292.00,2025-05-29
1467,SUP-05,1033,Термостат,326,726.00,236676.00,2025-08-16
1468,SUP-07,1028,Ремень ГРМ,397,1242.00,493074.00,2025-07-07
1469,SUP-02,1017,Стартер,340,6230.00,2118200.00,2025-02-18
1470,SUP-10,1013,Фильтр АКПП,375,994.00,372750.00,2025-10-13
1471,SUP-02,1016,Высоковольтные провода,314,896.00,281344.00,2025-07-17
1472,SUP-07,1011,Фильтр салона,148,387.60,57364.80,2025-11-22
1473,SUP-09,1011,Фильтр салона,112,442.00,49504.00,2025-06-18
1474,SUP-10,1017,Стартер,244,5162.00,1259528.00,2025-04-22
1475,SUP-02,1009,Масляный фильтр,307,301.60,92591.20,2025-08-14
1476,SUP-03,1064,Компрессор кондиционера,394,9744.00,3839136.00,2025-09-14
1477,SUP-02,1034,Комплект сцепления,366,6958.00,2546628.00,2025-01-21
1478,SUP-09,1018,Генератор,100,7068.00,706800.00,2025-02-02
1479,SUP-04,1036,Радиатор охлаждения,388,4662.00,1808856.00,2025-05-18
1480,SUP-07,1048,Датчик ABS,254,1386.00,352044.00,2025-02-11
1481,SUP-09,1060,Рулевой наконечник,205,728.00,149240.00,2025-06-02
1482,SUP-10,1050,Моторное масло 5W-40,221,442.00,97682.00,2025-08-08
1483,SUP-10,1045,Лампы H7,334,257.40,85971.60,2025-08-07
1484,SUP-12,1023,Шаровая опора,106,1029.50,109127.00,2025-01-11
1485,SUP-04,1016,Высоковольтные провода,112,1088.00,121856.00,2025-08-12
1486,SUP-02,1010,Воздушный фильтр,136,495.80,67428.80,2025-03-16
1487,SUP-02,1024,Рычаг подвески,123,2310.00,284130.00,2025-11-29
1488,SUP-07,1041,Вентилятор охлаждения,273,2580.00,704340.00,2025-07-28
1489,SUP-03,1041,Вентилятор охлаждения,369,2795.00,1031355.00,2025-08-10
1490,SUP-01,1046,Реле,176,173.60,30553.60,2025-11-22
1491,SUP-08,1062,Насос ГУР,399,6496.00,2591904.00,2025-07-13
1492,SUP-04,1059,Диск сцепления,279,2475.00,690525.00,2025-10-04
1493,SUP-04,1054,Фара передняя,397,3968.00,1575296.00,2025-10-23
1494,SUP-05,1045,Лампы H7,157,218.40,34288.80,2025-04-12
1495,SUP-08,1042,Аккумулятор 60Ah,58,4896.00,283968.00,2025-06-18
1496,SUP-09,1053,Жидкость ГУР,76,329.40,25034.40,2025-10-13
1497,SUP-08,1029,Ролик натяжителя ГРМ,220,798.00,175560.00,2025-02-09
1498,SUP-09,1054,Фара передняя,60,4480.00,268800.00,2025-04-14
1499,SUP-08,1056,Щётки стеклоочистителя,216,507.00,109512.00,2025-09-20
1500,SUP-07,1033,Термостат,220,638.00,140360.00,2025-12-30
1501,SUP-08,1027,Опора амортизатора,61,1040.00,63440.00,2025-01-30
1502,SUP-12,1025,Пружина подвески,361,2046.00,738606.00,2025-06-08
1503,SUP-07,1061,Рулевая тяга,309,1242.00,383778.00,2025-01-20
1504,SUP-12,1016,Высоковольтные провода,138,976.00,134688.00,2025-01-01
1505,SUP-04,1040,Антифриз G12,214,364.00,77896.00,2025-07-05
1506,SUP-12,1048,Датчик ABS,79,1197.00,94563.00,2025-03-17
1507,SUP-02,1054,Фара передняя,397,3712.00,1473664.00,2025-10-27
1508,SUP-09,1040,Антифриз G12,167,380.80,63593.60,2025-12-14
1509,SUP-10,1044,Лампы H4,63,235.20,14817.60,2025-07-08
1510,SUP-02,1016,Высоковольтные провода,244,928.00,226432.00,2025-11-18
1511,SUP-08,1013,Фильтр АКПП,123,924.00,113652.00,2025-08-12
1512,SUP-08,1026,Ступичный подшипник,395,1728.00,682560.00,2025-03-12
1513,SUP-03,1029,Ролик натяжителя ГРМ,304,812.00,246848.00,2025-08-04
1514,SUP-01,1044,Лампы H4,41,298.20,12226.20,2025-07-19
1515,SUP-02,1029,Ролик натяжителя ГРМ,69,966.00,66654.00,2025-02-04
1516,SUP-07,1027,Опора амортизатора,115,992.00,114080.00,2025-07-26
1517,SUP-08,1016,Высоковольтные провода,146,1056.00,154176.00,2025-08-14
1518,SUP-12,1049,Бензонасос,155,3360.00,520800.00,2025-05-26
1519,SUP-08,1013,Фильтр АКПП,105,980.00,102900.00,2025-03-28
1520,SUP-12,1029,Ролик натяжителя ГРМ,399,938.00,374262.00,2025-12-30
1521,SUP-01,1033,Термостат,330,704.00,232320.00,2025-12-18
1522,SUP-07,1024,Рычаг подвески,296,2646.00,783216.00,2025-09-06
1523,SUP-07,1012,Топливный фильтр,37,591.50,21885.50,2025-08-28
1524,SUP-01,1047,Предохранители набор,193,114.00,22002.00,2025-04-08
1525,SUP-10,1042,Аккумулятор 60Ah,295,4320.00,1274400.00,2025-01-07
1526,SUP-09,1058,Пыльник ШРУС,58,340.20,19731.60,2025-05-22
1527,SUP-02,1039,Бачок расширительный,159,1008.00,160272.00,2025-05-24
1528,SUP-07,1029,Ролик натяжителя ГРМ,63,966.00,60858.00,2025-07-24
1529,SUP-10,1001,Тормозные колодки передние,54,2380.00,128520.00,2025-02-27
1530,SUP-02,1064,Компрессор кондиционера,269,11592.00,3118248.00,2025-02-01
1531,SUP-11,1024,Рычаг подвески,312,2352.00,733824.00,2025-07-23
1532,SUP-05,1020,Амортизатор задний,65,3072.00,199680.00,2025-10-10
1533,SUP-07,1016,Высоковольтные провода,188,1152.00,216576.00,2025-12-27
1534,SUP-07,1046,Реле,146,190.40,27798.40,2025-01-06
1535,SUP-10,1042,Аккумулятор 60Ah,204,4968.00,1013472.00,2025-09-03
1536,SUP-10,1043,Аккумулятор 75Ah,341,5824.00,1985984.00,2025-08-02
1537,SUP-05,1004,Тормозные диски задние,284,3834.00,1088856.00,2025-05-01
1538,SUP-05,1043,Аккумулятор 75Ah,379,5005.00,1896895.00,2025-04-29
1539,SUP-11,1040,Антифриз G12,199,358.40,71321.60,2025-02-12
1540,SUP-04,1036,Радиатор охлаждения,275,4070.00,1119250.00,2025-07-22
1541,SUP-06,1002,Тормозные колодки задние,146,1708.00,249368.00,2025-05-06
1542,SUP-07,1017,Стартер,210,5162.00,1084020.00,2025-11-07
1543,SUP-08,1059,Диск сцепления,23,2790.00,64170.00,2025-11-03
1544,SUP-07,1003,Тормозные диски передние,237,3968.00,940416.00,2025-10-17
1545,SUP-01,1053,Жидкость ГУР,104,340.20,35380.80,2025-02-03
1546,SUP-06,1043,Аккумулятор 75Ah,78,6370.00,496860.00,2025-01-03
1547,SUP-11,1031,Прокладка ГБЦ,183,1474.00,269742.00,2025-02-27
1548,SUP-03,1042,Аккумулятор 60Ah,238,4104.00,976752.00,2025-02-09
1549,SUP-08,1013,Фильтр АКПП,233,980.00,228340.00,2025-10-15
1550,SUP-01,1007,Суппорт тормозной,373,4992.00,1862016.00,2025-03-06
1551,SUP-05,1025,Пружина подвески,362,2232.00,807984.00,2025-07-26
1552,SUP-06,1003,Тормозные диски передние,50,4402.00,220100.00,2025-02-04
1553,SUP-12,1001,Тормозные колодки передние,88,1904.00,167552.00,2025-08-26
1554,SUP-03,1030,Помпа водяная,146,2412.00,352152.00,2025-05-26
1555,SUP-10,1051,Моторное масло 5W-30,125,468.00,58500.00,2025-08-11
1556,SUP-07,1059,Диск сцепления,341,2700.00,920700.00,2025-07-01
1557,SUP-10,1040,Антифриз G12,266,352.80,93844.80,2025-01-15
1558,SUP-01,1005,Тормозная жидкость DOT-4,20,279.00,5580.00,2025-12-06
1559,SUP-04,1039,Бачок расширительный,171,896.00,153216.00,2025-05-02
1560,SUP-11,1029,Ролик натяжителя ГРМ,172,854.00,146888.00,2025-08-09
1561,SUP-11,1043,Аккумулятор 75Ah,209,6006.00,1255254.00,2025-04-15
1562,SUP-06,1041,Вентилятор охлаждения,89,2623.00,233447.00,2025-06-13
1563,SUP-01,1041,Вентилятор охлаждения,234,3010.00,704340.00,2025-11-23
1564,SUP-01,1049,Бензонасос,120,3808.00,456960.00,2025-10-04
1565,SUP-08,1023,Шаровая опора,281,928.00,260768.00,2025-12-22
1566,SUP-10,1056,Щётки стеклоочистителя,92,429.00,39468.00,2025-01-10
1567,SUP-04,1022,Сайлентблок рычага,60,478.80,28728.00,2025-08-22
1568,SUP-06,1053,Жидкость ГУР,247,318.60,78694.20,2025-07-12
1569,SUP-03,1058,Пыльник ШРУС,290,367.20,106488.00,2025-12-09
1570,SUP-01,1026,Ступичный подшипник,220,1512.00,332640.00,2025-07-21
1571,SUP-06,1026,Ступичный подшипник,296,1539.00,455544.00,2025-07-11
1572,SUP-07,1009,Масляный фильтр,105,332.80,34944.00,2025-10-03
1573,SUP-05,1010,Воздушный фильтр,276,414.40,114374.40,2025-02-04
1574,SUP-08,1029,Ролик натяжителя ГРМ,371,1008.00,373968.00,2025-11-24
1575,SUP-06,1037,Радиатор кондиционера,258,4002.00,1032516.00,2025-08-15
1576,SUP-01,1037,Радиатор кондиционера,356,4209.00,1498404.00,2025-04-09
1577,SUP-10,1018,Генератор,65,8060.00,523900.00,2025-11-25
1578,SUP-02,1039,Бачок расширительный,33,812.00,26796.00,2025-12-02
1579,SUP-08,1027,Опора амортизатора,383,1088.00,416704.00,2025-10-29
1580,SUP-01,1055,Зеркало боковое,351,2144.00,752544.00,2025-07-07
1581,SUP-12,1010,Воздушный фильтр,119,503.20,59880.80,2025-09-11
1582,SUP-05,1017,Стартер,344,5518.00,1898192.00,2025-02-17
1583,SUP-10,1018,Генератор,250,8556.00,2139000.00,2025-07-25
1584,SUP-12,1022,Сайлентблок рычага,65,509.20,33098.00,2025-06-24
1585,SUP-11,1045,Лампы H7,297,265.20,78764.40,2025-03-03
1586,SUP-01,1037,Радиатор кондиционера,93,4761.00,442773.00,2025-05-19
1587,SUP-11,1040,Антифриз G12,37,319.20,11810.40,2025-07-10
1588,SUP-06,1045,Лампы H7,197,280.80,55317.60,2025-10-14
1589,SUP-07,1025,Пружина подвески,272,1705.00,463760.00,2025-01-06
1590,SUP-07,1016,Высоковольтные провода,217,1040.00,225680.00,2025-12-18
1591,SUP-02,1004,Тормозные диски задние,353,3834.00,1353402.00,2025-07-08
1592,SUP-06,1037,Радиатор кондиционера,30,4761.00,142830.00,2025-06-13
1593,SUP-03,1041,Вентилятор охлаждения,145,2494.00,361630.00,2025-02-17
1594,SUP-12,1001,Тормозные колодки передние,181,2142.00,387702.00,2025-05-05
1595,SUP-01,1015,Катушка зажигания,247,1624.00,401128.00,2025-09-24
1596,SUP-02,1036,Радиатор охлаждения,115,4958.00,570170.00,2025-05-20
1597,SUP-02,1006,Тормозная жидкость DOT-5.1,144,569.60,82022.40,2025-02-01
1598,SUP-09,1051,Моторное масло 5W-30,139,446.40,62049.60,2025-11-13
1599,SUP-02,1052,Масло АКПП,323,614.10,198354.30,2025-09-29
1600,SUP-12,1038,Патрубок радиатора,229,415.40,95126.60,2025-07-22
1601,SUP-12,1040,Антифриз G12,281,386.40,108578.40,2025-07-24
1602,SUP-12,1038,Патрубок радиатора,41,347.20,14235.20,2025-06-10
1603,SUP-05,1063,Коврики салона,155,1632.00,252960.00,2025-05-09
1604,SUP-01,1026,Ступичный подшипник,114,1620.00,184680.00,2025-04-12
1605,SUP-03,1010,Воздушный фильтр,157,414.40,65060.80,2025-01-18
1606,SUP-11,1044,Лампы H4,281,281.40,79073.40,2025-01-01
1607,SUP-04,1014,Свечи зажигания,283,212.80,60222.40,2025-10-16
1608,SUP-09,1013,Фильтр АКПП,65,798.00,51870.00,2025-01-20
1609,SUP-06,1007,Суппорт тормозной,91,5460.00,496860.00,2025-08-12
1610,SUP-04,1056,Щётки стеклоочистителя,313,553.80,173339.40,2025-06-22
1611,SUP-01,1020,Амортизатор задний,351,2832.00,994032.00,2025-03-13
1612,SUP-07,1009,Масляный фильтр,313,286.00,89518.00,2025-05-09
1613,SUP-09,1045,Лампы H7,176,269.10,47361.60,2025-03-06
1614,SUP-03,1051,Моторное масло 5W-30,184,403.20,74188.80,2025-01-30
1615,SUP-12,1034,Комплект сцепления,331,6958.00,2303098.00,2025-02-03
1616,SUP-02,1039,Бачок расширительный,69,966.00,66654.00,2025-09-20
1617,SUP-07,1057,ШРУС наружный,353,2542.00,897326.00,2025-12-22
1618,SUP-08,1002,Тормозные колодки задние,127,1876.00,238252.00,2025-02-19
1619,SUP-01,1032,Сальник коленвала,116,340.80,39532.80,2025-07-04
1620,SUP-10,1057,ШРУС наружный,110,2419.00,266090.00,2025-05-30
1621,SUP-08,1061,Рулевая тяга,124,1206.00,149544.00,2025-06-24
1622,SUP-02,1026,Ступичный подшипник,244,1917.00,467748.00,2025-06-14
1623,SUP-03,1012,Топливный фильтр,364,646.10,235180.40,2025-03-15
1624,SUP-06,1042,Аккумулятор 60Ah,113,4824.00,545112.00,2025-07-25
1625,SUP-04,1017,Стартер,376,5340.00,2007840.00,2025-10-06
1626,SUP-07,1035,Датчик коленвала,213,1349.00,287337.00,2025-12-19
1627,SUP-11,1012,Топливный фильтр,242,500.50,121121.00,2025-12-06
1628,SUP-10,1005,Тормозная жидкость DOT-4,294,274.50,80703.00,2025-12-22
1629,SUP-05,1008,Датчик износа колодок,211,409.50,86404.50,2025-01-23
1630,SUP-08,1007,Суппорт тормозной,248,4446.00,1102608.00,2025-11-10
1631,SUP-09,1032,Сальник коленвала,201,283.20,56923.20,2025-07-14
1632,SUP-12,1031,Прокладка ГБЦ,90,1364.00,122760.00,2025-04-18
1633,SUP-08,1057,ШРУС наружный,263,2665.00,700895.00,2025-05-02
1634,SUP-06,1010,Воздушный фильтр,351,488.40,171428.40,2025-07-18
1635,SUP-04,1063,Коврики салона,334,1560.00,521040.00,2025-11-03
1636,SUP-09,1059,Диск сцепления,248,3015.00,747720.00,2025-07-06
1637,SUP-09,1041,Вентилятор охлаждения,65,2494.00,162110.00,2025-11-15
1638,SUP-07,1043,Аккумулятор 75Ah,23,6552.00,150696.00,2025-05-06
1639,SUP-02,1024,Рычаг подвески,398,2982.00,1186836.00,2025-02-23
1640,SUP-10,1033,Термостат,362,627.00,226974.00,2025-03-07
1641,SUP-05,1057,ШРУС наружный,149,2583.00,384867.00,2025-12-25
1642,SUP-08,1059,Диск сцепления,376,2475.00,930600.00,2025-03-16
1643,SUP-12,1043,Аккумулятор 75Ah,294,5733.00,1685502.00,2025-10-30
1644,SUP-03,1026,Ступичный подшипник,212,1917.00,406404.00,2025-07-21
1645,SUP-04,1064,Компрессор кондиционера,22,9576.00,210672.00,2025-12-06
1646,SUP-10,1047,Предохранители набор,322,106.40,34260.80,2025-02-23
1647,SUP-01,1063,Коврики салона,183,1632.00,298656.00,2025-03-03
1648,SUP-09,1042,Аккумулятор 60Ah,289,5040.00,1456560.00,2025-08-03
1649,SUP-11,1019,Амортизатор передний,70,3186.00,223020.00,2025-07-02
1650,SUP-06,1022,Сайлентблок рычага,127,524.40,66598.80,2025-03-10
1651,SUP-11,1042,Аккумулятор 60Ah,121,4248.00,514008.00,2025-05-14
1652,SUP-11,1034,Комплект сцепления,307,5978.00,1835246.00,2025-03-20
1653,SUP-06,1056,Щётки стеклоочистителя,35,553.80,19383.00,2025-03-20
1654,SUP-05,1011,Фильтр салона,294,455.60,133946.40,2025-03-26
1655,SUP-05,1057,ШРУС наружный,334,2870.00,958580.00,2025-04-15
1656,SUP-11,1035,Датчик коленвала,99,1235.00,122265.00,2025-09-10
1657,SUP-08,1060,Рулевой наконечник,82,871.00,71422.00,2025-07-21
1658,SUP-09,1008,Датчик износа колодок,270,468.00,126360.00,2025-07-14
1659,SUP-06,1007,Суппорт тормозной,76,4368.00,331968.00,2025-05-04
1660,SUP-12,1030,Помпа водяная,221,2520.00,556920.00,2025-03-03
1661,SUP-11,1027,Опора амортизатора,132,880.00,116160.00,2025-09-18
1662,SUP-07,1019,Амортизатор передний,397,3780.00,1500660.00,2025-05-28
1663,SUP-01,1051,Моторное масло 5W-30,366,410.40,150206.40,2025-12-25
1664,SUP-08,1023,Шаровая опора,378,1015.00,383670.00,2025-02-09
1665,SUP-12,1058,Пыльник ШРУС,323,361.80,116861.40,2025-10-31
1666,SUP-03,1020,Амортизатор задний,57,2688.00,153216.00,2025-11-26
1667,SUP-01,1042,Аккумулятор 60Ah,220,5112.00,1124640.00,2025-02-06
1668,SUP-06,1040,Антифриз G12,51,336.00,17136.00,2025-08-04
1669,SUP-10,1012,Топливный фильтр,255,573.30,146191.50,2025-03-06
1670,SUP-06,1027,Опора амортизатора,159,1088.00,172992.00,2025-05-16
1671,SUP-04,1050,Моторное масло 5W-40,110,408.00,44880.00,2025-09-05
1672,SUP-06,1004,Тормозные диски задние,294,3618.00,1063692.00,2025-01-03
1673,SUP-01,1030,Помпа водяная,336,2592.00,870912.00,2025-12-15
1674,SUP-04,1053,Жидкость ГУР,72,307.80,22161.60,2025-02-08
1675,SUP-03,1040,Антифриз G12,349,358.40,125081.60,2025-03-10
1676,SUP-06,1057,ШРУС наружный,81,2296.00,185976.00,2025-01-07
1677,SUP-11,1046,Реле,335,176.40,59094.00,2025-07-12
1678,SUP-04,1023,Шаровая опора,185,957.00,177045.00,2025-12-05
1679,SUP-12,1051,Моторное масло 5W-30,236,511.20,120643.20,2025-08-28
1680,SUP-07,1023,Шаровая опора,32,1029.50,32944.00,2025-11-17
1681,SUP-02,1006,Тормозная жидкость DOT-5.1,172,578.50,99502.00,2025-03-21
1682,SUP-04,1019,Амортизатор передний,359,3024.00,1085616.00,2025-01-20
1683,SUP-09,1024,Рычаг подвески,276,2520.00,695520.00,2025-09-28
1684,SUP-05,1014,Свечи зажигания,161,250.80,40378.80,2025-02-16
1685,SUP-02,1019,Амортизатор передний,112,3618.00,405216.00,2025-05-04
1686,SUP-06,1045,Лампы H7,335,261.30,87535.50,2025-05-12
1687,SUP-07,1058,Пыльник ШРУС,59,302.40,17841.60,2025-07-05
1688,SUP-11,1045,Лампы H7,339,280.80,95191.20,2025-06-08
1689,SUP-02,1007,Суппорт тормозной,208,4368.00,908544.00,2025-08-18
1690,SUP-10,1024,Рычаг подвески,201,2394.00,481194.00,2025-06-13
1691,SUP-12,1021,Стойка стабилизатора,264,617.40,162993.60,2025-03-02
1692,SUP-04,1013,Фильтр АКПП,311,784.00,243824.00,2025-09-02
1693,SUP-06,1039,Бачок расширительный,128,1008.00,129024.00,2025-11-08
1694,SUP-10,1025,Пружина подвески,220,2201.00,484220.00,2025-06-28
1695,SUP-03,1029,Ролик натяжителя ГРМ,397,784.00,311248.00,2025-10-30
1696,SUP-05,1040,Антифриз G12,235,313.60,73696.00,2025-10-22
1697,SUP-06,1015,Катушка зажигания,281,1740.00,488940.00,2025-01-20
1698,SUP-08,1018,Генератор,147,7812.00,1148364.00,2025-09-20
1699,SUP-10,1034,Комплект сцепления,192,6566.00,1260672.00,2025-04-24
1700,SUP-11,1063,Коврики салона,216,1464.00,316224.00,2025-09-17
1701,SUP-08,1016,Высоковольтные провода,203,912.00,185136.00,2025-01-13
1702,SUP-09,1034,Комплект сцепления,85,6468.00,549780.00,2025-09-28
1703,SUP-05,1058,Пыльник ШРУС,236,372.60,87933.60,2025-01-20
1704,SUP-07,1057,ШРУС наружный,193,2542.00,490606.00,2025-03-10
1705,SUP-02,1059,Диск сцепления,254,2700.00,685800.00,2025-03-17
1706,SUP-10,1055,Зеркало боковое,131,1888.00,247328.00,2025-09-09
1707,SUP-03,1060,Рулевой наконечник,370,910.00,336700.00,2025-06-13
1708,SUP-06,1050,Моторное масло 5W-40,366,435.20,159283.20,2025-04-23
1709,SUP-12,1029,Ролик натяжителя ГРМ,172,1008.00,173376.00,2025-06-20
1710,SUP-05,1004,Тормозные диски задние,352,3564.00,1254528.00,2025-09-02
1711,SUP-07,1028,Ремень ГРМ,76,1296.00,98496.00,2025-10-03
1712,SUP-08,1042,Аккумулятор 60Ah,90,4248.00,382320.00,2025-09-04
1713,SUP-08,1043,Аккумулятор 75Ah,31,6097.00,189007.00,2025-01-31
1714,SUP-12,1033,Термостат,236,671.00,158356.00,2025-05-25
1715,SUP-05,1009,Масляный фильтр,154,364.00,56056.00,2025-03-31
1716,SUP-03,1055,Зеркало боковое,313,2208.00,691104.00,2025-10-23
1717,SUP-06,1044,Лампы H4,80,273.00,21840.00,2025-07-08
1718,SUP-10,1009,Масляный фильтр,30,291.20,8736.00,2025-12-01
1719,SUP-10,1026,Ступичный подшипник,87,1647.00,143289.00,2025-06-11
1720,SUP-01,1045,Лампы H7,113,214.50,24238.50,2025-11-07
1721,SUP-11,1006,Тормозная жидкость DOT-5.1,367,596.30,218842.10,2025-04-05
1722,SUP-01,1014,Свечи зажигания,332,220.40,73172.80,2025-01-25
1723,SUP-01,1044,Лампы H4,372,239.40,89056.80,2025-04-30
1724,SUP-06,1043,Аккумулятор 75Ah,302,6461.00,1951222.00,2025-04-20
1725,SUP-09,1047,Предохранители набор,133,110.20,14656.60,2025-01-15
1726,SUP-08,1056,Щётки стеклоочистителя,137,483.60,66253.20,2025-04-26
1727,SUP-12,1023,Шаровая опора,31,884.50,27419.50,2025-01-13
1728,SUP-11,1028,Ремень ГРМ,301,1062.00,319662.00,2025-09-06
1729,SUP-06,1018,Генератор,205,7440.00,1525200.00,2025-03-07
1730,SUP-10,1001,Тормозные колодки передние,205,2278.00,466990.00,2025-03-11
1731,SUP-04,1041,Вентилятор охлаждения,172,2924.00,502928.00,2025-05-27
1732,SUP-04,1064,Компрессор кондиционера,72,9744.00,701568.00,2025-07-22
1733,SUP-07,1024,Рычаг подвески,51,2940.00,149940.00,2025-04-12
1734,SUP-06,1028,Ремень ГРМ,71,1062.00,75402.00,2025-12-19
1735,SUP-05,1064,Компрессор кондиционера,338,9240.00,3123120.00,2025-06-30
1736,SUP-08,1055,Зеркало боковое,369,2304.00,850176.00,2025-08-09
1737,SUP-08,1002,Тормозные колодки задние,139,2016.00,280224.00,2025-02-03
1738,SUP-02,1040,Антифриз G12,197,313.60,61779.20,2025-08-20
1739,SUP-07,1008,Датчик износа колодок,253,468.00,118404.00,2025-10-15
1740,SUP-02,1057,ШРУС наружный,204,2788.00,568752.00,2025-02-06
1741,SUP-02,1019,Амортизатор передний,105,3240.00,340200.00,2025-11-15
1742,SUP-10,1002,Тормозные колодки задние,245,1904.00,466480.00,2025-10-22
1743,SUP-10,1038,Патрубок радиатора,203,390.60,79291.80,2025-04-03
1744,SUP-07,1030,Помпа водяная,241,2016.00,485856.00,2025-03-31
1745,SUP-02,1005,Тормозная жидкость DOT-4,269,306.00,82314.00,2025-12-19
1746,SUP-10,1045,Лампы H7,71,265.20,18829.20,2025-04-04
1747,SUP-10,1014,Свечи зажигания,350,212.80,74480.00,2025-02-16
1748,SUP-11,1026,Ступичный подшипник,68,1917.00,130356.00,2025-05-12
1749,SUP-03,1024,Рычаг подвески,333,3024.00,1006992.00,2025-06-02
1750,SUP-02,1005,Тормозная жидкость DOT-4,286,319.50,91377.00,2025-04-28
1751,SUP-02,1006,Тормозная жидкость DOT-5.1,40,507.30,20292.00,2025-05-20
1752,SUP-12,1025,Пружина подвески,144,1767.00,254448.00,2025-11-12
1753,SUP-10,1033,Термостат,322,682.00,219604.00,2025-03-28
1754,SUP-07,1050,Моторное масло 5W-40,389,374.00,145486.00,2025-07-16
1755,SUP-10,1013,Фильтр АКПП,247,966.00,238602.00,2025-11-20
1756,SUP-12,1013,Фильтр АКПП,350,994.00,347900.00,2025-11-06
1757,SUP-11,1063,Коврики салона,148,1536.00,227328.00,2025-10-06
1758,SUP-06,1057,ШРУС наружный,360,2952.00,1062720.00,2025-05-07
1759,SUP-12,1006,Тормозная жидкость DOT-5.1,247,640.80,158277.60,2025-07-30
1760,SUP-02,1005,Тормозная жидкость DOT-4,219,324.00,70956.00,2025-03-03
1761,SUP-09,1045,Лампы H7,145,237.90,34495.50,2025-08-22
1762,SUP-08,1058,Пыльник ШРУС,128,318.60,40780.80,2025-01-29
1763,SUP-09,1029,Ролик натяжителя ГРМ,87,952.00,82824.00,2025-06-19
1764,SUP-06,1030,Помпа водяная,222,2448.00,543456.00,2025-10-17
1765,SUP-02,1036,Радиатор охлаждения,131,4070.00,533170.00,2025-06-11
1766,SUP-09,1048,Датчик ABS,173,1365.00,236145.00,2025-01-26
1767,SUP-12,1060,Рулевой наконечник,66,780.00,51480.00,2025-12-20
1768,SUP-10,1030,Помпа водяная,36,2016.00,72576.00,2025-02-03
1769,SUP-05,1001,Тормозные колодки передние,247,2380.00,587860.00,2025-03-25
1770,SUP-04,1002,Тормозные колодки задние,110,1820.00,200200.00,2025-09-24
1771,SUP-06,1037,Радиатор кондиционера,74,3795.00,280830.00,2025-04-01
1772,SUP-03,1024,Рычаг подвески,76,2562.00,194712.00,2025-03-20
1773,SUP-09,1045,Лампы H7,324,280.80,90979.20,2025-10-04
1774,SUP-04,1032,Сальник коленвала,346,273.60,94665.60,2025-09-17
1775,SUP-07,1028,Ремень ГРМ,116,1008.00,116928.00,2025-07-13
1776,SUP-08,1002,Тормозные колодки задние,60,1736.00,104160.00,2025-07-14
1777,SUP-09,1013,Фильтр АКПП,199,840.00,167160.00,2025-07-12
1778,SUP-09,1001,Тормозные колодки передние,51,2346.00,119646.00,2025-08-20
1779,SUP-09,1043,Аккумулятор 75Ah,101,6097.00,615797.00,2025-09-22
1780,SUP-07,1042,Аккумулятор 60Ah,218,4896.00,1067328.00,2025-04-11
1781,SUP-10,1007,Суппорт тормозной,211,4680.00,987480.00,2025-10-06
1782,SUP-03,1045,Лампы H7,320,280.80,89856.00,2025-03-27
1783,SUP-11,1010,Воздушный фильтр,396,525.40,208058.40,2025-06-28
1784,SUP-06,1050,Моторное масло 5W-40,168,448.80,75398.40,2025-04-06
1785,SUP-04,1006,Тормозная жидкость DOT-5.1,341,542.90,185128.90,2025-03-16
1786,SUP-10,1044,Лампы H4,188,231.00,43428.00,2025-02-11
1787,SUP-04,1036,Радиатор охлаждения,356,5106.00,1817736.00,2025-02-10
1788,SUP-10,1050,Моторное масло 5W-40,40,482.80,19312.00,2025-12-22
1789,SUP-08,1052,Масло АКПП,222,640.80,142257.60,2025-02-13
1790,SUP-12,1015,Катушка зажигания,249,1711.00,426039.00,2025-10-10
1791,SUP-04,1063,Коврики салона,59,1728.00,101952.00,2025-07-18
1792,SUP-12,1008,Датчик износа колодок,42,357.50,15015.00,2025-03-20
1793,SUP-02,1050,Моторное масло 5W-40,373,482.80,180084.40,2025-09-24
1794,SUP-08,1033,Термостат,176,649.00,114224.00,2025-04-24
1795,SUP-12,1029,Ролик натяжителя ГРМ,146,938.00,136948.00,2025-08-25
1796,SUP-03,1007,Суппорт тормозной,397,5148.00,2043756.00,2025-04-18
1797,SUP-01,1049,Бензонасос,398,3752.00,1493296.00,2025-06-15
1798,SUP-06,1017,Стартер,149,5162.00,769138.00,2025-12-17
1799,SUP-03,1059,Диск сцепления,288,2520.00,725760.00,2025-12-22
1800,SUP-05,1034,Комплект сцепления,316,5586.00,1765176.00,2025-05-08
1801,SUP-11,1005,Тормозная жидкость DOT-4,295,279.00,82305.00,2025-02-20
1802,SUP-06,1060,Рулевой наконечник,270,845.00,228150.00,2025-02-17
1803,SUP-10,1032,Сальник коленвала,351,288.00,101088.00,2025-02-11
1804,SUP-03,1012,Топливный фильтр,121,536.90,64964.90,2025-09-25
1805,SUP-04,1058,Пыльник ШРУС,67,345.60,23155.20,2025-11-06
1806,SUP-03,1028,Ремень ГРМ,138,1188.00,163944.00,2025-12-23
1807,SUP-03,1026,Ступичный подшипник,218,1512.00,329616.00,2025-08-31
1808,SUP-06,1039,Бачок расширительный,97,938.00,90986.00,2025-02-28
1809,SUP-06,1044,Лампы H4,89,256.20,22801.80,2025-03-11
1810,SUP-09,1019,Амортизатор передний,297,3024.00,898128.00,2025-03-21
1811,SUP-12,1009,Масляный фильтр,385,291.20,112112.00,2025-12-14
1812,SUP-11,1058,Пыльник ШРУС,357,297.00,106029.00,2025-06-10
1813,SUP-03,1019,Амортизатор передний,176,3402.00,598752.00,2025-08-13
1814,SUP-03,1054,Фара передняя,157,4160.00,653120.00,2025-03-20
1815,SUP-09,1025,Пружина подвески,305,1953.00,595665.00,2025-09-05
1816,SUP-05,1026,Ступичный подшипник,365,1782.00,650430.00,2025-05-09
1817,SUP-05,1023,Шаровая опора,40,1000.50,40020.00,2025-10-21
1818,SUP-01,1036,Радиатор охлаждения,132,4884.00,644688.00,2025-07-28
1819,SUP-12,1023,Шаровая опора,354,841.00,297714.00,2025-01-04
1820,SUP-12,1064,Компрессор кондиционера,275,9576.00,2633400.00,2025-10-21
1821,SUP-02,1020,Амортизатор задний,46,2736.00,125856.00,2025-04-10
1822,SUP-01,1025,Пружина подвески,191,1736.00,331576.00,2025-11-30
1823,SUP-04,1020,Амортизатор задний,84,3456.00,290304.00,2025-11-10
1824,SUP-06,1064,Компрессор кондиционера,240,9240.00,2217600.00,2025-07-30
1825,SUP-03,1028,Ремень ГРМ,392,1062.00,416304.00,2025-08-17
1826,SUP-12,1034,Комплект сцепления,64,6958.00,445312.00,2025-01-27
1827,SUP-09,1028,Ремень ГРМ,275,1152.00,316800.00,2025-04-11
1828,SUP-08,1035,Датчик коленвала,96,1083.00,103968.00,2025-10-21
1829,SUP-06,1039,Бачок расширительный,39,924.00,36036.00,2025-08-21
1830,SUP-12,1048,Датчик ABS,304,1218.00,370272.00,2025-11-09
1831,SUP-12,1048,Датчик ABS,257,1197.00,307629.00,2025-07-15
1832,SUP-09,1031,Прокладка ГБЦ,231,1518.00,350658.00,2025-05-24
1833,SUP-05,1041,Вентилятор охлаждения,385,3096.00,1191960.00,2025-07-14
1834,SUP-04,1017,Стартер,314,6408.00,2012112.00,2025-05-01
1835,SUP-05,1018,Генератор,195,8308.00,1620060.00,2025-08-14
1836,SUP-09,1024,Рычаг подвески,387,2394.00,926478.00,2025-01-10
1837,SUP-03,1060,Рулевой наконечник,140,741.00,103740.00,2025-10-04
1838,SUP-06,1046,Реле,390,182.00,70980.00,2025-08-22
1839,SUP-10,1054,Фара передняя,180,3904.00,702720.00,2025-12-24
1840,SUP-03,1050,Моторное масло 5W-40,138,476.00,65688.00,2025-11-03
1841,SUP-01,1029,Ролик натяжителя ГРМ,228,952.00,217056.00,2025-05-27
1842,SUP-12,1021,Стойка стабилизатора,199,617.40,122862.60,2025-12-12
1843,SUP-07,1014,Свечи зажигания,218,273.60,59644.80,2025-10-27
1844,SUP-06,1034,Комплект сцепления,280,6664.00,1865920.00,2025-04-27
1845,SUP-11,1029,Ролик натяжителя ГРМ,267,812.00,216804.00,2025-10-21
1846,SUP-11,1026,Ступичный подшипник,387,1485.00,574695.00,2025-11-23
1847,SUP-06,1042,Аккумулятор 60Ah,342,4320.00,1477440.00,2025-09-06
1848,SUP-10,1041,Вентилятор охлаждения,97,3010.00,291970.00,2025-12-25
1849,SUP-04,1063,Коврики салона,260,1560.00,405600.00,2025-10-01
1850,SUP-02,1016,Высоковольтные провода,259,896.00,232064.00,2025-05-24
1851,SUP-08,1025,Пружина подвески,156,1705.00,265980.00,2025-10-20
1852,SUP-06,1055,Зеркало боковое,249,1888.00,470112.00,2025-11-08
1853,SUP-05,1042,Аккумулятор 60Ah,30,5112.00,153360.00,2025-09-20
1854,SUP-11,1001,Тормозные колодки передние,130,2142.00,278460.00,2025-12-22
1855,SUP-11,1037,Радиатор кондиционера,141,3795.00,535095.00,2025-06-14
1856,SUP-08,1013,Фильтр АКПП,378,952.00,359856.00,2025-10-03
1857,SUP-09,1015,Катушка зажигания,86,2001.00,172086.00,2025-06-20
1858,SUP-07,1022,Сайлентблок рычага,184,516.80,95091.20,2025-04-15
1859,SUP-07,1017,Стартер,165,5162.00,851730.00,2025-09-03
1860,SUP-06,1040,Антифриз G12,176,380.80,67020.80,2025-09-26
1861,SUP-06,1050,Моторное масло 5W-40,223,435.20,97049.60,2025-08-16
1862,SUP-03,1014,Свечи зажигания,398,243.20,96793.60,2025-06-20
1863,SUP-03,1058,Пыльник ШРУС,200,388.80,77760.00,2025-06-18
1864,SUP-04,1027,Опора амортизатора,128,944.00,120832.00,2025-07-12
1865,SUP-04,1022,Сайлентблок рычага,72,524.40,37756.80,2025-10-14
1866,SUP-07,1049,Бензонасос,312,3864.00,1205568.00,2025-08-20
1867,SUP-11,1014,Свечи зажигания,311,235.60,73271.60,2025-08-03
1868,SUP-10,1018,Генератор,398,7440.00,2961120.00,2025-03-12
1869,SUP-01,1053,Жидкость ГУР,187,313.20,58568.40,2025-11-04
1870,SUP-09,1039,Бачок расширительный,391,840.00,328440.00,2025-06-22
1871,SUP-08,1025,Пружина подвески,194,1829.00,354826.00,2025-03-22
1872,SUP-07,1009,Масляный фильтр,148,312.00,46176.00,2025-02-07
1873,SUP-08,1022,Сайлентблок рычага,43,532.00,22876.00,2025-06-10
1874,SUP-09,1001,Тормозные колодки передние,250,2074.00,518500.00,2025-03-25
1875,SUP-05,1017,Стартер,222,5340.00,1185480.00,2025-09-05
1876,SUP-11,1044,Лампы H4,33,294.00,9702.00,2025-01-31
1877,SUP-03,1007,Суппорт тормозной,378,4368.00,1651104.00,2025-12-13
1878,SUP-06,1047,Предохранители набор,376,106.40,40006.40,2025-05-06
1879,SUP-01,1061,Рулевая тяга,131,1188.00,155628.00,2025-12-10
1880,SUP-07,1027,Опора амортизатора,137,944.00,129328.00,2025-05-09
1881,SUP-12,1062,Насос ГУР,66,6160.00,406560.00,2025-04-10
1882,SUP-03,1002,Тормозные колодки задние,211,1568.00,330848.00,2025-03-23
1883,SUP-11,1036,Радиатор охлаждения,175,5254.00,919450.00,2025-09-06
1884,SUP-11,1062,Насос ГУР,188,6272.00,1179136.00,2025-01-29
1885,SUP-04,1002,Тормозные колодки задние,26,1764.00,45864.00,2025-12-24
1886,SUP-05,1057,ШРУС наружный,282,2378.00,670596.00,2025-05-02
1887,SUP-10,1047,Предохранители набор,206,119.70,24658.20,2025-10-24
1888,SUP-08,1031,Прокладка ГБЦ,272,1386.00,376992.00,2025-04-29
1889,SUP-02,1064,Компрессор кондиционера,250,11760.00,2940000.00,2025-09-07
1890,SUP-07,1031,Прокладка ГБЦ,118,1496.00,176528.00,2025-04-20
1891,SUP-11,1006,Тормозная жидкость DOT-5.1,248,560.70,139053.60,2025-07-10
1892,SUP-11,1041,Вентилятор охлаждения,339,3096.00,1049544.00,2025-09-09
1893,SUP-10,1037,Радиатор кондиционера,29,4416.00,128064.00,2025-08-27
1894,SUP-03,1029,Ролик натяжителя ГРМ,104,840.00,87360.00,2025-02-20
1895,SUP-04,1037,Радиатор кондиционера,127,4002.00,508254.00,2025-02-28
1896,SUP-02,1006,Тормозная жидкость DOT-5.1,235,587.40,138039.00,2025-01-31
1897,SUP-08,1017,Стартер,84,6141.00,515844.00,2025-11-23
1898,SUP-05,1045,Лампы H7,120,230.10,27612.00,2025-12-17
1899,SUP-04,1045,Лампы H7,107,226.20,24203.40,2025-02-27
1900,SUP-10,1021,Стойка стабилизатора,389,676.20,263041.80,2025-08-11
1901,SUP-08,1048,Датчик ABS,28,1260.00,35280.00,2025-03-14
1902,SUP-09,1053,Жидкость ГУР,391,383.40,149909.40,2025-05-15
1903,SUP-02,1053,Жидкость ГУР,44,297.00,13068.00,2025-01-23
1904,SUP-10,1054,Фара передняя,46,4480.00,206080.00,2025-04-08
1905,SUP-02,1006,Тормозная жидкость DOT-5.1,126,596.30,75133.80,2025-02-10
1906,SUP-02,1005,Тормозная жидкость DOT-4,71,270.00,19170.00,2025-08-18
1907,SUP-06,1024,Рычаг подвески,111,2898.00,321678.00,2025-02-13
1908,SUP-01,1064,Компрессор кондиционера,255,11424.00,2913120.00,2025-07-01
1909,SUP-04,1034,Комплект сцепления,189,5586.00,1055754.00,2025-04-26
1910,SUP-09,1021,Стойка стабилизатора,185,637.00,117845.00,2025-11-15
1911,SUP-10,1042,Аккумулятор 60Ah,96,5184.00,497664.00,2025-05-26
1912,SUP-02,1025,Пружина подвески,161,2201.00,354361.00,2025-02-01
1913,SUP-03,1017,Стартер,30,6230.00,186900.00,2025-04-19
1914,SUP-08,1040,Антифриз G12,179,369.60,66158.40,2025-05-23
1915,SUP-01,1040,Антифриз G12,233,403.20,93945.60,2025-10-09
1916,SUP-02,1002,Тормозные колодки задние,214,1792.00,383488.00,2025-11-23
1917,SUP-12,1017,Стартер,386,5340.00,2061240.00,2025-08-06
1918,SUP-07,1009,Масляный фильтр,52,322.40,16764.80,2025-06-17
1919,SUP-02,1039,Бачок расширительный,380,840.00,319200.00,2025-03-30
1920,SUP-07,1015,Катушка зажигания,88,2088.00,183744.00,2025-02-05
1921,SUP-11,1016,Высоковольтные провода,305,928.00,283040.00,2025-11-26
1922,SUP-02,1009,Масляный фильтр,61,306.80,18714.80,2025-07-25
1923,SUP-05,1059,Диск сцепления,32,3240.00,103680.00,2025-04-04
1924,SUP-03,1057,ШРУС наружный,341,2747.00,936727.00,2025-10-05
1925,SUP-05,1012,Топливный фильтр,116,573.30,66502.80,2025-12-07
1926,SUP-09,1031,Прокладка ГБЦ,163,1342.00,218746.00,2025-05-02
1927,SUP-10,1018,Генератор,94,8184.00,769296.00,2025-06-29
1928,SUP-06,1041,Вентилятор охлаждения,309,2752.00,850368.00,2025-01-09
1929,SUP-06,1053,Жидкость ГУР,87,378.00,32886.00,2025-11-13
1930,SUP-06,1028,Ремень ГРМ,129,990.00,127710.00,2025-09-16
1931,SUP-04,1007,Суппорт тормозной,29,5538.00,160602.00,2025-01-04
1932,SUP-08,1042,Аккумулятор 60Ah,292,4032.00,1177344.00,2025-08-10
1933,SUP-08,1064,Компрессор кондиционера,108,9408.00,1016064.00,2025-05-28
1934,SUP-03,1023,Шаровая опора,211,913.50,192748.50,2025-11-09
1935,SUP-09,1018,Генератор,299,7564.00,2261636.00,2025-09-27
1936,SUP-02,1020,Амортизатор задний,256,3024.00,774144.00,2025-04-14
1937,SUP-03,1064,Компрессор кондиционера,230,11424.00,2627520.00,2025-03-10
1938,SUP-07,1051,Моторное масло 5W-30,219,511.20,111952.80,2025-08-12
1939,SUP-04,1063,Коврики салона,230,1704.00,391920.00,2025-10-06
1940,SUP-08,1059,Диск сцепления,334,3240.00,1082160.00,2025-12-25
1941,SUP-07,1023,Шаровая опора,93,884.50,82258.50,2025-10-27
1942,SUP-12,1051,Моторное масло 5W-30,52,482.40,25084.80,2025-04-03
1943,SUP-01,1017,Стартер,119,6408.00,762552.00,2025-04-19
1944,SUP-07,1051,Моторное масло 5W-30,277,403.20,111686.40,2025-01-11
1945,SUP-02,1052,Масло АКПП,58,578.50,33553.00,2025-09-04
1946,SUP-02,1057,ШРУС наружный,359,2624.00,942016.00,2025-08-25
1947,SUP-01,1059,Диск сцепления,276,3105.00,856980.00,2025-10-28
1948,SUP-12,1054,Фара передняя,196,4032.00,790272.00,2025-11-09
1949,SUP-07,1040,Антифриз G12,240,380.80,91392.00,2025-08-17
1950,SUP-03,1034,Комплект сцепления,23,6664.00,153272.00,2025-05-24
1951,SUP-05,1004,Тормозные диски задние,34,3078.00,104652.00,2025-06-02
1952,SUP-03,1054,Фара передняя,112,4224.00,473088.00,2025-11-18
1953,SUP-03,1048,Датчик ABS,117,1407.00,164619.00,2025-03-21
1954,SUP-07,1002,Тормозные колодки задние,263,1736.00,456568.00,2025-11-24
1955,SUP-08,1045,Лампы H7,208,237.90,49483.20,2025-04-02
1956,SUP-07,1017,Стартер,141,6230.00,878430.00,2025-09-15
1957,SUP-01,1048,Датчик ABS,203,1302.00,264306.00,2025-11-27
1958,SUP-03,1058,Пыльник ШРУС,335,361.80,121203.00,2025-05-27
1959,SUP-12,1012,Топливный фильтр,353,609.70,215224.10,2025-07-25
1960,SUP-09,1022,Сайлентблок рычага,328,524.40,172003.20,2025-10-08
1961,SUP-04,1041,Вентилятор охлаждения,98,2752.00,269696.00,2025-01-03
1962,SUP-08,1011,Фильтр салона,180,455.60,82008.00,2025-05-07
1963,SUP-07,1035,Датчик коленвала,140,1064.00,148960.00,2025-11-20
1964,SUP-06,1028,Ремень ГРМ,278,1278.00,355284.00,2025-02-11
1965,SUP-09,1057,ШРУС наружный,327,2624.00,858048.00,2025-10-17
1966,SUP-04,1038,Патрубок радиатора,344,415.40,142897.60,2025-08-09
1967,SUP-10,1031,Прокладка ГБЦ,135,1232.00,166320.00,2025-09-12
1968,SUP-11,1043,Аккумулятор 75Ah,151,5824.00,879424.00,2025-06-29
1969,SUP-04,1064,Компрессор кондиционера,93,10584.00,984312.00,2025-09-28
1970,SUP-09,1034,Комплект сцепления,373,6174.00,2302902.00,2025-10-04
1971,SUP-09,1045,Лампы H7,375,265.20,99450.00,2025-09-01
1972,SUP-08,1060,Рулевой наконечник,235,715.00,168025.00,2025-10-01
1973,SUP-04,1063,Коврики салона,61,1680.00,102480.00,2025-08-23
1974,SUP-06,1034,Комплект сцепления,302,6174.00,1864548.00,2025-08-22
1975,SUP-09,1023,Шаровая опора,28,826.50,23142.00,2025-07-31
1976,SUP-09,1005,Тормозная жидкость DOT-4,133,283.50,37705.50,2025-11-13
1977,SUP-03,1007,Суппорт тормозной,310,4446.00,1378260.00,2025-12-08
1978,SUP-09,1062,Насос ГУР,359,7504.00,2693936.00,2025-05-29
1979,SUP-03,1031,Прокладка ГБЦ,293,1584.00,464112.00,2025-01-15
1980,SUP-07,1034,Комплект сцепления,179,6468.00,1157772.00,2025-11-14
1981,SUP-10,1050,Моторное масло 5W-40,174,448.80,78091.20,2025-10-03
1982,SUP-01,1039,Бачок расширительный,182,798.00,145236.00,2025-04-15
1983,SUP-02,1014,Свечи зажигания,125,243.20,30400.00,2025-05-30
1984,SUP-05,1030,Помпа водяная,312,2196.00,685152.00,2025-02-27
1985,SUP-07,1051,Моторное масло 5W-30,83,424.80,35258.40,2025-12-12
1986,SUP-05,1042,Аккумулятор 60Ah,160,4464.00,714240.00,2025-02-10
1987,SUP-03,1006,Тормозная жидкость DOT-5.1,42,507.30,21306.60,2025-09-18
1988,SUP-07,1064,Компрессор кондиционера,283,11088.00,3137904.00,2025-09-22
1989,SUP-07,1057,ШРУС наружный,95,2583.00,245385.00,2025-09-27
1990,SUP-02,1021,Стойка стабилизатора,60,597.80,35868.00,2025-06-01
1991,SUP-04,1024,Рычаг подвески,259,2394.00,620046.00,2025-06-30
1992,SUP-12,1028,Ремень ГРМ,22,1188.00,26136.00,2025-09-13
1993,SUP-08,1003,Тормозные диски передние,380,4402.00,1672760.00,2025-02-13
1994,SUP-12,1033,Термостат,66,792.00,52272.00,2025-07-09
1995,SUP-02,1027,Опора амортизатора,147,976.00,143472.00,2025-04-03
1996,SUP-02,1059,Диск сцепления,141,2925.00,412425.00,2025-06-03
1997,SUP-03,1048,Датчик ABS,338,1470.00,496860.00,2025-02-26
1998,SUP-11,1037,Радиатор кондиционера,353,4830.00,1704990.00,2025-05-09
1999,SUP-04,1053,Жидкость ГУР,227,313.20,71096.40,2025-08-15
2000,SUP-01,1017,Стартер,254,5073.00,1288542.00,2025-12-06
2001,SUP-03,1041,Вентилятор охлаждения,353,2580.00,910740.00,2025-02-06
2002,SUP-08,1035,Датчик коленвала,195,1349.00,263055.00,2025-10-30
2003,SUP-04,1033,Термостат,130,759.00,98670.00,2025-11-16
2004,SUP-02,1008,Датчик износа колодок,253,377.00,95381.00,2025-05-19
2005,SUP-02,1004,Тормозные диски задние,313,3564.00,1115532.00,2025-06-14
2006,SUP-05,1013,Фильтр АКПП,398,770.00,306460.00,2025-09-20
2007,SUP-09,1013,Фильтр АКПП,85,868.00,73780.00,2025-10-17
2008,SUP-02,1036,Радиатор охлаждения,27,4514.00,121878.00,2025-01-27
2009,SUP-08,1006,Тормозная жидкость DOT-5.1,231,489.50,113074.50,2025-07-03
2010,SUP-11,1003,Тормозные диски передние,139,3658.00,508462.00,2025-04-19
2011,SUP-09,1008,Датчик износа колодок,197,429.00,84513.00,2025-07-03
2012,SUP-12,1025,Пружина подвески,278,1891.00,525698.00,2025-04-02
2013,SUP-10,1048,Датчик ABS,331,1365.00,451815.00,2025-10-01
2014,SUP-12,1022,Сайлентблок рычага,87,433.20,37688.40,2025-08-19
2015,SUP-11,1038,Патрубок радиатора,319,372.00,118668.00,2025-08-08
2016,SUP-01,1057,ШРУС наружный,277,2665.00,738205.00,2025-01-23
2017,SUP-08,1009,Масляный фильтр,115,291.20,33488.00,2025-07-21
2018,SUP-08,1045,Лампы H7,359,257.40,92406.60,2025-05-03
2019,SUP-09,1035,Датчик коленвала,348,1045.00,363660.00,2025-09-22
2020,SUP-03,1062,Насос ГУР,228,6608.00,1506624.00,2025-06-12
2021,SUP-07,1039,Бачок расширительный,49,882.00,43218.00,2025-11-19
2022,SUP-01,1054,Фара передняя,268,3584.00,960512.00,2025-09-20
2023,SUP-04,1048,Датчик ABS,316,1302.00,411432.00,2025-11-26
2024,SUP-06,1022,Сайлентблок рычага,228,494.00,112632.00,2025-02-28
2025,SUP-07,1049,Бензонасос,124,3808.00,472192.00,2025-05-17
2026,SUP-09,1009,Масляный фильтр,331,296.40,98108.40,2025-10-13
2027,SUP-04,1061,Рулевая тяга,241,1152.00,277632.00,2025-11-27
2028,SUP-10,1057,ШРУС наружный,374,2255.00,843370.00,2025-07-31
2029,SUP-12,1007,Суппорт тормозной,373,4914.00,1832922.00,2025-04-22
2030,SUP-05,1005,Тормозная жидкость DOT-4,166,279.00,46314.00,2025-07-08
2031,SUP-02,1034,Комплект сцепления,400,5978.00,2391200.00,2025-11-03
2032,SUP-11,1037,Радиатор кондиционера,235,4761.00,1118835.00,2025-04-30
2033,SUP-02,1001,Тормозные колодки передние,385,1972.00,759220.00,2025-02-04
2034,SUP-03,1046,Реле,196,154.00,30184.00,2025-03-18
2035,SUP-03,1032,Сальник коленвала,88,292.80,25766.40,2025-03-13
2036,SUP-06,1014,Свечи зажигания,94,235.60,22146.40,2025-03-23
2037,SUP-11,1035,Датчик коленвала,146,1159.00,169214.00,2025-07-23
2038,SUP-06,1016,Высоковольтные провода,140,896.00,125440.00,2025-01-01
2039,SUP-11,1025,Пружина подвески,318,1736.00,552048.00,2025-12-05
2040,SUP-09,1015,Катушка зажигания,280,2059.00,576520.00,2025-03-21
2041,SUP-10,1041,Вентилятор охлаждения,212,2494.00,528728.00,2025-02-21
2042,SUP-08,1063,Коврики салона,45,1584.00,71280.00,2025-06-25
2043,SUP-07,1003,Тормозные диски передние,187,3720.00,695640.00,2025-01-28
2044,SUP-07,1055,Зеркало боковое,188,2272.00,427136.00,2025-10-27
2045,SUP-09,1034,Комплект сцепления,117,6174.00,722358.00,2025-09-29
2046,SUP-04,1057,ШРУС наружный,143,2255.00,322465.00,2025-10-21
2047,SUP-11,1043,Аккумулятор 75Ah,212,5278.00,1118936.00,2025-10-29
2048,SUP-09,1006,Тормозная жидкость DOT-5.1,72,587.40,42292.80,2025-06-10
2049,SUP-04,1028,Ремень ГРМ,329,1206.00,396774.00,2025-01-12
2050,SUP-08,1063,Коврики салона,393,1608.00,631944.00,2025-06-20
2051,SUP-09,1021,Стойка стабилизатора,383,548.80,210190.40,2025-05-25
2052,SUP-10,1039,Бачок расширительный,366,882.00,322812.00,2025-02-17
2053,SUP-06,1031,Прокладка ГБЦ,23,1518.00,34914.00,2025-01-11
2054,SUP-08,1002,Тормозные колодки задние,203,1680.00,341040.00,2025-09-10
2055,SUP-08,1064,Компрессор кондиционера,105,10920.00,1146600.00,2025-01-11
2056,SUP-12,1058,Пыльник ШРУС,151,383.40,57893.40,2025-07-18
2057,SUP-12,1007,Суппорт тормозной,166,5538.00,919308.00,2025-05-02
2058,SUP-05,1036,Радиатор охлаждения,362,4292.00,1553704.00,2025-03-28
2059,SUP-05,1036,Радиатор охлаждения,222,4070.00,903540.00,2025-02-05
2060,SUP-02,1056,Щётки стеклоочистителя,310,553.80,171678.00,2025-12-28
2061,SUP-12,1063,Коврики салона,226,1680.00,379680.00,2025-05-28
2062,SUP-08,1035,Датчик коленвала,393,1235.00,485355.00,2025-10-14
2063,SUP-03,1014,Свечи зажигания,27,250.80,6771.60,2025-07-03
2064,SUP-07,1058,Пыльник ШРУС,158,345.60,54604.80,2025-08-12
2065,SUP-02,1017,Стартер,266,6408.00,1704528.00,2025-05-28
2066,SUP-11,1019,Амортизатор передний,86,3402.00,292572.00,2025-11-05
2067,SUP-12,1058,Пыльник ШРУС,100,383.40,38340.00,2025-06-11
2068,SUP-01,1020,Амортизатор задний,208,2928.00,609024.00,2025-11-16
2069,SUP-01,1011,Фильтр салона,118,482.80,56970.40,2025-08-01
2070,SUP-03,1063,Коврики салона,150,1416.00,212400.00,2025-12-04
2071,SUP-07,1055,Зеркало боковое,337,2240.00,754880.00,2025-05-14
2072,SUP-11,1035,Датчик коленвала,254,1140.00,289560.00,2025-03-28
2073,SUP-10,1042,Аккумулятор 60Ah,25,4464.00,111600.00,2025-06-22
2074,SUP-11,1004,Тормозные диски задние,237,3888.00,921456.00,2025-11-16
2075,SUP-09,1032,Сальник коленвала,42,288.00,12096.00,2025-07-19
2076,SUP-04,1041,Вентилятор охлаждения,192,3096.00,594432.00,2025-06-07
2077,SUP-11,1001,Тормозные колодки передние,50,2142.00,107100.00,2025-09-22
2078,SUP-04,1003,Тормозные диски передние,393,4278.00,1681254.00,2025-11-24
2079,SUP-09,1052,Масло АКПП,146,551.80,80562.80,2025-11-12
2080,SUP-02,1049,Бензонасос,217,3248.00,704816.00,2025-08-25
2081,SUP-12,1064,Компрессор кондиционера,382,11928.00,4556496.00,2025-06-16
2082,SUP-03,1056,Щётки стеклоочистителя,386,522.60,201723.60,2025-05-30
2083,SUP-10,1032,Сальник коленвала,254,297.60,75590.40,2025-05-05
2084,SUP-03,1001,Тормозные колодки передние,193,2142.00,413406.00,2025-02-19
2085,SUP-10,1047,Предохранители набор,363,131.10,47589.30,2025-07-21
2086,SUP-06,1026,Ступичный подшипник,388,1647.00,639036.00,2025-06-04
2087,SUP-10,1002,Тормозные колодки задние,194,1792.00,347648.00,2025-09-05
2088,SUP-11,1038,Патрубок радиатора,153,396.80,60710.40,2025-05-27
2089,SUP-05,1034,Комплект сцепления,363,6762.00,2454606.00,2025-02-14
2090,SUP-08,1048,Датчик ABS,227,1302.00,295554.00,2025-04-20
2091,SUP-10,1009,Масляный фильтр,44,291.20,12812.80,2025-11-25
2092,SUP-12,1050,Моторное масло 5W-40,224,421.60,94438.40,2025-07-01
2093,SUP-01,1050,Моторное масло 5W-40,379,380.80,144323.20,2025-12-17
2094,SUP-02,1033,Термостат,198,704.00,139392.00,2025-10-07
2095,SUP-08,1034,Комплект сцепления,172,6370.00,1095640.00,2025-07-09
2096,SUP-12,1025,Пружина подвески,336,1891.00,635376.00,2025-06-11
2097,SUP-03,1020,Амортизатор задний,231,3120.00,720720.00,2025-11-08
2098,SUP-10,1053,Жидкость ГУР,112,372.60,41731.20,2025-07-24
2099,SUP-12,1047,Предохранители набор,391,115.90,45316.90,2025-12-18
2100,SUP-10,1013,Фильтр АКПП,101,1008.00,101808.00,2025-03-17
2101,SUP-03,1033,Термостат,32,715.00,22880.00,2025-08-17
2102,SUP-06,1064,Компрессор кондиционера,168,9576.00,1608768.00,2025-12-03
2103,SUP-10,1055,Зеркало боковое,327,1824.00,596448.00,2025-10-15
2104,SUP-12,1039,Бачок расширительный,339,938.00,317982.00,2025-04-21
2105,SUP-05,1062,Насос ГУР,239,7728.00,1846992.00,2025-11-08
2106,SUP-12,1043,Аккумулятор 75Ah,137,5824.00,797888.00,2025-10-28
2107,SUP-12,1039,Бачок расширительный,358,770.00,275660.00,2025-02-14
2108,SUP-11,1047,Предохранители набор,333,104.50,34798.50,2025-06-05
2109,SUP-02,1052,Масло АКПП,113,640.80,72410.40,2025-04-20
2110,SUP-12,1048,Датчик ABS,248,1344.00,333312.00,2025-01-14
2111,SUP-07,1018,Генератор,237,7440.00,1763280.00,2025-12-13
2112,SUP-10,1064,Компрессор кондиционера,342,10752.00,3677184.00,2025-05-09
2113,SUP-08,1032,Сальник коленвала,267,288.00,76896.00,2025-03-22
2114,SUP-05,1043,Аккумулятор 75Ah,375,5733.00,2149875.00,2025-09-25
2115,SUP-01,1053,Жидкость ГУР,343,297.00,101871.00,2025-11-21
2116,SUP-10,1004,Тормозные диски задние,47,3402.00,159894.00,2025-05-01
2117,SUP-11,1002,Тормозные колодки задние,109,1988.00,216692.00,2025-05-09
2118,SUP-09,1051,Моторное масло 5W-30,252,424.80,107049.60,2025-05-14
2119,SUP-01,1023,Шаровая опора,336,1015.00,341040.00,2025-03-28
2120,SUP-04,1042,Аккумулятор 60Ah,228,4608.00,1050624.00,2025-12-29
2121,SUP-04,1029,Ролик натяжителя ГРМ,105,952.00,99960.00,2025-03-31
2122,SUP-05,1031,Прокладка ГБЦ,201,1408.00,283008.00,2025-02-07
2123,SUP-12,1009,Масляный фильтр,167,317.20,52972.40,2025-09-05
2124,SUP-07,1038,Патрубок радиатора,238,440.20,104767.60,2025-09-23
2125,SUP-05,1003,Тормозные диски передние,289,4216.00,1218424.00,2025-08-24
2126,SUP-07,1032,Сальник коленвала,102,316.80,32313.60,2025-05-04
2127,SUP-08,1001,Тормозные колодки передние,209,2006.00,419254.00,2025-03-15
2128,SUP-07,1016,Высоковольтные провода,334,880.00,293920.00,2025-04-19
2129,SUP-01,1060,Рулевой наконечник,342,715.00,244530.00,2025-08-20
2130,SUP-05,1002,Тормозные колодки задние,400,2016.00,806400.00,2025-09-02
2131,SUP-09,1032,Сальник коленвала,229,331.20,75844.80,2025-01-29
2132,SUP-06,1006,Тормозная жидкость DOT-5.1,194,534.00,103596.00,2025-08-18
2133,SUP-07,1042,Аккумулятор 60Ah,96,5040.00,483840.00,2025-01-17
2134,SUP-05,1019,Амортизатор передний,290,3510.00,1017900.00,2025-09-13
2135,SUP-06,1009,Масляный фильтр,324,369.20,119620.80,2025-01-08
2136,SUP-02,1030,Помпа водяная,79,2484.00,196236.00,2025-07-12
2137,SUP-08,1056,Щётки стеклоочистителя,74,499.20,36940.80,2025-03-03
2138,SUP-08,1025,Пружина подвески,392,1829.00,716968.00,2025-09-25
2139,SUP-10,1059,Диск сцепления,68,2745.00,186660.00,2025-04-19
2140,SUP-06,1046,Реле,228,187.60,42772.80,2025-12-22
2141,SUP-08,1061,Рулевая тяга,264,1296.00,342144.00,2025-06-26
2142,SUP-07,1018,Генератор,247,6944.00,1715168.00,2025-11-12
2143,SUP-04,1045,Лампы H7,275,269.10,74002.50,2025-08-02
2144,SUP-04,1035,Датчик коленвала,271,1368.00,370728.00,2025-04-21
2145,SUP-03,1010,Воздушный фильтр,354,458.80,162415.20,2025-03-09
2146,SUP-12,1044,Лампы H4,128,256.20,32793.60,2025-03-14
2147,SUP-10,1055,Зеркало боковое,336,2112.00,709632.00,2025-02-27
2148,SUP-01,1014,Свечи зажигания,31,254.60,7892.60,2025-06-03
2149,SUP-09,1017,Стартер,29,5251.00,152279.00,2025-01-29
2150,SUP-05,1053,Жидкость ГУР,97,361.80,35094.60,2025-04-07
2151,SUP-09,1021,Стойка стабилизатора,354,637.00,225498.00,2025-05-04
2152,SUP-03,1042,Аккумулятор 60Ah,387,4608.00,1783296.00,2025-05-09
2153,SUP-04,1049,Бензонасос,149,3416.00,508984.00,2025-01-28
2154,SUP-02,1052,Масло АКПП,361,560.70,202412.70,2025-02-06
2155,SUP-04,1017,Стартер,157,5251.00,824407.00,2025-05-19
2156,SUP-12,1054,Фара передняя,174,3520.00,612480.00,2025-10-23
2157,SUP-02,1005,Тормозная жидкость DOT-4,188,319.50,60066.00,2025-03-16
2158,SUP-11,1011,Фильтр салона,344,455.60,156726.40,2025-12-04
2159,SUP-08,1051,Моторное масло 5W-30,48,518.40,24883.20,2025-04-05
2160,SUP-08,1063,Коврики салона,291,1392.00,405072.00,2025-12-28
2161,SUP-07,1062,Насос ГУР,243,7280.00,1769040.00,2025-10-20
2162,SUP-08,1037,Радиатор кондиционера,67,4830.00,323610.00,2025-01-11
2163,SUP-05,1046,Реле,222,193.20,42890.40,2025-12-20
2164,SUP-09,1031,Прокладка ГБЦ,116,1210.00,140360.00,2025-08-08
2165,SUP-09,1052,Масло АКПП,264,525.10,138626.40,2025-02-10
2166,SUP-06,1049,Бензонасос,96,3584.00,344064.00,2025-04-11
2167,SUP-02,1014,Свечи зажигания,107,254.60,27242.20,2025-07-04
2168,SUP-08,1004,Тормозные диски задние,152,3456.00,525312.00,2025-05-14
2169,SUP-04,1044,Лампы H4,334,239.40,79959.60,2025-04-16
2170,SUP-09,1036,Радиатор охлаждения,303,5106.00,1547118.00,2025-06-25
2171,SUP-02,1011,Фильтр салона,326,476.00,155176.00,2025-01-19
2172,SUP-07,1057,ШРУС наружный,43,2911.00,125173.00,2025-05-05
2173,SUP-11,1041,Вентилятор охлаждения,188,2752.00,517376.00,2025-06-21
2174,SUP-05,1015,Катушка зажигания,196,1914.00,375144.00,2025-11-16
2175,SUP-12,1060,Рулевой наконечник,160,793.00,126880.00,2025-07-08
2176,SUP-12,1052,Масло АКПП,51,507.30,25872.30,2025-08-24
2177,SUP-08,1060,Рулевой наконечник,44,910.00,40040.00,2025-01-24
2178,SUP-04,1011,Фильтр салона,107,428.40,45838.80,2025-03-17
2179,SUP-02,1019,Амортизатор передний,57,3888.00,221616.00,2025-12-19
2180,SUP-02,1055,Зеркало боковое,241,1952.00,470432.00,2025-08-08
2181,SUP-11,1060,Рулевой наконечник,244,754.00,183976.00,2025-12-23
2182,SUP-05,1021,Стойка стабилизатора,224,666.40,149273.60,2025-04-17
2183,SUP-04,1060,Рулевой наконечник,246,793.00,195078.00,2025-12-05
2184,SUP-04,1053,Жидкость ГУР,169,345.60,58406.40,2025-09-15
2185,SUP-04,1011,Фильтр салона,217,401.20,87060.40,2025-05-20
2186,SUP-03,1001,Тормозные колодки передние,98,2040.00,199920.00,2025-10-01
2187,SUP-11,1006,Тормозная жидкость DOT-5.1,34,534.00,18156.00,2025-07-21
2188,SUP-01,1033,Термостат,170,638.00,108460.00,2025-12-28
2189,SUP-07,1057,ШРУС наружный,308,2542.00,782936.00,2025-03-21
2190,SUP-08,1030,Помпа водяная,355,2124.00,754020.00,2025-02-09
2191,SUP-04,1014,Свечи зажигания,51,254.60,12984.60,2025-03-23
2192,SUP-03,1018,Генератор,62,8556.00,530472.00,2025-06-10
2193,SUP-01,1039,Бачок расширительный,24,826.00,19824.00,2025-09-09
2194,SUP-05,1053,Жидкость ГУР,157,340.20,53411.40,2025-12-09
2195,SUP-04,1010,Воздушный фильтр,31,510.60,15828.60,2025-09-19
2196,SUP-06,1027,Опора амортизатора,145,1072.00,155440.00,2025-05-28
2197,SUP-02,1046,Реле,313,170.80,53460.40,2025-07-15
2198,SUP-05,1003,Тормозные диски передние,223,3596.00,801908.00,2025-08-10
2199,SUP-04,1015,Катушка зажигания,277,1740.00,481980.00,2025-11-03
2200,SUP-12,1015,Катушка зажигания,187,1653.00,309111.00,2025-09-03
2201,SUP-12,1032,Сальник коленвала,33,331.20,10929.60,2025-02-02
2202,SUP-11,1058,Пыльник ШРУС,228,318.60,72640.80,2025-03-12
2203,SUP-05,1032,Сальник коленвала,261,326.40,85190.40,2025-09-16
2204,SUP-01,1056,Щётки стеклоочистителя,392,491.40,192628.80,2025-07-15
2205,SUP-06,1026,Ступичный подшипник,35,1566.00,54810.00,2025-11-27
2206,SUP-05,1022,Сайлентблок рычага,305,433.20,132126.00,2025-05-30
2207,SUP-08,1058,Пыльник ШРУС,342,367.20,125582.40,2025-02-27
2208,SUP-02,1048,Датчик ABS,375,1386.00,519750.00,2025-04-08
2209,SUP-06,1047,Предохранители набор,24,119.70,2872.80,2025-05-23
2210,SUP-07,1052,Масло АКПП,83,551.80,45799.40,2025-05-17
2211,SUP-08,1022,Сайлентблок рычага,385,494.00,190190.00,2025-12-04
2212,SUP-11,1054,Фара передняя,169,4416.00,746304.00,2025-04-20
2213,SUP-10,1005,Тормозная жидкость DOT-4,294,270.00,79380.00,2025-12-13
2214,SUP-01,1022,Сайлентблок рычага,379,539.60,204508.40,2025-02-12
2215,SUP-02,1015,Катушка зажигания,388,2001.00,776388.00,2025-07-25
2216,SUP-12,1046,Реле,260,179.20,46592.00,2025-07-13
2217,SUP-09,1002,Тормозные колодки задние,209,1568.00,327712.00,2025-07-07
2218,SUP-01,1007,Суппорт тормозной,103,5070.00,522210.00,2025-11-17
2219,SUP-03,1005,Тормозная жидкость DOT-4,177,288.00,50976.00,2025-10-10
2220,SUP-02,1013,Фильтр АКПП,234,868.00,203112.00,2025-10-06
2221,SUP-09,1032,Сальник коленвала,153,340.80,52142.40,2025-03-22
2222,SUP-12,1063,Коврики салона,43,1320.00,56760.00,2025-07-22
2223,SUP-08,1063,Коврики салона,182,1560.00,283920.00,2025-10-20
2224,SUP-05,1057,ШРУС наружный,205,2870.00,588350.00,2025-08-21
2225,SUP-09,1057,ШРУС наружный,151,2788.00,420988.00,2025-06-20
2226,SUP-01,1046,Реле,239,159.60,38144.40,2025-12-10
2227,SUP-04,1029,Ролик натяжителя ГРМ,327,896.00,292992.00,2025-05-30
2228,SUP-01,1001,Тормозные колодки передние,288,1870.00,538560.00,2025-01-26
2229,SUP-02,1060,Рулевой наконечник,177,793.00,140361.00,2025-05-05
2230,SUP-07,1017,Стартер,130,6319.00,821470.00,2025-06-28
2231,SUP-07,1044,Лампы H4,203,231.00,46893.00,2025-07-04
2232,SUP-11,1024,Рычаг подвески,388,2604.00,1010352.00,2025-03-26
2233,SUP-06,1042,Аккумулятор 60Ah,274,4608.00,1262592.00,2025-06-01
2234,SUP-03,1022,Сайлентблок рычага,395,532.00,210140.00,2025-04-27
2235,SUP-12,1043,Аккумулятор 75Ah,195,5824.00,1135680.00,2025-01-07
2236,SUP-12,1037,Радиатор кондиционера,52,4692.00,243984.00,2025-03-18
2237,SUP-11,1032,Сальник коленвала,212,307.20,65126.40,2025-03-10
2238,SUP-11,1030,Помпа водяная,53,2052.00,108756.00,2025-08-05
2239,SUP-01,1044,Лампы H4,398,285.60,113668.80,2025-07-17
2240,SUP-04,1041,Вентилятор охлаждения,124,2580.00,319920.00,2025-08-20
2241,SUP-11,1007,Суппорт тормозной,228,4836.00,1102608.00,2025-01-15
2242,SUP-02,1017,Стартер,81,5162.00,418122.00,2025-01-02
2243,SUP-01,1055,Зеркало боковое,183,1792.00,327936.00,2025-07-07
2244,SUP-05,1042,Аккумулятор 60Ah,277,5112.00,1416024.00,2025-09-16
2245,SUP-01,1060,Рулевой наконечник,335,884.00,296140.00,2025-03-24
2246,SUP-08,1044,Лампы H4,153,273.00,41769.00,2025-04-11
2247,SUP-02,1058,Пыльник ШРУС,365,302.40,110376.00,2025-08-25
2248,SUP-11,1064,Компрессор кондиционера,285,9240.00,2633400.00,2025-11-22
2249,SUP-11,1018,Генератор,52,7564.00,393328.00,2025-02-22
2250,SUP-10,1002,Тормозные колодки задние,211,1820.00,384020.00,2025-10-19
2251,SUP-04,1062,Насос ГУР,288,6832.00,1967616.00,2025-10-04
2252,SUP-11,1055,Зеркало боковое,322,1888.00,607936.00,2025-10-11
2253,SUP-03,1048,Датчик ABS,252,1386.00,349272.00,2025-11-18
2254,SUP-04,1063,Коврики салона,157,1704.00,267528.00,2025-09-02
2255,SUP-09,1045,Лампы H7,150,265.20,39780.00,2025-12-24
2256,SUP-11,1011,Фильтр салона,311,435.20,135347.20,2025-01-08
2257,SUP-01,1010,Воздушный фильтр,252,414.40,104428.80,2025-05-03
2258,SUP-04,1040,Антифриз G12,244,364.00,88816.00,2025-05-13
2259,SUP-05,1049,Бензонасос,32,3080.00,98560.00,2025-03-02
2260,SUP-10,1026,Ступичный подшипник,39,1620.00,63180.00,2025-10-30
2261,SUP-09,1063,Коврики салона,65,1488.00,96720.00,2025-05-08
2262,SUP-07,1014,Свечи зажигания,351,269.80,94699.80,2025-04-02
2263,SUP-07,1017,Стартер,187,6319.00,1181653.00,2025-03-30
2264,SUP-04,1054,Фара передняя,62,4544.00,281728.00,2025-02-20
2265,SUP-11,1058,Пыльник ШРУС,133,307.80,40937.40,2025-03-02
2266,SUP-06,1019,Амортизатор передний,146,3456.00,504576.00,2025-10-21
2267,SUP-06,1036,Радиатор охлаждения,227,5180.00,1175860.00,2025-02-19
2268,SUP-11,1040,Антифриз G12,221,341.60,75493.60,2025-10-09
2269,SUP-09,1023,Шаровая опора,397,986.00,391442.00,2025-01-15
2270,SUP-09,1031,Прокладка ГБЦ,374,1584.00,592416.00,2025-10-10
2271,SUP-08,1035,Датчик коленвала,165,1216.00,200640.00,2025-04-02
2272,SUP-05,1062,Насос ГУР,85,7168.00,609280.00,2025-07-05
2273,SUP-12,1010,Воздушный фильтр,165,510.60,84249.00,2025-07-19
2274,SUP-09,1017,Стартер,345,6408.00,2210760.00,2025-02-17
2275,SUP-05,1036,Радиатор охлаждения,327,5106.00,1669662.00,2025-03-27
2276,SUP-05,1064,Компрессор кондиционера,233,11424.00,2661792.00,2025-06-01
2277,SUP-11,1026,Ступичный подшипник,170,1755.00,298350.00,2025-09-28
2278,SUP-08,1018,Генератор,105,7812.00,820260.00,2025-03-07
2279,SUP-05,1041,Вентилятор охлаждения,178,2365.00,420970.00,2025-08-31
2280,SUP-05,1025,Пружина подвески,302,1891.00,571082.00,2025-05-28
2281,SUP-04,1014,Свечи зажигания,371,258.40,95866.40,2025-10-16
2282,SUP-06,1062,Насос ГУР,97,7504.00,727888.00,2025-11-13
2283,SUP-03,1033,Термостат,325,715.00,232375.00,2025-09-22
2284,SUP-10,1063,Коврики салона,133,1320.00,175560.00,2025-04-16
2285,SUP-11,1051,Моторное масло 5W-30,290,432.00,125280.00,2025-03-21
2286,SUP-12,1035,Датчик коленвала,27,1083.00,29241.00,2025-01-12
2287,SUP-04,1036,Радиатор охлаждения,396,4958.00,1963368.00,2025-04-15
2288,SUP-09,1033,Термостат,196,616.00,120736.00,2025-05-25
2289,SUP-09,1061,Рулевая тяга,313,1188.00,371844.00,2025-03-11
2290,SUP-03,1009,Масляный фильтр,165,286.00,47190.00,2025-02-16
2291,SUP-07,1042,Аккумулятор 60Ah,314,4680.00,1469520.00,2025-07-08
2292,SUP-06,1055,Зеркало боковое,28,1984.00,55552.00,2025-06-07
2293,SUP-12,1041,Вентилятор охлаждения,220,2795.00,614900.00,2025-03-14
2294,SUP-09,1021,Стойка стабилизатора,28,686.00,19208.00,2025-11-13
2295,SUP-04,1055,Зеркало боковое,241,2176.00,524416.00,2025-11-16
2296,SUP-02,1019,Амортизатор передний,208,2970.00,617760.00,2025-08-22
2297,SUP-08,1014,Свечи зажигания,380,247.00,93860.00,2025-12-13
2298,SUP-11,1003,Тормозные диски передние,301,3906.00,1175706.00,2025-05-13
2299,SUP-02,1057,ШРУС наружный,395,2296.00,906920.00,2025-12-13
2300,SUP-02,1008,Датчик износа колодок,72,403.00,29016.00,2025-11-01
2301,SUP-06,1048,Датчик ABS,398,1260.00,501480.00,2025-02-02
2302,SUP-09,1026,Ступичный подшипник,299,1809.00,540891.00,2025-03-29
2303,SUP-06,1041,Вентилятор охлаждения,281,2709.00,761229.00,2025-12-20
2304,SUP-05,1047,Предохранители набор,279,104.50,29155.50,2025-09-21
2305,SUP-05,1021,Стойка стабилизатора,319,578.20,184445.80,2025-01-16
2306,SUP-04,1038,Патрубок радиатора,42,440.20,18488.40,2025-07-08
2307,SUP-11,1012,Топливный фильтр,387,555.10,214823.70,2025-06-21
2308,SUP-07,1037,Радиатор кондиционера,255,4554.00,1161270.00,2025-05-08
2309,SUP-06,1015,Катушка зажигания,249,1885.00,469365.00,2025-05-15
2310,SUP-06,1027,Опора амортизатора,338,1024.00,346112.00,2025-08-12
2311,SUP-01,1043,Аккумулятор 75Ah,89,6461.00,575029.00,2025-09-03
2312,SUP-05,1023,Шаровая опора,61,942.50,57492.50,2025-02-06
2313,SUP-05,1048,Датчик ABS,272,1197.00,325584.00,2025-05-23
2314,SUP-12,1020,Амортизатор задний,352,2688.00,946176.00,2025-11-12
2315,SUP-10,1026,Ступичный подшипник,378,1593.00,602154.00,2025-01-12
2316,SUP-03,1056,Щётки стеклоочистителя,55,475.80,26169.00,2025-05-04
2317,SUP-10,1064,Компрессор кондиционера,261,11928.00,3113208.00,2025-05-21
2318,SUP-11,1043,Аккумулятор 75Ah,123,6279.00,772317.00,2025-10-23
2319,SUP-12,1039,Бачок расширительный,338,966.00,326508.00,2025-02-22
2320,SUP-11,1040,Антифриз G12,180,330.40,59472.00,2025-04-18
2321,SUP-07,1040,Антифриз G12,100,358.40,35840.00,2025-01-16
2322,SUP-03,1042,Аккумулятор 60Ah,77,5184.00,399168.00,2025-07-15
2323,SUP-02,1037,Радиатор кондиционера,190,4416.00,839040.00,2025-09-08
2324,SUP-08,1037,Радиатор кондиционера,94,4761.00,447534.00,2025-03-20
2325,SUP-02,1064,Компрессор кондиционера,78,10416.00,812448.00,2025-08-17
2326,SUP-09,1057,ШРУС наружный,79,2583.00,204057.00,2025-12-17
2327,SUP-07,1053,Жидкость ГУР,332,361.80,120117.60,2025-07-28
2328,SUP-04,1064,Компрессор кондиционера,69,10080.00,695520.00,2025-04-15
2329,SUP-09,1063,Коврики салона,150,1464.00,219600.00,2025-05-21
2330,SUP-03,1064,Компрессор кондиционера,316,11592.00,3663072.00,2025-09-30
2331,SUP-04,1059,Диск сцепления,31,2970.00,92070.00,2025-05-28
2332,SUP-04,1055,Зеркало боковое,360,2208.00,794880.00,2025-07-01
2333,SUP-12,1034,Комплект сцепления,351,7056.00,2476656.00,2025-02-23
2334,SUP-03,1062,Насос ГУР,364,7504.00,2731456.00,2025-07-31
2335,SUP-09,1006,Тормозная жидкость DOT-5.1,280,507.30,142044.00,2025-10-31
2336,SUP-10,1054,Фара передняя,169,4352.00,735488.00,2025-04-21
2337,SUP-08,1058,Пыльник ШРУС,68,378.00,25704.00,2025-07-19
2338,SUP-08,1047,Предохранители набор,256,110.20,28211.20,2025-06-27
2339,SUP-07,1059,Диск сцепления,160,3015.00,482400.00,2025-05-25
2340,SUP-06,1047,Предохранители набор,45,108.30,4873.50,2025-06-10
2341,SUP-05,1056,Щётки стеклоочистителя,110,553.80,60918.00,2025-09-22
2342,SUP-10,1023,Шаровая опора,303,870.00,263610.00,2025-08-22
2343,SUP-02,1047,Предохранители набор,189,133.00,25137.00,2025-04-19
2344,SUP-08,1009,Масляный фильтр,146,286.00,41756.00,2025-10-01
2345,SUP-03,1050,Моторное масло 5W-40,92,428.40,39412.80,2025-11-20
2346,SUP-02,1036,Радиатор охлаждения,300,4218.00,1265400.00,2025-01-12
2347,SUP-12,1040,Антифриз G12,344,392.00,134848.00,2025-04-22
2348,SUP-06,1022,Сайлентблок рычага,325,501.60,163020.00,2025-01-09
2349,SUP-02,1005,Тормозная жидкость DOT-4,208,261.00,54288.00,2025-09-29
2350,SUP-08,1038,Патрубок радиатора,386,390.60,150771.60,2025-11-11
2351,SUP-10,1008,Датчик износа колодок,109,435.50,47469.50,2025-01-21
2352,SUP-01,1019,Амортизатор передний,273,3834.00,1046682.00,2025-09-06
2353,SUP-12,1028,Ремень ГРМ,216,1242.00,268272.00,2025-11-29
2354,SUP-08,1011,Фильтр салона,175,442.00,77350.00,2025-06-13
2355,SUP-05,1013,Фильтр АКПП,68,770.00,52360.00,2025-06-22
2356,SUP-05,1029,Ролик натяжителя ГРМ,93,896.00,83328.00,2025-01-04
2357,SUP-01,1027,Опора амортизатора,225,1008.00,226800.00,2025-07-21
2358,SUP-02,1004,Тормозные диски задние,371,3294.00,1222074.00,2025-12-17
2359,SUP-11,1059,Диск сцепления,244,3240.00,790560.00,2025-06-09
2360,SUP-11,1025,Пружина подвески,84,2015.00,169260.00,2025-02-07
2361,SUP-04,1060,Рулевой наконечник,373,728.00,271544.00,2025-12-20
2362,SUP-05,1016,Высоковольтные провода,157,1072.00,168304.00,2025-10-30
2363,SUP-02,1024,Рычаг подвески,226,2688.00,607488.00,2025-12-05
2364,SUP-03,1062,Насос ГУР,239,6944.00,1659616.00,2025-07-21
2365,SUP-03,1043,Аккумулятор 75Ah,94,5824.00,547456.00,2025-03-19
2366,SUP-12,1029,Ролик натяжителя ГРМ,191,798.00,152418.00,2025-04-26
2367,SUP-12,1046,Реле,111,173.60,19269.60,2025-04-23
2368,SUP-09,1016,Высоковольтные провода,170,896.00,152320.00,2025-02-19
2369,SUP-02,1064,Компрессор кондиционера,352,10584.00,3725568.00,2025-04-09
2370,SUP-04,1009,Масляный фильтр,94,327.60,30794.40,2025-08-16
2371,SUP-03,1014,Свечи зажигания,399,247.00,98553.00,2025-11-03
2372,SUP-10,1045,Лампы H7,36,276.90,9968.40,2025-08-13
2373,SUP-01,1052,Масло АКПП,248,534.00,132432.00,2025-04-04
2374,SUP-10,1019,Амортизатор передний,278,3456.00,960768.00,2025-12-31
2375,SUP-11,1023,Шаровая опора,187,971.50,181670.50,2025-06-12
2376,SUP-10,1051,Моторное масло 5W-30,168,410.40,68947.20,2025-03-01
2377,SUP-10,1020,Амортизатор задний,382,2976.00,1136832.00,2025-05-01
2378,SUP-10,1016,Высоковольтные провода,342,1008.00,344736.00,2025-09-23
2379,SUP-06,1060,Рулевой наконечник,387,728.00,281736.00,2025-11-07
2380,SUP-03,1031,Прокладка ГБЦ,83,1210.00,100430.00,2025-11-26
2381,SUP-10,1004,Тормозные диски задние,304,3564.00,1083456.00,2025-08-26
2382,SUP-11,1048,Датчик ABS,313,1176.00,368088.00,2025-04-06
2383,SUP-03,1010,Воздушный фильтр,226,421.80,95326.80,2025-12-07
2384,SUP-04,1051,Моторное масло 5W-30,323,417.60,134884.80,2025-03-19
2385,SUP-04,1003,Тормозные диски передние,168,4340.00,729120.00,2025-09-07
2386,SUP-08,1062,Насос ГУР,351,7504.00,2633904.00,2025-02-05
2387,SUP-10,1030,Помпа водяная,66,2304.00,152064.00,2025-04-30
2388,SUP-08,1048,Датчик ABS,121,1512.00,182952.00,2025-05-07
2389,SUP-10,1027,Опора амортизатора,212,896.00,189952.00,2025-10-13
2390,SUP-03,1040,Антифриз G12,105,380.80,39984.00,2025-07-22
2391,SUP-03,1052,Масло АКПП,238,569.60,135564.80,2025-06-11
2392,SUP-10,1057,ШРУС наружный,352,2747.00,966944.00,2025-01-27
2393,SUP-04,1048,Датчик ABS,373,1197.00,446481.00,2025-05-31
2394,SUP-06,1019,Амортизатор передний,321,3618.00,1161378.00,2025-09-22
2395,SUP-03,1037,Радиатор кондиционера,74,4002.00,296148.00,2025-08-29
2396,SUP-03,1001,Тормозные колодки передние,62,2142.00,132804.00,2025-05-05
2397,SUP-09,1053,Жидкость ГУР,66,345.60,22809.60,2025-10-06
2398,SUP-06,1042,Аккумулятор 60Ah,110,4680.00,514800.00,2025-09-28
2399,SUP-10,1045,Лампы H7,346,276.90,95807.40,2025-09-27
2400,SUP-03,1004,Тормозные диски задние,26,3564.00,92664.00,2025-12-30
2401,SUP-09,1058,Пыльник ШРУС,394,351.00,138294.00,2025-10-18
2402,SUP-07,1040,Антифриз G12,92,319.20,29366.40,2025-04-04
2403,SUP-08,1045,Лампы H7,271,280.80,76096.80,2025-02-22
2404,SUP-03,1029,Ролик натяжителя ГРМ,83,952.00,79016.00,2025-02-12
2405,SUP-12,1002,Тормозные колодки задние,200,1568.00,313600.00,2025-04-07
2406,SUP-11,1021,Стойка стабилизатора,57,695.80,39660.60,2025-09-03
2407,SUP-09,1004,Тормозные диски задние,299,3510.00,1049490.00,2025-02-04
2408,SUP-10,1030,Помпа водяная,211,2484.00,524124.00,2025-12-01
2409,SUP-06,1017,Стартер,219,5162.00,1130478.00,2025-07-17
2410,SUP-12,1052,Масло АКПП,150,569.60,85440.00,2025-01-24
2411,SUP-01,1038,Патрубок радиатора,369,347.20,128116.80,2025-07-31
2412,SUP-12,1010,Воздушный фильтр,388,495.80,192370.40,2025-10-21
2413,SUP-09,1051,Моторное масло 5W-30,346,496.80,171892.80,2025-08-18
2414,SUP-06,1044,Лампы H4,250,298.20,74550.00,2025-12-28
2415,SUP-08,1010,Воздушный фильтр,231,466.20,107692.20,2025-03-20
2416,SUP-06,1021,Стойка стабилизатора,298,666.40,198587.20,2025-05-11
2417,SUP-10,1022,Сайлентблок рычага,167,539.60,90113.20,2025-05-01
2418,SUP-11,1041,Вентилятор охлаждения,361,2752.00,993472.00,2025-12-21
2419,SUP-07,1038,Патрубок радиатора,87,384.40,33442.80,2025-11-22
2420,SUP-08,1039,Бачок расширительный,261,1008.00,263088.00,2025-12-24
2421,SUP-03,1061,Рулевая тяга,158,1260.00,199080.00,2025-04-09
2422,SUP-08,1010,Воздушный фильтр,316,458.80,144980.80,2025-04-07
2423,SUP-12,1024,Рычаг подвески,29,2478.00,71862.00,2025-09-17
2424,SUP-12,1036,Радиатор охлаждения,268,5254.00,1408072.00,2025-06-09
2425,SUP-05,1034,Комплект сцепления,60,6762.00,405720.00,2025-12-25
2426,SUP-01,1040,Антифриз G12,319,313.60,100038.40,2025-09-03
2427,SUP-10,1007,Суппорт тормозной,133,5304.00,705432.00,2025-12-07
2428,SUP-08,1012,Топливный фильтр,205,546.00,111930.00,2025-12-20
2429,SUP-09,1002,Тормозные колодки задние,228,1624.00,370272.00,2025-06-17
2430,SUP-03,1023,Шаровая опора,213,986.00,210018.00,2025-05-16
2431,SUP-03,1046,Реле,90,182.00,16380.00,2025-03-24
2432,SUP-11,1021,Стойка стабилизатора,227,646.80,146823.60,2025-10-14
2433,SUP-08,1033,Термостат,339,616.00,208824.00,2025-08-21
2434,SUP-06,1007,Суппорт тормозной,317,5148.00,1631916.00,2025-09-07
2435,SUP-07,1044,Лампы H4,247,285.60,70543.20,2025-03-04
2436,SUP-05,1045,Лампы H7,167,230.10,38426.70,2025-02-12
2437,SUP-09,1030,Помпа водяная,112,2412.00,270144.00,2025-03-18
2438,SUP-07,1033,Термостат,235,715.00,168025.00,2025-09-27
2439,SUP-08,1032,Сальник коленвала,195,340.80,66456.00,2025-12-06
2440,SUP-10,1030,Помпа водяная,164,2160.00,354240.00,2025-10-11
2441,SUP-07,1003,Тормозные диски передние,109,3410.00,371690.00,2025-01-22
2442,SUP-03,1060,Рулевой наконечник,397,793.00,314821.00,2025-09-21
2443,SUP-11,1008,Датчик износа колодок,218,435.50,94939.00,2025-05-30
2444,SUP-05,1046,Реле,363,168.00,60984.00,2025-11-28
2445,SUP-05,1046,Реле,380,198.80,75544.00,2025-07-02
2446,SUP-02,1007,Суппорт тормозной,46,4524.00,208104.00,2025-12-06
2447,SUP-02,1032,Сальник коленвала,259,283.20,73348.80,2025-08-01
2448,SUP-11,1060,Рулевой наконечник,202,715.00,144430.00,2025-08-11
2449,SUP-12,1001,Тормозные колодки передние,297,2040.00,605880.00,2025-03-27
2450,SUP-11,1034,Комплект сцепления,285,7056.00,2010960.00,2025-04-27
2451,SUP-04,1058,Пыльник ШРУС,106,318.60,33771.60,2025-01-17
2452,SUP-03,1011,Фильтр салона,49,408.00,19992.00,2025-01-26
2453,SUP-04,1004,Тормозные диски задние,177,3672.00,649944.00,2025-11-07
2454,SUP-09,1028,Ремень ГРМ,118,1260.00,148680.00,2025-01-11
2455,SUP-05,1048,Датчик ABS,252,1407.00,354564.00,2025-04-05
2456,SUP-04,1043,Аккумулятор 75Ah,47,6006.00,282282.00,2025-12-17
2457,SUP-12,1058,Пыльник ШРУС,70,297.00,20790.00,2025-05-24
2458,SUP-07,1057,ШРУС наружный,153,2665.00,407745.00,2025-04-19
2459,SUP-02,1023,Шаровая опора,353,957.00,337821.00,2025-02-20
2460,SUP-03,1062,Насос ГУР,31,6160.00,190960.00,2025-01-21
2461,SUP-04,1042,Аккумулятор 60Ah,296,5112.00,1513152.00,2025-05-17
2462,SUP-08,1054,Фара передняя,139,3648.00,507072.00,2025-01-30
2463,SUP-08,1006,Тормозная жидкость DOT-5.1,345,560.70,193441.50,2025-10-22
2464,SUP-11,1043,Аккумулятор 75Ah,39,5278.00,205842.00,2025-03-22
2465,SUP-03,1054,Фара передняя,43,3968.00,170624.00,2025-11-14
2466,SUP-02,1045,Лампы H7,251,280.80,70480.80,2025-01-07
2467,SUP-07,1003,Тормозные диски передние,182,3472.00,631904.00,2025-11-18
2468,SUP-03,1040,Антифриз G12,213,369.60,78724.80,2025-03-14
2469,SUP-09,1034,Комплект сцепления,208,6566.00,1365728.00,2025-08-05
2470,SUP-03,1019,Амортизатор передний,243,3348.00,813564.00,2025-06-28
2471,SUP-01,1029,Ролик натяжителя ГРМ,30,952.00,28560.00,2025-05-14
2472,SUP-07,1058,Пыльник ШРУС,49,307.80,15082.20,2025-08-08
2473,SUP-09,1057,ШРУС наружный,129,2337.00,301473.00,2025-05-20
2474,SUP-11,1050,Моторное масло 5W-40,252,462.40,116524.80,2025-08-04
2475,SUP-04,1008,Датчик износа колодок,327,409.50,133906.50,2025-04-27
2476,SUP-12,1022,Сайлентблок рычага,307,539.60,165657.20,2025-07-07
2477,SUP-11,1045,Лампы H7,176,218.40,38438.40,2025-08-17
2478,SUP-09,1024,Рычаг подвески,96,2562.00,245952.00,2025-03-08
2479,SUP-08,1014,Свечи зажигания,264,250.80,66211.20,2025-04-08
2480,SUP-06,1021,Стойка стабилизатора,222,686.00,152292.00,2025-03-15
2481,SUP-10,1053,Жидкость ГУР,127,313.20,39776.40,2025-11-25
2482,SUP-09,1049,Бензонасос,36,3696.00,133056.00,2025-07-29
2483,SUP-10,1029,Ролик натяжителя ГРМ,162,784.00,127008.00,2025-12-11
2484,SUP-05,1008,Датчик износа колодок,204,468.00,95472.00,2025-10-29
2485,SUP-07,1026,Ступичный подшипник,119,1485.00,176715.00,2025-05-06
2486,SUP-01,1017,Стартер,220,6408.00,1409760.00,2025-06-18
2487,SUP-09,1052,Масло АКПП,35,614.10,21493.50,2025-02-20
2488,SUP-01,1064,Компрессор кондиционера,283,11760.00,3328080.00,2025-02-07
2489,SUP-03,1063,Коврики салона,236,1320.00,311520.00,2025-12-15
2490,SUP-07,1012,Топливный фильтр,187,646.10,120820.70,2025-09-18
2491,SUP-07,1061,Рулевая тяга,175,1098.00,192150.00,2025-08-28
2492,SUP-11,1024,Рычаг подвески,164,3024.00,495936.00,2025-10-22
2493,SUP-11,1060,Рулевой наконечник,209,910.00,190190.00,2025-05-23
2494,SUP-12,1057,ШРУС наружный,34,2583.00,87822.00,2025-07-13
2495,SUP-06,1053,Жидкость ГУР,184,356.40,65577.60,2025-04-14
2496,SUP-06,1011,Фильтр салона,27,374.00,10098.00,2025-11-07
2497,SUP-06,1061,Рулевая тяга,153,1296.00,198288.00,2025-01-06
2498,SUP-03,1048,Датчик ABS,297,1365.00,405405.00,2025-08-16
2499,SUP-05,1048,Датчик ABS,384,1491.00,572544.00,2025-02-01
2500,SUP-12,1027,Опора амортизатора,149,944.00,140656.00,2025-07-03
2501,SUP-12,1052,Масло АКПП,25,605.20,15130.00,2025-12-26
2502,SUP-05,1051,Моторное масло 5W-30,128,482.40,61747.20,2025-01-26
2503,SUP-03,1018,Генератор,31,8804.00,272924.00,2025-10-06
2504,SUP-07,1030,Помпа водяная,113,2052.00,231876.00,2025-06-03
2505,SUP-06,1041,Вентилятор охлаждения,139,2580.00,358620.00,2025-06-19
2506,SUP-05,1030,Помпа водяная,353,2016.00,711648.00,2025-12-18
2507,SUP-12,1051,Моторное масло 5W-30,324,417.60,135302.40,2025-12-05
2508,SUP-02,1052,Масло АКПП,224,560.70,125596.80,2025-04-05
2509,SUP-06,1045,Лампы H7,24,249.60,5990.40,2025-05-23
2510,SUP-06,1030,Помпа водяная,61,2052.00,125172.00,2025-08-15
2511,SUP-12,1022,Сайлентблок рычага,73,478.80,34952.40,2025-01-25
2512,SUP-01,1029,Ролик натяжителя ГРМ,359,980.00,351820.00,2025-05-12
2513,SUP-03,1018,Генератор,106,8060.00,854360.00,2025-03-24
2514,SUP-04,1045,Лампы H7,368,230.10,84676.80,2025-06-14
2515,SUP-02,1064,Компрессор кондиционера,72,9912.00,713664.00,2025-12-29
2516,SUP-01,1054,Фара передняя,201,3712.00,746112.00,2025-02-06
2517,SUP-05,1029,Ролик натяжителя ГРМ,201,994.00,199794.00,2025-10-19
2518,SUP-04,1029,Ролик натяжителя ГРМ,254,938.00,238252.00,2025-03-24
2519,SUP-08,1046,Реле,143,173.60,24824.80,2025-07-06
2520,SUP-08,1023,Шаровая опора,232,884.50,205204.00,2025-05-27
2521,SUP-03,1025,Пружина подвески,136,1891.00,257176.00,2025-04-26
2522,SUP-01,1059,Диск сцепления,166,2700.00,448200.00,2025-11-03
2523,SUP-09,1010,Воздушный фильтр,155,414.40,64232.00,2025-09-11
2524,SUP-10,1031,Прокладка ГБЦ,387,1386.00,536382.00,2025-12-19
2525,SUP-04,1054,Фара передняя,243,4608.00,1119744.00,2025-09-18
2526,SUP-02,1060,Рулевой наконечник,172,936.00,160992.00,2025-06-18
2527,SUP-02,1035,Датчик коленвала,172,1140.00,196080.00,2025-04-21
2528,SUP-01,1010,Воздушный фильтр,259,503.20,130328.80,2025-03-25
2529,SUP-09,1038,Патрубок радиатора,370,415.40,153698.00,2025-06-15
2530,SUP-06,1014,Свечи зажигания,188,212.80,40006.40,2025-09-05
2531,SUP-12,1045,Лампы H7,97,222.30,21563.10,2025-04-03
2532,SUP-06,1040,Антифриз G12,110,369.60,40656.00,2025-09-02
2533,SUP-04,1061,Рулевая тяга,197,1170.00,230490.00,2025-03-20
2534,SUP-02,1056,Щётки стеклоочистителя,210,460.20,96642.00,2025-02-25
2535,SUP-03,1060,Рулевой наконечник,87,715.00,62205.00,2025-01-15
2536,SUP-05,1001,Тормозные колодки передние,70,2074.00,145180.00,2025-02-09
2537,SUP-07,1022,Сайлентблок рычага,290,433.20,125628.00,2025-06-14
2538,SUP-12,1061,Рулевая тяга,73,1188.00,86724.00,2025-09-26
2539,SUP-04,1020,Амортизатор задний,57,3216.00,183312.00,2025-05-05
2540,SUP-01,1039,Бачок расширительный,169,1008.00,170352.00,2025-11-16
2541,SUP-07,1018,Генератор,85,8184.00,695640.00,2025-10-16
2542,SUP-03,1018,Генератор,321,8928.00,2865888.00,2025-05-27
2543,SUP-11,1021,Стойка стабилизатора,341,705.60,240609.60,2025-11-10
2544,SUP-06,1039,Бачок расширительный,257,966.00,248262.00,2025-08-10
2545,SUP-03,1019,Амортизатор передний,212,3078.00,652536.00,2025-01-24
2546,SUP-06,1033,Термостат,86,792.00,68112.00,2025-07-24
2547,SUP-02,1007,Суппорт тормозной,343,4446.00,1524978.00,2025-06-17
2548,SUP-12,1034,Комплект сцепления,370,6174.00,2284380.00,2025-09-11
2549,SUP-06,1030,Помпа водяная,394,2268.00,893592.00,2025-10-13
2550,SUP-06,1059,Диск сцепления,361,2745.00,990945.00,2025-05-12
2551,SUP-02,1016,Высоковольтные провода,208,1024.00,212992.00,2025-06-22
2552,SUP-11,1025,Пружина подвески,166,1705.00,283030.00,2025-06-08
2553,SUP-11,1018,Генератор,398,6820.00,2714360.00,2025-11-14
2554,SUP-05,1035,Датчик коленвала,201,1330.00,267330.00,2025-05-06
2555,SUP-09,1035,Датчик коленвала,249,1121.00,279129.00,2025-04-10
2556,SUP-10,1033,Термостат,248,682.00,169136.00,2025-08-11
2557,SUP-12,1019,Амортизатор передний,317,3456.00,1095552.00,2025-09-16
2558,SUP-05,1028,Ремень ГРМ,277,1260.00,349020.00,2025-12-24
2559,SUP-06,1027,Опора амортизатора,131,1040.00,136240.00,2025-01-11
2560,SUP-02,1039,Бачок расширительный,221,896.00,198016.00,2025-01-23
2561,SUP-02,1046,Реле,212,168.00,35616.00,2025-02-06
2562,SUP-02,1056,Щётки стеклоочистителя,137,514.80,70527.60,2025-02-16
2563,SUP-08,1060,Рулевой наконечник,386,832.00,321152.00,2025-02-16
2564,SUP-07,1058,Пыльник ШРУС,277,356.40,98722.80,2025-04-15
2565,SUP-05,1016,Высоковольтные провода,320,896.00,286720.00,2025-04-30
2566,SUP-11,1003,Тормозные диски передние,321,4340.00,1393140.00,2025-01-21
2567,SUP-05,1028,Ремень ГРМ,273,1242.00,339066.00,2025-06-21
2568,SUP-06,1053,Жидкость ГУР,368,318.60,117244.80,2025-03-09
2569,SUP-03,1004,Тормозные диски задние,44,3240.00,142560.00,2025-12-30
2570,SUP-07,1010,Воздушный фильтр,185,518.00,95830.00,2025-06-15
2571,SUP-07,1052,Масло АКПП,152,489.50,74404.00,2025-08-10
2572,SUP-11,1012,Топливный фильтр,72,637.00,45864.00,2025-05-23
2573,SUP-07,1040,Антифриз G12,180,308.00,55440.00,2025-02-25
2574,SUP-08,1029,Ролик натяжителя ГРМ,390,980.00,382200.00,2025-08-28
2575,SUP-06,1057,ШРУС наружный,279,2419.00,674901.00,2025-07-22
2576,SUP-02,1035,Датчик коленвала,349,1273.00,444277.00,2025-12-14
2577,SUP-07,1008,Датчик износа колодок,342,390.00,133380.00,2025-04-09
2578,SUP-04,1034,Комплект сцепления,168,6566.00,1103088.00,2025-04-21
2579,SUP-11,1058,Пыльник ШРУС,364,351.00,127764.00,2025-11-13
2580,SUP-10,1037,Радиатор кондиционера,174,4002.00,696348.00,2025-10-29
2581,SUP-04,1043,Аккумулятор 75Ah,214,6006.00,1285284.00,2025-11-25
2582,SUP-05,1004,Тормозные диски задние,287,3240.00,929880.00,2025-10-02
2583,SUP-06,1030,Помпа водяная,308,2232.00,687456.00,2025-05-30
2584,SUP-02,1012,Топливный фильтр,93,646.10,60087.30,2025-10-02
2585,SUP-05,1051,Моторное масло 5W-30,225,496.80,111780.00,2025-08-31
2586,SUP-07,1021,Стойка стабилизатора,100,627.20,62720.00,2025-02-22
2587,SUP-09,1041,Вентилятор охлаждения,172,2795.00,480740.00,2025-10-22
2588,SUP-12,1009,Масляный фильтр,163,327.60,53398.80,2025-09-25
2589,SUP-11,1058,Пыльник ШРУС,187,356.40,66646.80,2025-02-25
2590,SUP-12,1045,Лампы H7,94,234.00,21996.00,2025-05-17
2591,SUP-05,1034,Комплект сцепления,39,6076.00,236964.00,2025-07-08
2592,SUP-07,1036,Радиатор охлаждения,257,4958.00,1274206.00,2025-06-02
2593,SUP-06,1001,Тормозные колодки передние,330,2108.00,695640.00,2025-11-02
2594,SUP-11,1007,Суппорт тормозной,210,5070.00,1064700.00,2025-03-21
2595,SUP-09,1008,Датчик износа колодок,139,403.00,56017.00,2025-06-15
2596,SUP-11,1052,Масло АКПП,129,525.10,67737.90,2025-01-31
2597,SUP-05,1028,Ремень ГРМ,243,1026.00,249318.00,2025-09-07
2598,SUP-01,1022,Сайлентблок рычага,187,486.40,90956.80,2025-03-09
2599,SUP-07,1053,Жидкость ГУР,115,340.20,39123.00,2025-01-06
2600,SUP-11,1039,Бачок расширительный,339,798.00,270522.00,2025-12-26
2601,SUP-02,1045,Лампы H7,392,214.50,84084.00,2025-05-17
2602,SUP-10,1015,Катушка зажигания,348,2001.00,696348.00,2025-11-09
2603,SUP-01,1052,Масло АКПП,83,507.30,42105.90,2025-04-17
2604,SUP-08,1006,Тормозная жидкость DOT-5.1,323,542.90,175356.70,2025-02-06
2605,SUP-03,1053,Жидкость ГУР,257,329.40,84655.80,2025-01-28
2606,SUP-09,1029,Ролик натяжителя ГРМ,106,980.00,103880.00,2025-08-30
2607,SUP-10,1002,Тормозные колодки задние,67,1904.00,127568.00,2025-05-11
2608,SUP-05,1046,Реле,394,168.00,66192.00,2025-04-11
2609,SUP-04,1037,Радиатор кондиционера,55,4968.00,273240.00,2025-08-06
2610,SUP-09,1022,Сайлентблок рычага,354,494.00,174876.00,2025-10-13
2611,SUP-08,1042,Аккумулятор 60Ah,39,5112.00,199368.00,2025-12-18
2612,SUP-07,1005,Тормозная жидкость DOT-4,257,265.50,68233.50,2025-09-30
2613,SUP-10,1006,Тормозная жидкость DOT-5.1,30,614.10,18423.00,2025-08-11
2614,SUP-10,1044,Лампы H4,147,294.00,43218.00,2025-10-03
2615,SUP-12,1059,Диск сцепления,125,2475.00,309375.00,2025-05-12
2616,SUP-10,1026,Ступичный подшипник,36,1620.00,58320.00,2025-04-11
2617,SUP-08,1046,Реле,364,187.60,68286.40,2025-06-06
2618,SUP-03,1012,Топливный фильтр,205,536.90,110064.50,2025-08-24
2619,SUP-12,1049,Бензонасос,350,3976.00,1391600.00,2025-08-05
2620,SUP-11,1057,ШРУС наружный,344,2542.00,874448.00,2025-03-09
2621,SUP-07,1004,Тормозные диски задние,81,3510.00,284310.00,2025-10-07
2622,SUP-10,1051,Моторное масло 5W-30,199,496.80,98863.20,2025-12-12
2623,SUP-01,1020,Амортизатор задний,113,3168.00,357984.00,2025-06-07
2624,SUP-02,1004,Тормозные диски задние,259,3456.00,895104.00,2025-02-08
2625,SUP-07,1017,Стартер,206,6141.00,1265046.00,2025-07-19
2626,SUP-02,1024,Рычаг подвески,94,2352.00,221088.00,2025-02-17
2627,SUP-12,1052,Масло АКПП,273,596.30,162789.90,2025-12-01
2628,SUP-12,1017,Стартер,334,5785.00,1932190.00,2025-07-26
2629,SUP-11,1017,Стартер,21,5429.00,114009.00,2025-11-28
2630,SUP-02,1030,Помпа водяная,127,2592.00,329184.00,2025-09-28
2631,SUP-04,1013,Фильтр АКПП,242,952.00,230384.00,2025-03-07
2632,SUP-08,1019,Амортизатор передний,341,3888.00,1325808.00,2025-07-08
2633,SUP-04,1013,Фильтр АКПП,113,784.00,88592.00,2025-03-11
2634,SUP-09,1038,Патрубок радиатора,209,347.20,72564.80,2025-12-03
2635,SUP-06,1061,Рулевая тяга,360,1188.00,427680.00,2025-11-30
2636,SUP-01,1043,Аккумулятор 75Ah,110,5824.00,640640.00,2025-10-20
2637,SUP-11,1051,Моторное масло 5W-30,46,453.60,20865.60,2025-01-18
2638,SUP-03,1040,Антифриз G12,151,386.40,58346.40,2025-11-01
2639,SUP-08,1010,Воздушный фильтр,183,466.20,85314.60,2025-09-27
2640,SUP-04,1031,Прокладка ГБЦ,57,1276.00,72732.00,2025-09-15
2641,SUP-08,1018,Генератор,100,6944.00,694400.00,2025-08-07
2642,SUP-03,1022,Сайлентблок рычага,43,539.60,23202.80,2025-06-14
2643,SUP-12,1053,Жидкость ГУР,315,345.60,108864.00,2025-11-16
2644,SUP-07,1001,Тормозные колодки передние,145,2448.00,354960.00,2025-09-08
2645,SUP-08,1049,Бензонасос,272,3696.00,1005312.00,2025-08-27
2646,SUP-03,1034,Комплект сцепления,188,6076.00,1142288.00,2025-10-11
2647,SUP-02,1045,Лампы H7,338,226.20,76455.60,2025-07-16
2648,SUP-09,1051,Моторное масло 5W-30,24,468.00,11232.00,2025-05-05
2649,SUP-11,1063,Коврики салона,360,1344.00,483840.00,2025-07-12
2650,SUP-03,1047,Предохранители набор,92,104.50,9614.00,2025-04-16
2651,SUP-05,1052,Масло АКПП,352,516.20,181702.40,2025-12-13
2652,SUP-12,1053,Жидкость ГУР,77,388.80,29937.60,2025-01-08
2653,SUP-06,1027,Опора амортизатора,302,1056.00,318912.00,2025-08-16
2654,SUP-06,1033,Термостат,361,682.00,246202.00,2025-09-01
2655,SUP-01,1060,Рулевой наконечник,342,806.00,275652.00,2025-07-15
2656,SUP-12,1057,ШРУС наружный,365,2255.00,823075.00,2025-09-24
2657,SUP-07,1025,Пружина подвески,134,1922.00,257548.00,2025-11-09
2658,SUP-03,1054,Фара передняя,223,4032.00,899136.00,2025-06-17
2659,SUP-12,1055,Зеркало боковое,273,2080.00,567840.00,2025-01-10
2660,SUP-12,1048,Датчик ABS,183,1155.00,211365.00,2025-04-08
2661,SUP-05,1039,Бачок расширительный,369,896.00,330624.00,2025-01-27
2662,SUP-08,1064,Компрессор кондиционера,46,11928.00,548688.00,2025-03-12
2663,SUP-12,1024,Рычаг подвески,66,2394.00,158004.00,2025-02-11
2664,SUP-12,1017,Стартер,208,5874.00,1221792.00,2025-12-20
2665,SUP-06,1001,Тормозные колодки передние,257,2380.00,611660.00,2025-10-11
2666,SUP-05,1011,Фильтр салона,217,448.80,97389.60,2025-04-20
2667,SUP-03,1022,Сайлентблок рычага,60,524.40,31464.00,2025-10-20
2668,SUP-09,1020,Амортизатор задний,394,2976.00,1172544.00,2025-05-04
2669,SUP-08,1016,Высоковольтные провода,195,1024.00,199680.00,2025-03-25
2670,SUP-05,1061,Рулевая тяга,80,1026.00,82080.00,2025-04-04
2671,SUP-08,1025,Пружина подвески,121,2108.00,255068.00,2025-12-31
2672,SUP-03,1020,Амортизатор задний,43,2928.00,125904.00,2025-08-07
2673,SUP-09,1034,Комплект сцепления,373,5782.00,2156686.00,2025-05-03
2674,SUP-06,1025,Пружина подвески,237,2201.00,521637.00,2025-07-07
2675,SUP-09,1057,ШРУС наружный,34,2255.00,76670.00,2025-03-28
2676,SUP-02,1064,Компрессор кондиционера,108,9576.00,1034208.00,2025-05-23
2677,SUP-11,1047,Предохранители набор,257,114.00,29298.00,2025-01-03
2678,SUP-02,1041,Вентилятор охлаждения,28,2838.00,79464.00,2025-01-19
2679,SUP-07,1061,Рулевая тяга,106,1116.00,118296.00,2025-05-15
2680,SUP-03,1033,Термостат,383,693.00,265419.00,2025-03-11
2681,SUP-06,1047,Предохранители набор,242,106.40,25748.80,2025-12-05
2682,SUP-01,1017,Стартер,135,5251.00,708885.00,2025-07-21
2683,SUP-12,1063,Коврики салона,198,1608.00,318384.00,2025-10-25
2684,SUP-09,1033,Термостат,207,638.00,132066.00,2025-09-10
2685,SUP-02,1042,Аккумулятор 60Ah,392,4896.00,1919232.00,2025-11-08
2686,SUP-08,1036,Радиатор охлаждения,246,5106.00,1256076.00,2025-03-26
2687,SUP-07,1045,Лампы H7,248,226.20,56097.60,2025-05-20
2688,SUP-02,1038,Патрубок радиатора,136,378.20,51435.20,2025-06-07
2689,SUP-08,1014,Свечи зажигания,64,220.40,14105.60,2025-08-16
2690,SUP-02,1003,Тормозные диски передние,135,3534.00,477090.00,2025-08-15
2691,SUP-04,1029,Ролик натяжителя ГРМ,217,924.00,200508.00,2025-10-03
2692,SUP-01,1047,Предохранители набор,340,121.60,41344.00,2025-02-11
2693,SUP-04,1015,Катушка зажигания,205,1856.00,380480.00,2025-06-22
2694,SUP-05,1004,Тормозные диски задние,257,3456.00,888192.00,2025-08-07
2695,SUP-05,1017,Стартер,352,5518.00,1942336.00,2025-04-11
2696,SUP-03,1011,Фильтр салона,379,469.20,177826.80,2025-05-29
2697,SUP-07,1042,Аккумулятор 60Ah,108,5112.00,552096.00,2025-03-17
2698,SUP-01,1005,Тормозная жидкость DOT-4,68,292.50,19890.00,2025-11-22
2699,SUP-08,1039,Бачок расширительный,395,980.00,387100.00,2025-11-30
2700,SUP-02,1008,Датчик износа колодок,387,390.00,150930.00,2025-03-25
2701,SUP-08,1027,Опора амортизатора,367,1056.00,387552.00,2025-01-11
2702,SUP-09,1023,Шаровая опора,265,957.00,253605.00,2025-05-01
2703,SUP-10,1050,Моторное масло 5W-40,71,394.40,28002.40,2025-01-16
2704,SUP-05,1003,Тормозные диски передние,161,3844.00,618884.00,2025-07-15
2705,SUP-06,1023,Шаровая опора,33,942.50,31102.50,2025-05-21
2706,SUP-09,1059,Диск сцепления,70,2475.00,173250.00,2025-06-06
2707,SUP-06,1025,Пружина подвески,218,1736.00,378448.00,2025-07-02
2708,SUP-04,1002,Тормозные колодки задние,114,1680.00,191520.00,2025-09-22
2709,SUP-01,1003,Тормозные диски передние,321,3968.00,1273728.00,2025-09-25
2710,SUP-05,1025,Пружина подвески,102,1891.00,192882.00,2025-11-13
2711,SUP-02,1060,Рулевой наконечник,300,819.00,245700.00,2025-03-16
2712,SUP-05,1055,Зеркало боковое,84,1984.00,166656.00,2025-02-20
2713,SUP-06,1006,Тормозная жидкость DOT-5.1,358,551.80,197544.40,2025-12-30
2714,SUP-03,1051,Моторное масло 5W-30,171,446.40,76334.40,2025-09-24
2715,SUP-01,1043,Аккумулятор 75Ah,176,6552.00,1153152.00,2025-11-25
2716,SUP-11,1044,Лампы H4,297,260.40,77338.80,2025-11-29
2717,SUP-04,1036,Радиатор охлаждения,229,5180.00,1186220.00,2025-01-30
2718,SUP-09,1058,Пыльник ШРУС,186,329.40,61268.40,2025-10-30
2719,SUP-01,1044,Лампы H4,85,273.00,23205.00,2025-10-15
2720,SUP-02,1011,Фильтр салона,258,482.80,124562.40,2025-03-29
2721,SUP-12,1060,Рулевой наконечник,273,806.00,220038.00,2025-10-17
2722,SUP-12,1012,Топливный фильтр,35,600.60,21021.00,2025-04-15
2723,SUP-02,1029,Ролик натяжителя ГРМ,232,1008.00,233856.00,2025-05-29
2724,SUP-04,1057,ШРУС наружный,123,2501.00,307623.00,2025-03-15
2725,SUP-06,1014,Свечи зажигания,339,224.20,76003.80,2025-12-23
2726,SUP-11,1001,Тормозные колодки передние,237,2448.00,580176.00,2025-09-07
2727,SUP-06,1053,Жидкость ГУР,302,318.60,96217.20,2025-11-21
2728,SUP-01,1022,Сайлентблок рычага,228,547.20,124761.60,2025-12-06
2729,SUP-08,1005,Тормозная жидкость DOT-4,339,270.00,91530.00,2025-11-24
2730,SUP-05,1045,Лампы H7,63,234.00,14742.00,2025-12-10
2731,SUP-05,1004,Тормозные диски задние,172,3780.00,650160.00,2025-05-20
2732,SUP-08,1064,Компрессор кондиционера,189,10920.00,2063880.00,2025-11-22
2733,SUP-10,1037,Радиатор кондиционера,302,4692.00,1416984.00,2025-08-21
2734,SUP-11,1020,Амортизатор задний,69,3312.00,228528.00,2025-12-22
2735,SUP-07,1026,Ступичный подшипник,236,1863.00,439668.00,2025-05-16
2736,SUP-10,1059,Диск сцепления,207,3150.00,652050.00,2025-05-09
2737,SUP-08,1004,Тормозные диски задние,131,3618.00,473958.00,2025-01-26
2738,SUP-10,1030,Помпа водяная,286,2340.00,669240.00,2025-04-10
2739,SUP-01,1023,Шаровая опора,294,855.50,251517.00,2025-09-30
2740,SUP-09,1059,Диск сцепления,333,2835.00,944055.00,2025-02-03
2741,SUP-02,1012,Топливный фильтр,291,627.90,182718.90,2025-12-18
2742,SUP-12,1006,Тормозная жидкость DOT-5.1,92,578.50,53222.00,2025-02-25
2743,SUP-02,1031,Прокладка ГБЦ,30,1430.00,42900.00,2025-10-18
2744,SUP-09,1014,Свечи зажигания,336,266.00,89376.00,2025-10-10
2745,SUP-12,1042,Аккумулятор 60Ah,227,4680.00,1062360.00,2025-07-17
2746,SUP-11,1048,Датчик ABS,81,1176.00,95256.00,2025-05-23
2747,SUP-07,1009,Масляный фильтр,101,353.60,35713.60,2025-08-17
2748,SUP-04,1028,Ремень ГРМ,305,1008.00,307440.00,2025-06-09
2749,SUP-07,1002,Тормозные колодки задние,31,1960.00,60760.00,2025-11-27
2750,SUP-10,1030,Помпа водяная,177,2124.00,375948.00,2025-02-19
2751,SUP-03,1002,Тормозные колодки задние,289,1596.00,461244.00,2025-04-02
2752,SUP-10,1059,Диск сцепления,133,3105.00,412965.00,2025-05-06
2753,SUP-03,1027,Опора амортизатора,132,976.00,128832.00,2025-09-23
2754,SUP-01,1050,Моторное масло 5W-40,379,421.60,159786.40,2025-02-07
2755,SUP-06,1025,Пружина подвески,317,2201.00,697717.00,2025-09-27
2756,SUP-06,1033,Термостат,319,715.00,228085.00,2025-03-04
2757,SUP-10,1047,Предохранители набор,243,114.00,27702.00,2025-11-21
2758,SUP-10,1022,Сайлентблок рычага,181,532.00,96292.00,2025-04-04
2759,SUP-03,1062,Насос ГУР,99,7952.00,787248.00,2025-10-20
2760,SUP-11,1058,Пыльник ШРУС,350,329.40,115290.00,2025-10-25
2761,SUP-07,1036,Радиатор охлаждения,277,4810.00,1332370.00,2025-02-11
2762,SUP-09,1026,Ступичный подшипник,296,1755.00,519480.00,2025-03-03
2763,SUP-10,1010,Воздушный фильтр,24,510.60,12254.40,2025-09-16
2764,SUP-05,1011,Фильтр салона,224,435.20,97484.80,2025-10-29
2765,SUP-07,1017,Стартер,183,5607.00,1026081.00,2025-11-26
2766,SUP-04,1020,Амортизатор задний,335,3360.00,1125600.00,2025-01-25
2767,SUP-11,1020,Амортизатор задний,150,2736.00,410400.00,2025-09-09
2768,SUP-11,1007,Суппорт тормозной,374,4446.00,1662804.00,2025-09-01
2769,SUP-02,1019,Амортизатор передний,298,3348.00,997704.00,2025-02-16
2770,SUP-07,1064,Компрессор кондиционера,397,9408.00,3734976.00,2025-09-09
2771,SUP-03,1005,Тормозная жидкость DOT-4,123,256.50,31549.50,2025-10-02
2772,SUP-03,1034,Комплект сцепления,236,5488.00,1295168.00,2025-05-31
2773,SUP-09,1023,Шаровая опора,90,1044.00,93960.00,2025-02-17
2774,SUP-10,1042,Аккумулятор 60Ah,160,4896.00,783360.00,2025-03-08
2775,SUP-08,1061,Рулевая тяга,289,1008.00,291312.00,2025-05-17
2776,SUP-03,1009,Масляный фильтр,327,374.40,122428.80,2025-09-04
2777,SUP-02,1064,Компрессор кондиционера,174,11256.00,1958544.00,2025-07-01
2778,SUP-04,1031,Прокладка ГБЦ,273,1342.00,366366.00,2025-07-26
2779,SUP-10,1017,Стартер,350,6230.00,2180500.00,2025-07-31
2780,SUP-01,1040,Антифриз G12,50,386.40,19320.00,2025-04-01
2781,SUP-11,1044,Лампы H4,154,252.00,38808.00,2025-09-26
2782,SUP-11,1060,Рулевой наконечник,280,780.00,218400.00,2025-10-07
2783,SUP-10,1060,Рулевой наконечник,363,936.00,339768.00,2025-03-28
2784,SUP-05,1052,Масло АКПП,131,578.50,75783.50,2025-10-21
2785,SUP-12,1056,Щётки стеклоочистителя,162,483.60,78343.20,2025-05-25
2786,SUP-05,1047,Предохранители набор,282,136.80,38577.60,2025-09-23
2787,SUP-01,1048,Датчик ABS,228,1344.00,306432.00,2025-08-23
2788,SUP-05,1060,Рулевой наконечник,350,754.00,263900.00,2025-08-25
2789,SUP-03,1001,Тормозные колодки передние,300,1870.00,561000.00,2025-12-05
2790,SUP-04,1016,Высоковольтные провода,367,880.00,322960.00,2025-10-29
2791,SUP-02,1017,Стартер,79,5340.00,421860.00,2025-08-19
2792,SUP-12,1004,Тормозные диски задние,273,3402.00,928746.00,2025-11-19
2793,SUP-04,1026,Ступичный подшипник,215,1512.00,325080.00,2025-09-09
2794,SUP-08,1017,Стартер,305,5340.00,1628700.00,2025-05-03
2795,SUP-04,1030,Помпа водяная,156,2304.00,359424.00,2025-11-21
2796,SUP-10,1048,Датчик ABS,59,1512.00,89208.00,2025-10-28
2797,SUP-04,1003,Тормозные диски передние,105,4216.00,442680.00,2025-07-09
2798,SUP-09,1049,Бензонасос,108,3752.00,405216.00,2025-10-17
2799,SUP-01,1058,Пыльник ШРУС,177,378.00,66906.00,2025-07-12
2800,SUP-01,1004,Тормозные диски задние,87,3294.00,286578.00,2025-06-05
2801,SUP-12,1012,Топливный фильтр,51,618.80,31558.80,2025-01-26
2802,SUP-06,1048,Датчик ABS,114,1260.00,143640.00,2025-11-30
2803,SUP-05,1001,Тормозные колодки передние,39,1938.00,75582.00,2025-08-23
2804,SUP-12,1027,Опора амортизатора,275,1024.00,281600.00,2025-10-03
2805,SUP-02,1012,Топливный фильтр,243,618.80,150368.40,2025-02-14
2806,SUP-11,1024,Рычаг подвески,200,3024.00,604800.00,2025-10-14
2807,SUP-12,1048,Датчик ABS,152,1386.00,210672.00,2025-05-14
2808,SUP-08,1031,Прокладка ГБЦ,308,1474.00,453992.00,2025-02-27
2809,SUP-12,1015,Катушка зажигания,375,2059.00,772125.00,2025-05-11
2810,SUP-03,1037,Радиатор кондиционера,115,3795.00,436425.00,2025-09-17
2811,SUP-05,1002,Тормозные колодки задние,239,1652.00,394828.00,2025-05-07
2812,SUP-06,1048,Датчик ABS,146,1386.00,202356.00,2025-04-16
2813,SUP-05,1029,Ролик натяжителя ГРМ,59,1008.00,59472.00,2025-12-03
2814,SUP-04,1059,Диск сцепления,342,3060.00,1046520.00,2025-01-21
2815,SUP-09,1050,Моторное масло 5W-40,356,387.60,137985.60,2025-03-24
2816,SUP-03,1010,Воздушный фильтр,112,525.40,58844.80,2025-08-07
2817,SUP-04,1049,Бензонасос,125,3472.00,434000.00,2025-01-25
2818,SUP-10,1063,Коврики салона,320,1512.00,483840.00,2025-09-04
2819,SUP-05,1019,Амортизатор передний,218,3240.00,706320.00,2025-11-21
2820,SUP-06,1054,Фара передняя,114,4416.00,503424.00,2025-09-04
2821,SUP-09,1008,Датчик износа колодок,390,396.50,154635.00,2025-12-07
2822,SUP-05,1005,Тормозная жидкость DOT-4,30,306.00,9180.00,2025-12-13
2823,SUP-02,1002,Тормозные колодки задние,145,1764.00,255780.00,2025-04-07
2824,SUP-08,1057,ШРУС наружный,316,2829.00,893964.00,2025-05-26
2825,SUP-03,1020,Амортизатор задний,93,2640.00,245520.00,2025-04-26
2826,SUP-12,1043,Аккумулятор 75Ah,235,6552.00,1539720.00,2025-03-07
2827,SUP-12,1058,Пыльник ШРУС,238,388.80,92534.40,2025-02-07
2828,SUP-09,1045,Лампы H7,22,273.00,6006.00,2025-03-16
2829,SUP-05,1062,Насос ГУР,283,6496.00,1838368.00,2025-11-15
2830,SUP-01,1018,Генератор,313,8804.00,2755652.00,2025-09-19
2831,SUP-11,1020,Амортизатор задний,243,3072.00,746496.00,2025-07-06
2832,SUP-11,1029,Ролик натяжителя ГРМ,87,784.00,68208.00,2025-07-14
2833,SUP-02,1006,Тормозная жидкость DOT-5.1,356,614.10,218619.60,2025-07-08
2834,SUP-05,1009,Масляный фильтр,70,358.80,25116.00,2025-06-19
2835,SUP-12,1031,Прокладка ГБЦ,168,1540.00,258720.00,2025-12-04
2836,SUP-10,1035,Датчик коленвала,233,1349.00,314317.00,2025-02-04
2837,SUP-12,1051,Моторное масло 5W-30,202,446.40,90172.80,2025-12-07
2838,SUP-01,1058,Пыльник ШРУС,155,383.40,59427.00,2025-10-12
2839,SUP-09,1025,Пружина подвески,65,2046.00,132990.00,2025-10-21
2840,SUP-01,1054,Фара передняя,37,3776.00,139712.00,2025-03-31
2841,SUP-03,1011,Фильтр салона,213,455.60,97042.80,2025-05-28
2842,SUP-01,1025,Пружина подвески,373,1891.00,705343.00,2025-08-15
2843,SUP-07,1030,Помпа водяная,234,2124.00,497016.00,2025-01-18
2844,SUP-06,1019,Амортизатор передний,379,3780.00,1432620.00,2025-11-10
2845,SUP-11,1047,Предохранители набор,259,129.20,33462.80,2025-11-26
2846,SUP-01,1027,Опора амортизатора,241,1056.00,254496.00,2025-05-15
2847,SUP-11,1035,Датчик коленвала,315,1197.00,377055.00,2025-09-03
2848,SUP-01,1026,Ступичный подшипник,376,1890.00,710640.00,2025-03-07
2849,SUP-12,1045,Лампы H7,340,257.40,87516.00,2025-12-15
2850,SUP-11,1013,Фильтр АКПП,333,784.00,261072.00,2025-05-01
2851,SUP-07,1054,Фара передняя,48,3840.00,184320.00,2025-07-15
2852,SUP-04,1034,Комплект сцепления,334,5782.00,1931188.00,2025-10-10
2853,SUP-10,1001,Тормозные колодки передние,309,1904.00,588336.00,2025-01-23
2854,SUP-04,1052,Масло АКПП,216,551.80,119188.80,2025-03-22
2855,SUP-06,1047,Предохранители набор,329,123.50,40631.50,2025-03-08
2856,SUP-09,1009,Масляный фильтр,274,364.00,99736.00,2025-08-23
2857,SUP-04,1053,Жидкость ГУР,330,302.40,99792.00,2025-03-19
2858,SUP-04,1028,Ремень ГРМ,66,1116.00,73656.00,2025-01-15
2859,SUP-11,1035,Датчик коленвала,147,1292.00,189924.00,2025-10-12
2860,SUP-06,1008,Датчик износа колодок,83,390.00,32370.00,2025-08-17
2861,SUP-04,1009,Масляный фильтр,77,358.80,27627.60,2025-07-06
2862,SUP-10,1023,Шаровая опора,182,797.50,145145.00,2025-03-13
2863,SUP-11,1046,Реле,314,179.20,56268.80,2025-04-10
2864,SUP-06,1064,Компрессор кондиционера,123,11760.00,1446480.00,2025-07-04
2865,SUP-09,1033,Термостат,49,770.00,37730.00,2025-03-09
2866,SUP-04,1043,Аккумулятор 75Ah,188,5460.00,1026480.00,2025-06-24
2867,SUP-04,1040,Антифриз G12,90,364.00,32760.00,2025-02-18
2868,SUP-03,1012,Топливный фильтр,206,637.00,131222.00,2025-01-27
2869,SUP-01,1052,Масло АКПП,256,542.90,138982.40,2025-03-13
2870,SUP-01,1033,Термостат,115,649.00,74635.00,2025-03-29
2871,SUP-02,1022,Сайлентблок рычага,310,448.40,139004.00,2025-09-30
2872,SUP-12,1029,Ролик натяжителя ГРМ,46,1008.00,46368.00,2025-01-16
2873,SUP-04,1052,Масло АКПП,144,534.00,76896.00,2025-04-07
2874,SUP-08,1028,Ремень ГРМ,378,1152.00,435456.00,2025-12-11
2875,SUP-07,1009,Масляный фильтр,40,327.60,13104.00,2025-12-22
2876,SUP-03,1015,Катушка зажигания,179,1682.00,301078.00,2025-09-05
2877,SUP-01,1064,Компрессор кондиционера,226,10584.00,2391984.00,2025-04-20
2878,SUP-04,1018,Генератор,61,6820.00,416020.00,2025-08-11
2879,SUP-12,1050,Моторное масло 5W-40,177,394.40,69808.80,2025-05-20
2880,SUP-08,1033,Термостат,198,682.00,135036.00,2025-02-13
2881,SUP-11,1034,Комплект сцепления,56,6958.00,389648.00,2025-12-16
2882,SUP-01,1034,Комплект сцепления,166,6860.00,1138760.00,2025-10-06
2883,SUP-09,1049,Бензонасос,243,3416.00,830088.00,2025-09-27
2884,SUP-03,1013,Фильтр АКПП,186,854.00,158844.00,2025-10-10
2885,SUP-12,1045,Лампы H7,378,226.20,85503.60,2025-06-19
2886,SUP-03,1016,Высоковольтные провода,225,992.00,223200.00,2025-06-26
2887,SUP-05,1049,Бензонасос,232,3808.00,883456.00,2025-05-07
2888,SUP-06,1054,Фара передняя,339,3520.00,1193280.00,2025-11-24
2889,SUP-09,1024,Рычаг подвески,134,2688.00,360192.00,2025-12-30
2890,SUP-01,1050,Моторное масло 5W-40,160,408.00,65280.00,2025-01-31
2891,SUP-06,1016,Высоковольтные провода,185,1152.00,213120.00,2025-10-26
2892,SUP-01,1058,Пыльник ШРУС,231,334.80,77338.80,2025-03-14
2893,SUP-05,1062,Насос ГУР,230,6944.00,1597120.00,2025-05-30
2894,SUP-06,1019,Амортизатор передний,378,3834.00,1449252.00,2025-10-14
2895,SUP-09,1002,Тормозные колодки задние,296,1904.00,563584.00,2025-11-12
2896,SUP-02,1048,Датчик ABS,265,1365.00,361725.00,2025-03-26
2897,SUP-10,1063,Коврики салона,113,1368.00,154584.00,2025-05-18
2898,SUP-09,1008,Датчик износа колодок,299,416.00,124384.00,2025-06-05
2899,SUP-10,1060,Рулевой наконечник,395,832.00,328640.00,2025-04-01
2900,SUP-10,1045,Лампы H7,320,276.90,88608.00,2025-02-09
2901,SUP-08,1057,ШРУС наружный,356,2460.00,875760.00,2025-02-12
2902,SUP-04,1019,Амортизатор передний,291,3348.00,974268.00,2025-10-15
2903,SUP-08,1036,Радиатор охлаждения,155,4514.00,699670.00,2025-09-26
2904,SUP-04,1056,Щётки стеклоочистителя,358,444.60,159166.80,2025-09-12
2905,SUP-07,1062,Насос ГУР,22,7056.00,155232.00,2025-05-17
2906,SUP-10,1025,Пружина подвески,295,1953.00,576135.00,2025-06-01
2907,SUP-08,1024,Рычаг подвески,157,2730.00,428610.00,2025-03-19
2908,SUP-07,1022,Сайлентблок рычага,176,463.60,81593.60,2025-04-10
2909,SUP-04,1038,Патрубок радиатора,127,372.00,47244.00,2025-06-15
2910,SUP-07,1002,Тормозные колодки задние,240,1624.00,389760.00,2025-08-29
2911,SUP-12,1018,Генератор,142,8556.00,1214952.00,2025-06-05
2912,SUP-01,1046,Реле,37,162.40,6008.80,2025-12-06
2913,SUP-11,1027,Опора амортизатора,253,1104.00,279312.00,2025-11-08
2914,SUP-02,1013,Фильтр АКПП,111,910.00,101010.00,2025-05-08
2915,SUP-08,1047,Предохранители набор,207,112.10,23204.70,2025-10-31
2916,SUP-09,1061,Рулевая тяга,140,1296.00,181440.00,2025-12-10
2917,SUP-02,1025,Пружина подвески,318,1984.00,630912.00,2025-11-27
2918,SUP-09,1034,Комплект сцепления,227,6860.00,1557220.00,2025-12-20
2919,SUP-07,1022,Сайлентблок рычага,313,547.20,171273.60,2025-03-04
2920,SUP-11,1016,Высоковольтные провода,250,992.00,248000.00,2025-12-22
2921,SUP-07,1015,Катушка зажигания,75,2088.00,156600.00,2025-01-10
2922,SUP-11,1046,Реле,287,184.80,53037.60,2025-10-22
2923,SUP-08,1013,Фильтр АКПП,59,868.00,51212.00,2025-08-28
2924,SUP-02,1014,Свечи зажигания,301,250.80,75490.80,2025-08-17
2925,SUP-07,1035,Датчик коленвала,62,1216.00,75392.00,2025-12-29
2926,SUP-10,1030,Помпа водяная,259,2340.00,606060.00,2025-09-04
2927,SUP-05,1024,Рычаг подвески,91,2898.00,263718.00,2025-04-01
2928,SUP-06,1040,Антифриз G12,237,392.00,92904.00,2025-10-18
2929,SUP-06,1023,Шаровая опора,124,913.50,113274.00,2025-09-14
2930,SUP-07,1020,Амортизатор задний,259,2976.00,770784.00,2025-04-14
2931,SUP-11,1052,Масло АКПП,35,489.50,17132.50,2025-04-10
2932,SUP-07,1045,Лампы H7,200,222.30,44460.00,2025-05-19
2933,SUP-12,1007,Суппорт тормозной,151,4992.00,753792.00,2025-10-07
2934,SUP-04,1032,Сальник коленвала,60,297.60,17856.00,2025-06-25
2935,SUP-07,1035,Датчик коленвала,326,1083.00,353058.00,2025-01-08
2936,SUP-08,1005,Тормозная жидкость DOT-4,211,315.00,66465.00,2025-10-20
2937,SUP-03,1004,Тормозные диски задние,387,3564.00,1379268.00,2025-07-24
2938,SUP-02,1030,Помпа водяная,317,2160.00,684720.00,2025-08-29
2939,SUP-12,1031,Прокладка ГБЦ,63,1276.00,80388.00,2025-04-09
2940,SUP-04,1028,Ремень ГРМ,332,1134.00,376488.00,2025-11-09
2941,SUP-10,1061,Рулевая тяга,171,1098.00,187758.00,2025-09-01
2942,SUP-06,1030,Помпа водяная,72,2160.00,155520.00,2025-03-19
2943,SUP-10,1010,Воздушный фильтр,387,532.80,206193.60,2025-11-27
2944,SUP-08,1011,Фильтр салона,298,414.80,123610.40,2025-05-03
2945,SUP-02,1035,Датчик коленвала,248,1349.00,334552.00,2025-07-01
2946,SUP-04,1026,Ступичный подшипник,150,1809.00,271350.00,2025-08-08
2947,SUP-12,1023,Шаровая опора,139,1029.50,143100.50,2025-07-14
2948,SUP-03,1061,Рулевая тяга,376,1116.00,419616.00,2025-06-01
2949,SUP-05,1003,Тормозные диски передние,87,3968.00,345216.00,2025-02-09
2950,SUP-08,1042,Аккумулятор 60Ah,273,5184.00,1415232.00,2025-06-13
2951,SUP-07,1006,Тормозная жидкость DOT-5.1,305,507.30,154726.50,2025-11-02
2952,SUP-02,1040,Антифриз G12,261,392.00,102312.00,2025-11-08
2953,SUP-02,1012,Топливный фильтр,323,518.70,167540.10,2025-05-17
2954,SUP-03,1034,Комплект сцепления,165,5782.00,954030.00,2025-05-03
2955,SUP-11,1047,Предохранители набор,273,104.50,28528.50,2025-05-09
2956,SUP-06,1004,Тормозные диски задние,208,3294.00,685152.00,2025-06-21
2957,SUP-01,1031,Прокладка ГБЦ,377,1496.00,563992.00,2025-10-05
2958,SUP-10,1041,Вентилятор охлаждения,206,3010.00,620060.00,2025-07-01
2959,SUP-03,1050,Моторное масло 5W-40,266,414.80,110336.80,2025-02-17
2960,SUP-10,1018,Генератор,73,8432.00,615536.00,2025-05-10
2961,SUP-10,1043,Аккумулятор 75Ah,145,6006.00,870870.00,2025-04-04
2962,SUP-06,1026,Ступичный подшипник,205,1566.00,321030.00,2025-07-10
2963,SUP-07,1061,Рулевая тяга,290,1080.00,313200.00,2025-06-08
2964,SUP-05,1040,Антифриз G12,154,347.20,53468.80,2025-06-07
2965,SUP-04,1033,Термостат,283,715.00,202345.00,2025-10-17
2966,SUP-11,1037,Радиатор кондиционера,221,4623.00,1021683.00,2025-04-14
2967,SUP-01,1010,Воздушный фильтр,150,473.60,71040.00,2025-12-04
2968,SUP-03,1043,Аккумулятор 75Ah,374,5005.00,1871870.00,2025-10-30
2969,SUP-12,1045,Лампы H7,372,230.10,85597.20,2025-04-22
2970,SUP-11,1021,Стойка стабилизатора,246,568.40,139826.40,2025-02-22
2971,SUP-12,1062,Насос ГУР,93,7280.00,677040.00,2025-09-06
2972,SUP-01,1048,Датчик ABS,178,1197.00,213066.00,2025-06-12
2973,SUP-06,1002,Тормозные колодки задние,50,1596.00,79800.00,2025-04-22
2974,SUP-04,1047,Предохранители набор,338,125.40,42385.20,2025-06-22
2975,SUP-12,1009,Масляный фильтр,358,343.20,122865.60,2025-10-02
2976,SUP-05,1004,Тормозные диски задние,183,3726.00,681858.00,2025-08-21
2977,SUP-07,1020,Амортизатор задний,387,2976.00,1151712.00,2025-03-28
2978,SUP-06,1001,Тормозные колодки передние,153,2312.00,353736.00,2025-05-18
2979,SUP-11,1004,Тормозные диски задние,328,3780.00,1239840.00,2025-06-04
2980,SUP-02,1026,Ступичный подшипник,288,1512.00,435456.00,2025-02-06
2981,SUP-08,1004,Тормозные диски задние,188,3402.00,639576.00,2025-01-01
2982,SUP-03,1006,Тормозная жидкость DOT-5.1,284,560.70,159238.80,2025-11-13
2983,SUP-08,1011,Фильтр салона,236,435.20,102707.20,2025-09-25
2984,SUP-07,1041,Вентилятор охлаждения,30,2365.00,70950.00,2025-02-02
2985,SUP-04,1032,Сальник коленвала,57,297.60,16963.20,2025-04-09
2986,SUP-02,1044,Лампы H4,141,285.60,40269.60,2025-08-24
2987,SUP-12,1060,Рулевой наконечник,169,780.00,131820.00,2025-10-19
2988,SUP-12,1021,Стойка стабилизатора,211,597.80,126135.80,2025-07-13
2989,SUP-06,1038,Патрубок радиатора,84,347.20,29164.80,2025-09-25
2990,SUP-06,1023,Шаровая опора,269,899.00,241831.00,2025-10-07
2991,SUP-07,1020,Амортизатор задний,262,3168.00,830016.00,2025-10-26
2992,SUP-02,1020,Амортизатор задний,45,2832.00,127440.00,2025-01-20
2993,SUP-09,1053,Жидкость ГУР,96,324.00,31104.00,2025-04-29
2994,SUP-04,1026,Ступичный подшипник,52,1485.00,77220.00,2025-07-08
2995,SUP-02,1021,Стойка стабилизатора,243,666.40,161935.20,2025-07-16
2996,SUP-11,1023,Шаровая опора,339,957.00,324423.00,2025-09-13
2997,SUP-11,1024,Рычаг подвески,236,2856.00,674016.00,2025-09-06
2998,SUP-10,1048,Датчик ABS,22,1386.00,30492.00,2025-05-17
2999,SUP-08,1003,Тормозные диски передние,169,3844.00,649636.00,2025-10-01
3000,SUP-09,1056,Щётки стеклоочистителя,194,514.80,99871.20,2025-01-27
3001,SUP-09,1048,Датчик ABS,239,1281.00,306159.00,2025-04-28
3002,SUP-11,1050,Моторное масло 5W-40,321,476.00,152796.00,2025-03-17
3003,SUP-02,1026,Ступичный подшипник,304,1782.00,541728.00,2025-08-07
3004,SUP-03,1039,Бачок расширительный,331,910.00,301210.00,2025-07-29
3005,SUP-05,1063,Коврики салона,103,1320.00,135960.00,2025-08-22
3006,SUP-07,1008,Датчик износа колодок,260,377.00,98020.00,2025-10-11
3007,SUP-01,1018,Генератор,202,7440.00,1502880.00,2025-03-23
3008,SUP-01,1043,Аккумулятор 75Ah,333,5369.00,1787877.00,2025-02-04
3009,SUP-10,1013,Фильтр АКПП,106,896.00,94976.00,2025-03-14
3010,SUP-02,1017,Стартер,79,6052.00,478108.00,2025-05-24
3011,SUP-02,1018,Генератор,104,8804.00,915616.00,2025-03-16
3012,SUP-10,1007,Суппорт тормозной,372,5148.00,1915056.00,2025-09-03
3013,SUP-06,1011,Фильтр салона,292,387.60,113179.20,2025-07-19
3014,SUP-01,1023,Шаровая опора,368,1029.50,378856.00,2025-11-16
3015,SUP-01,1032,Сальник коленвала,252,307.20,77414.40,2025-09-16
3016,SUP-04,1062,Насос ГУР,285,6384.00,1819440.00,2025-03-28
3017,SUP-06,1057,ШРУС наружный,169,2419.00,408811.00,2025-04-06
3018,SUP-09,1003,Тормозные диски передние,225,4154.00,934650.00,2025-05-08
3019,SUP-07,1062,Насос ГУР,371,7168.00,2659328.00,2025-12-28
3020,SUP-06,1024,Рычаг подвески,373,2772.00,1033956.00,2025-01-25
3021,SUP-12,1047,Предохранители набор,84,108.30,9097.20,2025-05-08
3022,SUP-04,1060,Рулевой наконечник,297,780.00,231660.00,2025-08-13
3023,SUP-09,1004,Тормозные диски задние,346,3510.00,1214460.00,2025-10-26
3024,SUP-08,1036,Радиатор охлаждения,275,4810.00,1322750.00,2025-01-24
3025,SUP-05,1032,Сальник коленвала,188,321.60,60460.80,2025-06-02
3026,SUP-01,1001,Тормозные колодки передние,304,2312.00,702848.00,2025-08-01
3027,SUP-07,1025,Пружина подвески,290,1767.00,512430.00,2025-11-27
3028,SUP-11,1015,Катушка зажигания,272,1653.00,449616.00,2025-05-30
3029,SUP-08,1031,Прокладка ГБЦ,316,1408.00,444928.00,2025-04-13
3030,SUP-10,1022,Сайлентблок рычага,23,501.60,11536.80,2025-08-02
3031,SUP-12,1045,Лампы H7,64,269.10,17222.40,2025-10-03
3032,SUP-01,1014,Свечи зажигания,288,235.60,67852.80,2025-08-02
3033,SUP-07,1049,Бензонасос,209,3248.00,678832.00,2025-02-26
3034,SUP-05,1042,Аккумулятор 60Ah,271,4248.00,1151208.00,2025-04-12
3035,SUP-06,1008,Датчик износа колодок,268,455.00,121940.00,2025-11-19
3036,SUP-12,1041,Вентилятор охлаждения,96,2537.00,243552.00,2025-07-30
3037,SUP-08,1025,Пружина подвески,71,2077.00,147467.00,2025-04-07
3038,SUP-01,1020,Амортизатор задний,43,3408.00,146544.00,2025-12-02
3039,SUP-06,1059,Диск сцепления,211,2655.00,560205.00,2025-05-11
3040,SUP-11,1004,Тормозные диски задние,94,3618.00,340092.00,2025-06-22
3041,SUP-09,1056,Щётки стеклоочистителя,243,499.20,121305.60,2025-07-23
3042,SUP-11,1001,Тормозные колодки передние,300,2176.00,652800.00,2025-07-08
3043,SUP-12,1048,Датчик ABS,351,1512.00,530712.00,2025-04-10
3044,SUP-02,1023,Шаровая опора,239,957.00,228723.00,2025-08-21
3045,SUP-04,1047,Предохранители набор,359,115.90,41608.10,2025-12-05
3046,SUP-01,1012,Топливный фильтр,143,637.00,91091.00,2025-12-04
3047,SUP-02,1029,Ролик натяжителя ГРМ,135,896.00,120960.00,2025-10-15
3048,SUP-12,1009,Масляный фильтр,341,322.40,109938.40,2025-02-01
3049,SUP-04,1047,Предохранители набор,319,112.10,35759.90,2025-09-12
3050,SUP-09,1052,Масло АКПП,197,507.30,99938.10,2025-10-28
3051,SUP-10,1043,Аккумулятор 75Ah,200,6188.00,1237600.00,2025-10-16
3052,SUP-03,1041,Вентилятор охлаждения,306,2967.00,907902.00,2025-11-27
3053,SUP-10,1027,Опора амортизатора,97,960.00,93120.00,2025-10-07
3054,SUP-10,1039,Бачок расширительный,30,840.00,25200.00,2025-07-20
3055,SUP-01,1007,Суппорт тормозной,344,5538.00,1905072.00,2025-08-02
3056,SUP-07,1047,Предохранители набор,60,133.00,7980.00,2025-03-09
3057,SUP-05,1014,Свечи зажигания,396,266.00,105336.00,2025-01-19
3058,SUP-08,1056,Щётки стеклоочистителя,224,468.00,104832.00,2025-01-14
3059,SUP-09,1024,Рычаг подвески,309,2562.00,791658.00,2025-07-24
3060,SUP-08,1042,Аккумулятор 60Ah,134,4392.00,588528.00,2025-08-11
3061,SUP-06,1057,ШРУС наружный,172,2706.00,465432.00,2025-05-25
3062,SUP-11,1031,Прокладка ГБЦ,385,1298.00,499730.00,2025-08-31
3063,SUP-08,1054,Фара передняя,63,4224.00,266112.00,2025-06-14
3064,SUP-06,1045,Лампы H7,47,249.60,11731.20,2025-12-29
3065,SUP-07,1042,Аккумулятор 60Ah,367,5040.00,1849680.00,2025-01-22
3066,SUP-04,1003,Тормозные диски передние,217,3472.00,753424.00,2025-03-17
3067,SUP-11,1042,Аккумулятор 60Ah,208,4536.00,943488.00,2025-01-06
3068,SUP-11,1022,Сайлентблок рычага,386,448.40,173082.40,2025-04-17
3069,SUP-12,1006,Тормозная жидкость DOT-5.1,82,587.40,48166.80,2025-01-22
3070,SUP-12,1049,Бензонасос,347,3136.00,1088192.00,2025-01-11
3071,SUP-07,1010,Воздушный фильтр,236,444.00,104784.00,2025-12-10
3072,SUP-08,1042,Аккумулятор 60Ah,173,4248.00,734904.00,2025-12-01
3073,SUP-11,1043,Аккумулятор 75Ah,291,5460.00,1588860.00,2025-02-22
3074,SUP-04,1013,Фильтр АКПП,57,938.00,53466.00,2025-01-29
3075,SUP-12,1014,Свечи зажигания,320,258.40,82688.00,2025-12-16
3076,SUP-09,1029,Ролик натяжителя ГРМ,347,980.00,340060.00,2025-07-17
3077,SUP-02,1020,Амортизатор задний,339,2736.00,927504.00,2025-04-26
3078,SUP-07,1048,Датчик ABS,314,1302.00,408828.00,2025-01-17
3079,SUP-11,1018,Генератор,27,7812.00,210924.00,2025-11-29
3080,SUP-09,1047,Предохранители набор,151,108.30,16353.30,2025-05-04
3081,SUP-06,1015,Катушка зажигания,349,1682.00,587018.00,2025-07-15
3082,SUP-03,1008,Датчик износа колодок,379,364.00,137956.00,2025-04-02
3083,SUP-01,1047,Предохранители набор,348,114.00,39672.00,2025-02-15
3084,SUP-08,1010,Воздушный фильтр,240,495.80,118992.00,2025-03-22
3085,SUP-09,1043,Аккумулятор 75Ah,42,5005.00,210210.00,2025-08-06
3086,SUP-03,1041,Вентилятор охлаждения,379,2494.00,945226.00,2025-07-24
3087,SUP-12,1050,Моторное масло 5W-40,299,462.40,138257.60,2025-05-29
3088,SUP-02,1025,Пружина подвески,58,1829.00,106082.00,2025-05-27
3089,SUP-08,1010,Воздушный фильтр,197,436.60,86010.20,2025-08-24
3090,SUP-12,1036,Радиатор охлаждения,361,4884.00,1763124.00,2025-04-05
3091,SUP-11,1022,Сайлентблок рычага,306,471.20,144187.20,2025-11-13
3092,SUP-01,1024,Рычаг подвески,225,2562.00,576450.00,2025-07-31
3093,SUP-03,1031,Прокладка ГБЦ,279,1408.00,392832.00,2025-02-14
3094,SUP-05,1002,Тормозные колодки задние,102,1876.00,191352.00,2025-12-09
3095,SUP-05,1028,Ремень ГРМ,246,1080.00,265680.00,2025-09-02
3096,SUP-12,1032,Сальник коленвала,266,297.60,79161.60,2025-11-22
3097,SUP-07,1025,Пружина подвески,154,1767.00,272118.00,2025-08-26
3098,SUP-08,1010,Воздушный фильтр,349,436.60,152373.40,2025-05-02
3099,SUP-02,1035,Датчик коленвала,344,1064.00,366016.00,2025-11-17
3100,SUP-02,1005,Тормозная жидкость DOT-4,91,319.50,29074.50,2025-08-02
3101,SUP-01,1035,Датчик коленвала,226,1140.00,257640.00,2025-03-25
3102,SUP-10,1060,Рулевой наконечник,298,858.00,255684.00,2025-09-01
3103,SUP-09,1048,Датчик ABS,170,1323.00,224910.00,2025-09-26
3104,SUP-05,1008,Датчик износа колодок,297,396.50,117760.50,2025-06-12
3105,SUP-09,1004,Тормозные диски задние,196,3294.00,645624.00,2025-09-08
3106,SUP-10,1015,Катушка зажигания,44,1711.00,75284.00,2025-04-13
3107,SUP-07,1042,Аккумулятор 60Ah,384,4680.00,1797120.00,2025-11-05
3108,SUP-03,1039,Бачок расширительный,172,812.00,139664.00,2025-10-15
3109,SUP-04,1039,Бачок расширительный,163,1008.00,164304.00,2025-04-30
3110,SUP-04,1007,Суппорт тормозной,359,5148.00,1848132.00,2025-06-05
3111,SUP-05,1009,Масляный фильтр,223,306.80,68416.40,2025-08-22
3112,SUP-04,1024,Рычаг подвески,399,2436.00,971964.00,2025-05-28
3113,SUP-04,1030,Помпа водяная,379,1980.00,750420.00,2025-08-14
3114,SUP-01,1006,Тормозная жидкость DOT-5.1,269,498.40,134069.60,2025-07-31
3115,SUP-12,1031,Прокладка ГБЦ,271,1232.00,333872.00,2025-06-05
3116,SUP-02,1015,Катушка зажигания,262,2001.00,524262.00,2025-11-17
3117,SUP-12,1061,Рулевая тяга,22,1278.00,28116.00,2025-07-21
3118,SUP-04,1010,Воздушный фильтр,220,503.20,110704.00,2025-04-02
3119,SUP-02,1046,Реле,71,201.60,14313.60,2025-05-10
3120,SUP-10,1007,Суппорт тормозной,27,4290.00,115830.00,2025-01-13
3121,SUP-05,1034,Комплект сцепления,171,7056.00,1206576.00,2025-03-01
3122,SUP-12,1035,Датчик коленвала,345,1140.00,393300.00,2025-08-13
3123,SUP-12,1031,Прокладка ГБЦ,156,1210.00,188760.00,2025-08-08
3124,SUP-02,1032,Сальник коленвала,361,321.60,116097.60,2025-06-28
3125,SUP-10,1036,Радиатор охлаждения,193,5032.00,971176.00,2025-07-14
3126,SUP-03,1027,Опора амортизатора,368,1040.00,382720.00,2025-09-07
3127,SUP-01,1037,Радиатор кондиционера,130,4830.00,627900.00,2025-02-04
3128,SUP-01,1002,Тормозные колодки задние,193,1876.00,362068.00,2025-02-09
3129,SUP-03,1049,Бензонасос,329,3864.00,1271256.00,2025-07-17
3130,SUP-06,1027,Опора амортизатора,226,1072.00,242272.00,2025-10-18
3131,SUP-10,1017,Стартер,205,5785.00,1185925.00,2025-12-24
3132,SUP-07,1053,Жидкость ГУР,396,351.00,138996.00,2025-02-20
3133,SUP-04,1025,Пружина подвески,371,1736.00,644056.00,2025-09-14
3134,SUP-11,1012,Топливный фильтр,290,655.20,190008.00,2025-05-03
3135,SUP-07,1052,Масло АКПП,390,542.90,211731.00,2025-04-27
3136,SUP-03,1024,Рычаг подвески,375,2478.00,929250.00,2025-08-30
3137,SUP-10,1053,Жидкость ГУР,298,340.20,101379.60,2025-12-25
3138,SUP-07,1027,Опора амортизатора,304,928.00,282112.00,2025-01-08
3139,SUP-11,1034,Комплект сцепления,373,6468.00,2412564.00,2025-03-25
3140,SUP-07,1004,Тормозные диски задние,275,3564.00,980100.00,2025-04-20
3141,SUP-04,1058,Пыльник ШРУС,220,351.00,77220.00,2025-02-15
3142,SUP-06,1031,Прокладка ГБЦ,116,1540.00,178640.00,2025-12-04
3143,SUP-05,1043,Аккумулятор 75Ah,306,5915.00,1809990.00,2025-01-26
3144,SUP-10,1037,Радиатор кондиционера,381,4830.00,1840230.00,2025-07-19
3145,SUP-01,1043,Аккумулятор 75Ah,297,6279.00,1864863.00,2025-05-18
3146,SUP-03,1017,Стартер,81,4984.00,403704.00,2025-04-26
3147,SUP-06,1034,Комплект сцепления,344,5880.00,2022720.00,2025-08-25
3148,SUP-09,1016,Высоковольтные провода,178,992.00,176576.00,2025-11-08
3149,SUP-06,1052,Масло АКПП,296,640.80,189676.80,2025-11-12
3150,SUP-03,1034,Комплект сцепления,177,5586.00,988722.00,2025-10-24
3151,SUP-11,1014,Свечи зажигания,165,216.60,35739.00,2025-05-28
3152,SUP-04,1037,Радиатор кондиционера,386,4623.00,1784478.00,2025-09-29
3153,SUP-03,1050,Моторное масло 5W-40,205,421.60,86428.00,2025-08-11
3154,SUP-09,1019,Амортизатор передний,73,3132.00,228636.00,2025-05-30
3155,SUP-11,1011,Фильтр салона,129,414.80,53509.20,2025-04-04
3156,SUP-08,1044,Лампы H4,88,260.40,22915.20,2025-06-26
3157,SUP-05,1050,Моторное масло 5W-40,220,435.20,95744.00,2025-11-02
3158,SUP-03,1031,Прокладка ГБЦ,29,1254.00,36366.00,2025-12-20
3159,SUP-01,1060,Рулевой наконечник,128,923.00,118144.00,2025-08-29
3160,SUP-08,1007,Суппорт тормозной,393,4914.00,1931202.00,2025-07-24
3161,SUP-10,1011,Фильтр салона,342,455.60,155815.20,2025-05-04
3162,SUP-05,1054,Фара передняя,34,3648.00,124032.00,2025-12-15
3163,SUP-03,1016,Высоковольтные провода,121,1088.00,131648.00,2025-05-05
3164,SUP-10,1053,Жидкость ГУР,395,302.40,119448.00,2025-11-03
3165,SUP-09,1028,Ремень ГРМ,189,1098.00,207522.00,2025-05-04
3166,SUP-04,1014,Свечи зажигания,172,269.80,46405.60,2025-07-29
3167,SUP-01,1060,Рулевой наконечник,374,741.00,277134.00,2025-11-21
3168,SUP-12,1014,Свечи зажигания,366,224.20,82057.20,2025-02-12
3169,SUP-01,1040,Антифриз G12,189,358.40,67737.60,2025-06-04
3170,SUP-11,1015,Катушка зажигания,378,1740.00,657720.00,2025-04-10
3171,SUP-12,1021,Стойка стабилизатора,176,637.00,112112.00,2025-03-26
3172,SUP-09,1061,Рулевая тяга,290,990.00,287100.00,2025-11-09
3173,SUP-06,1064,Компрессор кондиционера,59,9408.00,555072.00,2025-07-24
3174,SUP-09,1021,Стойка стабилизатора,279,637.00,177723.00,2025-05-05
3175,SUP-06,1018,Генератор,201,7936.00,1595136.00,2025-07-01
3176,SUP-04,1010,Воздушный фильтр,216,532.80,115084.80,2025-08-17
3177,SUP-04,1064,Компрессор кондиционера,191,11928.00,2278248.00,2025-09-25
3178,SUP-07,1021,Стойка стабилизатора,306,637.00,194922.00,2025-08-10
3179,SUP-01,1004,Тормозные диски задние,216,3024.00,653184.00,2025-08-26
3180,SUP-01,1058,Пыльник ШРУС,274,318.60,87296.40,2025-01-01
3181,SUP-12,1063,Коврики салона,93,1320.00,122760.00,2025-08-23
3182,SUP-06,1004,Тормозные диски задние,211,3456.00,729216.00,2025-08-21
3183,SUP-12,1014,Свечи зажигания,173,254.60,44045.80,2025-03-21
3184,SUP-04,1034,Комплект сцепления,311,6762.00,2102982.00,2025-03-07
3185,SUP-03,1019,Амортизатор передний,373,3024.00,1127952.00,2025-01-30
3186,SUP-01,1039,Бачок расширительный,89,896.00,79744.00,2025-08-11
3187,SUP-03,1047,Предохранители набор,154,134.90,20774.60,2025-05-20
3188,SUP-03,1046,Реле,328,187.60,61532.80,2025-09-04
3189,SUP-07,1058,Пыльник ШРУС,81,345.60,27993.60,2025-03-02
3190,SUP-07,1048,Датчик ABS,238,1197.00,284886.00,2025-05-07
3191,SUP-08,1036,Радиатор охлаждения,294,5032.00,1479408.00,2025-06-22
3192,SUP-01,1046,Реле,156,170.80,26644.80,2025-01-11
3193,SUP-07,1053,Жидкость ГУР,335,388.80,130248.00,2025-07-05
3194,SUP-09,1010,Воздушный фильтр,89,495.80,44126.20,2025-07-10
3195,SUP-05,1051,Моторное масло 5W-30,74,396.00,29304.00,2025-05-20
3196,SUP-10,1003,Тормозные диски передние,36,4402.00,158472.00,2025-11-11
3197,SUP-05,1020,Амортизатор задний,89,2928.00,260592.00,2025-04-17
3198,SUP-07,1011,Фильтр салона,95,401.20,38114.00,2025-02-27
3199,SUP-04,1055,Зеркало боковое,214,1984.00,424576.00,2025-09-09
3200,SUP-11,1055,Зеркало боковое,266,2208.00,587328.00,2025-10-18
3201,SUP-04,1019,Амортизатор передний,194,3132.00,607608.00,2025-11-27
3202,SUP-03,1039,Бачок расширительный,138,924.00,127512.00,2025-02-22
3203,SUP-10,1031,Прокладка ГБЦ,302,1232.00,372064.00,2025-08-25
3204,SUP-01,1017,Стартер,246,5963.00,1466898.00,2025-02-26
3205,SUP-05,1017,Стартер,103,6319.00,650857.00,2025-06-06
3206,SUP-11,1048,Датчик ABS,65,1344.00,87360.00,2025-10-15
3207,SUP-07,1029,Ролик натяжителя ГРМ,301,798.00,240198.00,2025-02-28
3208,SUP-05,1012,Топливный фильтр,243,546.00,132678.00,2025-12-05
3209,SUP-11,1060,Рулевой наконечник,154,884.00,136136.00,2025-06-10
3210,SUP-08,1053,Жидкость ГУР,258,302.40,78019.20,2025-07-01
3211,SUP-04,1052,Масло АКПП,187,605.20,113172.40,2025-11-22
3212,SUP-07,1021,Стойка стабилизатора,304,588.00,178752.00,2025-09-27
3213,SUP-07,1007,Суппорт тормозной,268,4602.00,1233336.00,2025-02-20
3214,SUP-06,1039,Бачок расширительный,88,812.00,71456.00,2025-04-09
3215,SUP-07,1023,Шаровая опора,178,1000.50,178089.00,2025-07-18
3216,SUP-09,1045,Лампы H7,178,265.20,47205.60,2025-05-12
3217,SUP-05,1035,Датчик коленвала,333,1102.00,366966.00,2025-05-27
3218,SUP-08,1033,Термостат,381,649.00,247269.00,2025-10-14
3219,SUP-03,1023,Шаровая опора,44,1015.00,44660.00,2025-09-13
3220,SUP-12,1059,Диск сцепления,147,3060.00,449820.00,2025-11-03
3221,SUP-05,1045,Лампы H7,206,261.30,53827.80,2025-12-22
3222,SUP-11,1054,Фара передняя,249,4160.00,1035840.00,2025-12-07
3223,SUP-06,1003,Тормозные диски передние,399,4092.00,1632708.00,2025-09-23
3224,SUP-06,1044,Лампы H4,344,268.80,92467.20,2025-03-04
3225,SUP-03,1019,Амортизатор передний,251,3402.00,853902.00,2025-03-30
3226,SUP-11,1038,Патрубок радиатора,141,378.20,53326.20,2025-04-13
3227,SUP-11,1053,Жидкость ГУР,220,361.80,79596.00,2025-04-14
3228,SUP-06,1012,Топливный фильтр,332,609.70,202420.40,2025-11-28
3229,SUP-03,1050,Моторное масло 5W-40,95,401.20,38114.00,2025-05-16
3230,SUP-11,1064,Компрессор кондиционера,232,11928.00,2767296.00,2025-02-01
3231,SUP-11,1052,Масло АКПП,180,507.30,91314.00,2025-02-18
3232,SUP-09,1005,Тормозная жидкость DOT-4,259,252.00,65268.00,2025-08-10
3233,SUP-03,1031,Прокладка ГБЦ,81,1210.00,98010.00,2025-03-27
3234,SUP-08,1010,Воздушный фильтр,331,421.80,139615.80,2025-03-13
3235,SUP-03,1004,Тормозные диски задние,350,3240.00,1134000.00,2025-03-18
3236,SUP-01,1035,Датчик коленвала,312,1235.00,385320.00,2025-03-29
3237,SUP-01,1016,Высоковольтные провода,45,1104.00,49680.00,2025-05-11
3238,SUP-06,1049,Бензонасос,382,3752.00,1433264.00,2025-01-27
3239,SUP-04,1060,Рулевой наконечник,138,832.00,114816.00,2025-10-20
3240,SUP-12,1003,Тормозные диски передние,129,3720.00,479880.00,2025-08-01
3241,SUP-04,1019,Амортизатор передний,372,3240.00,1205280.00,2025-07-23
3242,SUP-09,1063,Коврики салона,48,1320.00,63360.00,2025-07-04
3243,SUP-01,1029,Ролик натяжителя ГРМ,148,854.00,126392.00,2025-05-04
3244,SUP-11,1007,Суппорт тормозной,67,4992.00,334464.00,2025-04-07
3245,SUP-12,1022,Сайлентблок рычага,125,433.20,54150.00,2025-02-01
3246,SUP-02,1042,Аккумулятор 60Ah,44,3960.00,174240.00,2025-07-23
3247,SUP-09,1023,Шаровая опора,158,986.00,155788.00,2025-03-06
3248,SUP-07,1026,Ступичный подшипник,215,1485.00,319275.00,2025-07-19
3249,SUP-12,1024,Рычаг подвески,37,2772.00,102564.00,2025-09-06
3250,SUP-09,1001,Тормозные колодки передние,186,2006.00,373116.00,2025-06-16
3251,SUP-07,1043,Аккумулятор 75Ah,344,5733.00,1972152.00,2025-11-29
3252,SUP-11,1056,Щётки стеклоочистителя,370,460.20,170274.00,2025-12-11
3253,SUP-12,1047,Предохранители набор,306,133.00,40698.00,2025-01-09
3254,SUP-06,1059,Диск сцепления,29,2610.00,75690.00,2025-01-13
3255,SUP-05,1006,Тормозная жидкость DOT-5.1,177,578.50,102394.50,2025-07-29
3256,SUP-08,1046,Реле,243,170.80,41504.40,2025-06-23
3257,SUP-02,1057,ШРУС наружный,315,2296.00,723240.00,2025-07-17
3258,SUP-04,1014,Свечи зажигания,221,243.20,53747.20,2025-09-23
3259,SUP-05,1018,Генератор,308,8680.00,2673440.00,2025-03-28
3260,SUP-05,1039,Бачок расширительный,385,854.00,328790.00,2025-07-31
3261,SUP-12,1053,Жидкость ГУР,340,318.60,108324.00,2025-02-28
3262,SUP-12,1037,Радиатор кондиционера,378,4071.00,1538838.00,2025-02-09
3263,SUP-11,1056,Щётки стеклоочистителя,369,475.80,175570.20,2025-11-19
3264,SUP-07,1002,Тормозные колодки задние,319,1848.00,589512.00,2025-06-09
3265,SUP-02,1017,Стартер,61,5340.00,325740.00,2025-08-29
3266,SUP-09,1026,Ступичный подшипник,313,1782.00,557766.00,2025-08-30
3267,SUP-06,1063,Коврики салона,389,1512.00,588168.00,2025-01-20
3268,SUP-10,1034,Комплект сцепления,58,6272.00,363776.00,2025-01-12
3269,SUP-04,1039,Бачок расширительный,242,798.00,193116.00,2025-05-16
3270,SUP-02,1022,Сайлентблок рычага,290,418.00,121220.00,2025-05-26
3271,SUP-05,1045,Лампы H7,33,253.50,8365.50,2025-05-18
3272,SUP-12,1020,Амортизатор задний,34,2928.00,99552.00,2025-02-20
3273,SUP-05,1063,Коврики салона,374,1368.00,511632.00,2025-02-19
3274,SUP-05,1053,Жидкость ГУР,296,388.80,115084.80,2025-12-30
3275,SUP-12,1055,Зеркало боковое,354,2080.00,736320.00,2025-04-17
3276,SUP-11,1058,Пыльник ШРУС,306,383.40,117320.40,2025-06-29
3277,SUP-03,1027,Опора амортизатора,117,944.00,110448.00,2025-02-04
3278,SUP-07,1013,Фильтр АКПП,360,966.00,347760.00,2025-04-27
3279,SUP-07,1057,ШРУС наружный,380,2419.00,919220.00,2025-03-09
3280,SUP-02,1025,Пружина подвески,276,2170.00,598920.00,2025-12-28
3281,SUP-08,1004,Тормозные диски задние,314,3672.00,1153008.00,2025-01-30
3282,SUP-08,1024,Рычаг подвески,61,2688.00,163968.00,2025-12-13
3283,SUP-01,1023,Шаровая опора,246,841.00,206886.00,2025-07-20
3284,SUP-02,1004,Тормозные диски задние,83,3564.00,295812.00,2025-02-19
3285,SUP-07,1021,Стойка стабилизатора,336,617.40,207446.40,2025-06-30
3286,SUP-10,1036,Радиатор охлаждения,43,4736.00,203648.00,2025-11-28
3287,SUP-07,1051,Моторное масло 5W-30,119,489.60,58262.40,2025-06-29
3288,SUP-04,1041,Вентилятор охлаждения,335,2537.00,849895.00,2025-08-19
3289,SUP-09,1064,Компрессор кондиционера,146,10248.00,1496208.00,2025-07-28
3290,SUP-05,1005,Тормозная жидкость DOT-4,198,288.00,57024.00,2025-12-14
3291,SUP-10,1032,Сальник коленвала,125,345.60,43200.00,2025-11-02
3292,SUP-05,1028,Ремень ГРМ,171,1188.00,203148.00,2025-05-17
3293,SUP-03,1051,Моторное масло 5W-30,337,489.60,164995.20,2025-11-11
3294,SUP-02,1002,Тормозные колодки задние,269,1932.00,519708.00,2025-06-04
3295,SUP-01,1044,Лампы H4,176,281.40,49526.40,2025-01-14
3296,SUP-03,1032,Сальник коленвала,316,326.40,103142.40,2025-02-15
3297,SUP-02,1027,Опора амортизатора,266,1152.00,306432.00,2025-03-23
3298,SUP-10,1061,Рулевая тяга,260,1206.00,313560.00,2025-11-21
3299,SUP-09,1053,Жидкость ГУР,389,378.00,147042.00,2025-04-11
3300,SUP-11,1039,Бачок расширительный,116,952.00,110432.00,2025-02-04
3301,SUP-04,1010,Воздушный фильтр,291,451.40,131357.40,2025-10-29
3302,SUP-12,1018,Генератор,25,6820.00,170500.00,2025-10-08
3303,SUP-04,1009,Масляный фильтр,372,332.80,123801.60,2025-07-18
3304,SUP-12,1062,Насос ГУР,149,7840.00,1168160.00,2025-06-02
3305,SUP-12,1053,Жидкость ГУР,362,329.40,119242.80,2025-08-08
3306,SUP-11,1037,Радиатор кондиционера,254,4485.00,1139190.00,2025-03-14
3307,SUP-09,1031,Прокладка ГБЦ,26,1320.00,34320.00,2025-06-01
3308,SUP-08,1004,Тормозные диски задние,202,2970.00,599940.00,2025-11-30
3309,SUP-09,1021,Стойка стабилизатора,151,695.80,105065.80,2025-05-08
3310,SUP-08,1031,Прокладка ГБЦ,339,1452.00,492228.00,2025-11-18
3311,SUP-10,1040,Антифриз G12,82,403.20,33062.40,2025-04-22
3312,SUP-04,1006,Тормозная жидкость DOT-5.1,365,516.20,188413.00,2025-09-04
3313,SUP-08,1002,Тормозные колодки задние,126,1540.00,194040.00,2025-01-03
3314,SUP-02,1049,Бензонасос,112,3304.00,370048.00,2025-02-13
3315,SUP-10,1061,Рулевая тяга,331,1296.00,428976.00,2025-02-26
3316,SUP-02,1061,Рулевая тяга,295,1260.00,371700.00,2025-08-16
3317,SUP-05,1028,Ремень ГРМ,135,1152.00,155520.00,2025-08-31
3318,SUP-01,1011,Фильтр салона,131,489.60,64137.60,2025-02-06
3319,SUP-10,1060,Рулевой наконечник,235,754.00,177190.00,2025-01-28
3320,SUP-01,1015,Катушка зажигания,236,1972.00,465392.00,2025-01-04
3321,SUP-03,1044,Лампы H4,256,264.60,67737.60,2025-11-07
3322,SUP-03,1061,Рулевая тяга,68,1296.00,88128.00,2025-09-29
3323,SUP-04,1001,Тормозные колодки передние,106,1870.00,198220.00,2025-03-28
3324,SUP-04,1041,Вентилятор охлаждения,32,3096.00,99072.00,2025-03-15
3325,SUP-01,1055,Зеркало боковое,262,1888.00,494656.00,2025-05-24
3326,SUP-12,1010,Воздушный фильтр,265,451.40,119621.00,2025-11-29
3327,SUP-07,1043,Аккумулятор 75Ah,149,6461.00,962689.00,2025-12-19
3328,SUP-08,1054,Фара передняя,354,4608.00,1631232.00,2025-06-07
3329,SUP-12,1048,Датчик ABS,95,1239.00,117705.00,2025-08-31
3330,SUP-02,1040,Антифриз G12,115,386.40,44436.00,2025-04-30
3331,SUP-11,1021,Стойка стабилизатора,198,637.00,126126.00,2025-09-07
3332,SUP-03,1029,Ролик натяжителя ГРМ,70,966.00,67620.00,2025-07-02
3333,SUP-03,1021,Стойка стабилизатора,86,597.80,51410.80,2025-11-11
3334,SUP-11,1019,Амортизатор передний,372,3456.00,1285632.00,2025-01-02
3335,SUP-02,1025,Пружина подвески,30,1705.00,51150.00,2025-09-21
3336,SUP-06,1017,Стартер,87,5785.00,503295.00,2025-07-03
3337,SUP-08,1058,Пыльник ШРУС,386,318.60,122979.60,2025-01-05
3338,SUP-01,1063,Коврики салона,48,1464.00,70272.00,2025-03-06
3339,SUP-04,1015,Катушка зажигания,249,1711.00,426039.00,2025-02-21
3340,SUP-09,1023,Шаровая опора,332,1000.50,332166.00,2025-11-08
3341,SUP-06,1035,Датчик коленвала,321,1235.00,396435.00,2025-03-06
3342,SUP-03,1048,Датчик ABS,140,1323.00,185220.00,2025-11-07
3343,SUP-05,1053,Жидкость ГУР,212,361.80,76701.60,2025-09-02
3344,SUP-05,1037,Радиатор кондиционера,107,4209.00,450363.00,2025-03-11
3345,SUP-12,1058,Пыльник ШРУС,333,329.40,109690.20,2025-02-20
3346,SUP-04,1022,Сайлентблок рычага,195,433.20,84474.00,2025-01-27
3347,SUP-10,1020,Амортизатор задний,75,2640.00,198000.00,2025-03-06
3348,SUP-08,1010,Воздушный фильтр,215,466.20,100233.00,2025-12-08
3349,SUP-06,1034,Комплект сцепления,258,5390.00,1390620.00,2025-06-10
3350,SUP-07,1058,Пыльник ШРУС,174,334.80,58255.20,2025-07-19
3351,SUP-02,1014,Свечи зажигания,280,273.60,76608.00,2025-02-03
3352,SUP-03,1024,Рычаг подвески,373,2898.00,1080954.00,2025-10-10
3353,SUP-03,1038,Патрубок радиатора,101,359.60,36319.60,2025-07-15
3354,SUP-10,1023,Шаровая опора,305,1000.50,305152.50,2025-10-30
3355,SUP-05,1058,Пыльник ШРУС,378,372.60,140842.80,2025-06-19
3356,SUP-07,1055,Зеркало боковое,323,2080.00,671840.00,2025-09-02
3357,SUP-03,1004,Тормозные диски задние,392,3132.00,1227744.00,2025-01-30
3358,SUP-09,1030,Помпа водяная,308,2160.00,665280.00,2025-12-14
3359,SUP-06,1006,Тормозная жидкость DOT-5.1,34,516.20,17550.80,2025-09-21
3360,SUP-10,1034,Комплект сцепления,399,5390.00,2150610.00,2025-05-05
3361,SUP-04,1006,Тормозная жидкость DOT-5.1,157,569.60,89427.20,2025-02-04
3362,SUP-03,1008,Датчик износа колодок,174,429.00,74646.00,2025-12-24
3363,SUP-05,1026,Ступичный подшипник,300,1782.00,534600.00,2025-06-12
3364,SUP-02,1061,Рулевая тяга,286,1134.00,324324.00,2025-06-21
3365,SUP-02,1032,Сальник коленвала,184,292.80,53875.20,2025-07-25
3366,SUP-04,1064,Компрессор кондиционера,30,9408.00,282240.00,2025-10-30
3367,SUP-11,1024,Рычаг подвески,143,2352.00,336336.00,2025-05-22
3368,SUP-09,1041,Вентилятор охлаждения,89,2623.00,233447.00,2025-08-06
3369,SUP-06,1050,Моторное масло 5W-40,332,448.80,149001.60,2025-08-28
3370,SUP-02,1027,Опора амортизатора,236,992.00,234112.00,2025-04-22
3371,SUP-05,1054,Фара передняя,303,4352.00,1318656.00,2025-12-18
3372,SUP-09,1043,Аккумулятор 75Ah,48,5369.00,257712.00,2025-05-19
3373,SUP-09,1027,Опора амортизатора,329,928.00,305312.00,2025-11-20
3374,SUP-04,1042,Аккумулятор 60Ah,159,4320.00,686880.00,2025-03-31
3375,SUP-10,1050,Моторное масло 5W-40,195,435.20,84864.00,2025-02-05
3376,SUP-03,1022,Сайлентблок рычага,349,524.40,183015.60,2025-05-13
3377,SUP-12,1055,Зеркало боковое,207,1760.00,364320.00,2025-02-13
3378,SUP-10,1058,Пыльник ШРУС,127,313.20,39776.40,2025-09-29
3379,SUP-09,1041,Вентилятор охлаждения,133,2752.00,366016.00,2025-11-11
3380,SUP-10,1006,Тормозная жидкость DOT-5.1,251,525.10,131800.10,2025-11-23
3381,SUP-11,1063,Коврики салона,351,1464.00,513864.00,2025-02-11
3382,SUP-01,1005,Тормозная жидкость DOT-4,354,283.50,100359.00,2025-03-11
3383,SUP-11,1017,Стартер,203,6230.00,1264690.00,2025-07-20
3384,SUP-08,1017,Стартер,38,6230.00,236740.00,2025-04-13
3385,SUP-10,1023,Шаровая опора,329,1029.50,338705.50,2025-04-27
3386,SUP-11,1024,Рычаг подвески,107,2772.00,296604.00,2025-06-24
3387,SUP-12,1057,ШРУС наружный,167,2911.00,486137.00,2025-01-16
3388,SUP-02,1054,Фара передняя,206,4608.00,949248.00,2025-05-25
3389,SUP-11,1034,Комплект сцепления,126,6272.00,790272.00,2025-01-07
3390,SUP-04,1038,Патрубок радиатора,176,409.20,72019.20,2025-07-08
3391,SUP-05,1040,Антифриз G12,138,403.20,55641.60,2025-01-12
3392,SUP-10,1043,Аккумулятор 75Ah,166,6552.00,1087632.00,2025-12-08
3393,SUP-09,1042,Аккумулятор 60Ah,343,4968.00,1704024.00,2025-12-06
3394,SUP-02,1008,Датчик износа колодок,217,383.50,83219.50,2025-09-27
3395,SUP-03,1052,Масло АКПП,207,623.00,128961.00,2025-01-04
3396,SUP-01,1051,Моторное масло 5W-30,302,439.20,132638.40,2025-08-02
3397,SUP-07,1039,Бачок расширительный,88,840.00,73920.00,2025-06-03
3398,SUP-05,1032,Сальник коленвала,220,297.60,65472.00,2025-01-26
3399,SUP-03,1016,Высоковольтные провода,392,960.00,376320.00,2025-07-16
3400,SUP-10,1024,Рычаг подвески,388,2520.00,977760.00,2025-11-27
3401,SUP-05,1009,Масляный фильтр,48,312.00,14976.00,2025-12-05
3402,SUP-04,1027,Опора амортизатора,167,912.00,152304.00,2025-05-11
3403,SUP-10,1046,Реле,38,201.60,7660.80,2025-02-21
3404,SUP-08,1016,Высоковольтные провода,207,1008.00,208656.00,2025-09-22
3405,SUP-11,1049,Бензонасос,103,3136.00,323008.00,2025-11-25
3406,SUP-09,1053,Жидкость ГУР,251,378.00,94878.00,2025-07-02
3407,SUP-06,1006,Тормозная жидкость DOT-5.1,241,551.80,132983.80,2025-12-17
3408,SUP-07,1036,Радиатор охлаждения,395,4662.00,1841490.00,2025-02-22
3409,SUP-12,1036,Радиатор охлаждения,384,4440.00,1704960.00,2025-09-17
3410,SUP-01,1044,Лампы H4,27,285.60,7711.20,2025-05-04
3411,SUP-04,1056,Щётки стеклоочистителя,336,460.20,154627.20,2025-06-24
3412,SUP-12,1002,Тормозные колодки задние,176,1596.00,280896.00,2025-12-22
3413,SUP-09,1034,Комплект сцепления,152,5782.00,878864.00,2025-10-06
3414,SUP-05,1042,Аккумулятор 60Ah,148,4608.00,681984.00,2025-01-20
3415,SUP-04,1058,Пыльник ШРУС,61,324.00,19764.00,2025-02-04
3416,SUP-09,1052,Масло АКПП,23,525.10,12077.30,2025-12-11
3417,SUP-06,1037,Радиатор кондиционера,284,4692.00,1332528.00,2025-02-12
3418,SUP-09,1021,Стойка стабилизатора,49,539.00,26411.00,2025-04-17
3419,SUP-12,1036,Радиатор охлаждения,328,5328.00,1747584.00,2025-11-13
3420,SUP-07,1019,Амортизатор передний,345,3348.00,1155060.00,2025-02-28
3421,SUP-01,1044,Лампы H4,30,260.40,7812.00,2025-11-12
3422,SUP-04,1058,Пыльник ШРУС,248,378.00,93744.00,2025-02-06
3423,SUP-08,1016,Высоковольтные провода,346,1136.00,393056.00,2025-02-13
3424,SUP-03,1003,Тормозные диски передние,38,3844.00,146072.00,2025-07-29
3425,SUP-04,1006,Тормозная жидкость DOT-5.1,341,516.20,176024.20,2025-10-29
3426,SUP-12,1012,Топливный фильтр,75,600.60,45045.00,2025-07-07
3427,SUP-02,1034,Комплект сцепления,351,6762.00,2373462.00,2025-12-21
3428,SUP-03,1026,Ступичный подшипник,307,1836.00,563652.00,2025-09-21
3429,SUP-12,1024,Рычаг подвески,163,2604.00,424452.00,2025-04-01
3430,SUP-08,1029,Ролик натяжителя ГРМ,288,784.00,225792.00,2025-12-12
3431,SUP-07,1031,Прокладка ГБЦ,109,1342.00,146278.00,2025-11-29
3432,SUP-08,1047,Предохранители набор,238,112.10,26679.80,2025-11-01
3433,SUP-12,1047,Предохранители набор,381,121.60,46329.60,2025-12-02
3434,SUP-05,1057,ШРУС наружный,79,2829.00,223491.00,2025-12-27
3435,SUP-09,1039,Бачок расширительный,373,840.00,313320.00,2025-07-09
3436,SUP-04,1043,Аккумулятор 75Ah,179,6097.00,1091363.00,2025-05-10
3437,SUP-01,1035,Датчик коленвала,284,1292.00,366928.00,2025-04-29
3438,SUP-04,1032,Сальник коленвала,128,273.60,35020.80,2025-03-10
3439,SUP-07,1026,Ступичный подшипник,279,1620.00,451980.00,2025-03-22
3440,SUP-07,1062,Насос ГУР,24,7504.00,180096.00,2025-04-12
3441,SUP-09,1007,Суппорт тормозной,382,4992.00,1906944.00,2025-05-06
3442,SUP-09,1046,Реле,339,156.80,53155.20,2025-01-26
3443,SUP-01,1014,Свечи зажигания,149,216.60,32273.40,2025-05-16
3444,SUP-01,1030,Помпа водяная,278,2556.00,710568.00,2025-02-11
3445,SUP-10,1005,Тормозная жидкость DOT-4,177,288.00,50976.00,2025-07-13
3446,SUP-04,1063,Коврики салона,244,1488.00,363072.00,2025-11-15
3447,SUP-05,1020,Амортизатор задний,114,3216.00,366624.00,2025-12-27
3448,SUP-08,1050,Моторное масло 5W-40,89,421.60,37522.40,2025-08-06
3449,SUP-02,1044,Лампы H4,21,260.40,5468.40,2025-02-12
3450,SUP-08,1020,Амортизатор задний,231,2640.00,609840.00,2025-05-20
3451,SUP-01,1034,Комплект сцепления,243,6762.00,1643166.00,2025-10-05
3452,SUP-08,1011,Фильтр салона,251,374.00,93874.00,2025-01-23
3453,SUP-02,1056,Щётки стеклоочистителя,364,546.00,198744.00,2025-09-29
3454,SUP-11,1040,Антифриз G12,393,313.60,123244.80,2025-05-15
3455,SUP-08,1001,Тормозные колодки передние,86,2414.00,207604.00,2025-04-14
3456,SUP-06,1044,Лампы H4,213,268.80,57254.40,2025-05-28
3457,SUP-12,1030,Помпа водяная,82,2232.00,183024.00,2025-10-30
3458,SUP-11,1046,Реле,33,198.80,6560.40,2025-04-15
3459,SUP-06,1042,Аккумулятор 60Ah,136,4824.00,656064.00,2025-09-24
3460,SUP-03,1036,Радиатор охлаждения,126,4144.00,522144.00,2025-07-18
3461,SUP-05,1033,Термостат,132,715.00,94380.00,2025-08-06
3462,SUP-06,1053,Жидкость ГУР,380,378.00,143640.00,2025-09-30
3463,SUP-10,1037,Радиатор кондиционера,90,4071.00,366390.00,2025-04-10
3464,SUP-02,1040,Антифриз G12,52,336.00,17472.00,2025-04-29
3465,SUP-11,1041,Вентилятор охлаждения,92,3053.00,280876.00,2025-02-25
3466,SUP-07,1048,Датчик ABS,132,1491.00,196812.00,2025-06-13
3467,SUP-09,1010,Воздушный фильтр,77,532.80,41025.60,2025-05-18
3468,SUP-09,1015,Катушка зажигания,329,1943.00,639247.00,2025-01-12
3469,SUP-01,1018,Генератор,102,7564.00,771528.00,2025-12-21
3470,SUP-10,1035,Датчик коленвала,164,1178.00,193192.00,2025-06-18
3471,SUP-01,1032,Сальник коленвала,316,302.40,95558.40,2025-03-22
3472,SUP-08,1056,Щётки стеклоочистителя,41,507.00,20787.00,2025-11-10
3473,SUP-08,1029,Ролик натяжителя ГРМ,299,770.00,230230.00,2025-12-12
3474,SUP-04,1014,Свечи зажигания,130,212.80,27664.00,2025-06-02
3475,SUP-11,1015,Катушка зажигания,33,1856.00,61248.00,2025-12-14
3476,SUP-09,1018,Генератор,128,8060.00,1031680.00,2025-02-06
3477,SUP-06,1025,Пружина подвески,195,2201.00,429195.00,2025-03-08
3478,SUP-12,1054,Фара передняя,368,3840.00,1413120.00,2025-11-18
3479,SUP-04,1049,Бензонасос,185,3528.00,652680.00,2025-01-05
3480,SUP-03,1049,Бензонасос,291,3920.00,1140720.00,2025-07-18
3481,SUP-04,1012,Топливный фильтр,73,591.50,43179.50,2025-08-22
3482,SUP-01,1045,Лампы H7,117,249.60,29203.20,2025-09-14
3483,SUP-03,1053,Жидкость ГУР,271,329.40,89267.40,2025-10-05
3484,SUP-01,1041,Вентилятор охлаждения,309,2580.00,797220.00,2025-10-21
3485,SUP-09,1022,Сайлентблок рычага,320,501.60,160512.00,2025-06-26
3486,SUP-07,1034,Комплект сцепления,211,5978.00,1261358.00,2025-10-24
3487,SUP-11,1043,Аккумулятор 75Ah,315,5915.00,1863225.00,2025-12-26
3488,SUP-11,1035,Датчик коленвала,142,1140.00,161880.00,2025-10-06
3489,SUP-04,1052,Масло АКПП,241,534.00,128694.00,2025-04-23
3490,SUP-03,1020,Амортизатор задний,329,2976.00,979104.00,2025-02-16
3491,SUP-03,1035,Датчик коленвала,215,1140.00,245100.00,2025-11-28
3492,SUP-03,1022,Сайлентблок рычага,102,516.80,52713.60,2025-01-24
3493,SUP-10,1043,Аккумулятор 75Ah,268,6279.00,1682772.00,2025-11-21
3494,SUP-07,1059,Диск сцепления,295,3240.00,955800.00,2025-04-14
3495,SUP-09,1032,Сальник коленвала,350,283.20,99120.00,2025-02-25
3496,SUP-09,1004,Тормозные диски задние,176,3672.00,646272.00,2025-01-02
3497,SUP-11,1027,Опора амортизатора,381,944.00,359664.00,2025-11-14
3498,SUP-07,1042,Аккумулятор 60Ah,164,4752.00,779328.00,2025-12-30
3499,SUP-03,1042,Аккумулятор 60Ah,123,4176.00,513648.00,2025-01-07
3500,SUP-10,1043,Аккумулятор 75Ah,134,6370.00,853580.00,2025-11-06
3501,SUP-07,1016,Высоковольтные провода,185,912.00,168720.00,2025-11-09
3502,SUP-02,1008,Датчик износа колодок,124,455.00,56420.00,2025-05-13
3503,SUP-10,1059,Диск сцепления,130,2970.00,386100.00,2025-06-01
3504,SUP-09,1025,Пружина подвески,326,1953.00,636678.00,2025-10-22
3505,SUP-09,1032,Сальник коленвала,118,345.60,40780.80,2025-09-19
3506,SUP-06,1051,Моторное масло 5W-30,52,482.40,25084.80,2025-05-17
3507,SUP-06,1054,Фара передняя,148,4032.00,596736.00,2025-09-29
3508,SUP-12,1048,Датчик ABS,103,1491.00,153573.00,2025-04-18
3509,SUP-01,1012,Топливный фильтр,167,627.90,104859.30,2025-07-06
3510,SUP-05,1016,Высоковольтные провода,245,1072.00,262640.00,2025-03-10
3511,SUP-11,1010,Воздушный фильтр,270,436.60,117882.00,2025-04-08
3512,SUP-11,1010,Воздушный фильтр,38,429.20,16309.60,2025-11-10
3513,SUP-05,1039,Бачок расширительный,249,980.00,244020.00,2025-11-20
3514,SUP-12,1010,Воздушный фильтр,94,532.80,50083.20,2025-03-17
3515,SUP-12,1059,Диск сцепления,67,3150.00,211050.00,2025-08-17
3516,SUP-02,1042,Аккумулятор 60Ah,151,4392.00,663192.00,2025-07-05
3517,SUP-05,1046,Реле,173,187.60,32454.80,2025-11-24
3518,SUP-12,1032,Сальник коленвала,249,297.60,74102.40,2025-06-06
3519,SUP-03,1004,Тормозные диски задние,193,3726.00,719118.00,2025-10-22
3520,SUP-01,1041,Вентилятор охлаждения,253,2795.00,707135.00,2025-11-03
3521,SUP-11,1043,Аккумулятор 75Ah,138,6370.00,879060.00,2025-12-24
3522,SUP-07,1004,Тормозные диски задние,48,3456.00,165888.00,2025-03-19
3523,SUP-12,1012,Топливный фильтр,245,637.00,156065.00,2025-02-03
3524,SUP-04,1051,Моторное масло 5W-30,199,396.00,78804.00,2025-05-09
3525,SUP-11,1007,Суппорт тормозной,159,5460.00,868140.00,2025-03-12
3526,SUP-10,1015,Катушка зажигания,228,2001.00,456228.00,2025-02-02
3527,SUP-12,1059,Диск сцепления,331,2655.00,878805.00,2025-06-25
3528,SUP-08,1027,Опора амортизатора,270,880.00,237600.00,2025-04-10
3529,SUP-03,1029,Ролик натяжителя ГРМ,175,770.00,134750.00,2025-07-08
3530,SUP-12,1045,Лампы H7,138,257.40,35521.20,2025-10-04
3531,SUP-12,1043,Аккумулятор 75Ah,122,5460.00,666120.00,2025-10-12
3532,SUP-02,1040,Антифриз G12,103,380.80,39222.40,2025-08-22
3533,SUP-11,1036,Радиатор охлаждения,199,4366.00,868834.00,2025-08-28
3534,SUP-01,1012,Топливный фильтр,319,627.90,200300.10,2025-12-10
3535,SUP-12,1028,Ремень ГРМ,121,1008.00,121968.00,2025-05-29
3536,SUP-06,1025,Пружина подвески,286,2108.00,602888.00,2025-10-31
3537,SUP-06,1016,Высоковольтные провода,281,944.00,265264.00,2025-04-13
3538,SUP-12,1053,Жидкость ГУР,347,302.40,104932.80,2025-08-09
3539,SUP-08,1051,Моторное масло 5W-30,313,482.40,150991.20,2025-02-18
3540,SUP-11,1028,Ремень ГРМ,210,1098.00,230580.00,2025-08-19
3541,SUP-01,1044,Лампы H4,39,268.80,10483.20,2025-05-04
3542,SUP-08,1048,Датчик ABS,193,1470.00,283710.00,2025-08-11
3543,SUP-08,1010,Воздушный фильтр,200,407.00,81400.00,2025-10-09
3544,SUP-08,1053,Жидкость ГУР,220,329.40,72468.00,2025-02-08
3545,SUP-07,1051,Моторное масло 5W-30,260,410.40,106704.00,2025-10-27
3546,SUP-04,1054,Фара передняя,179,4224.00,756096.00,2025-09-05
3547,SUP-08,1014,Свечи зажигания,352,273.60,96307.20,2025-01-16
3548,SUP-12,1051,Моторное масло 5W-30,119,453.60,53978.40,2025-10-06
3549,SUP-05,1058,Пыльник ШРУС,35,297.00,10395.00,2025-01-31
3550,SUP-06,1022,Сайлентблок рычага,65,433.20,28158.00,2025-09-05
3551,SUP-09,1062,Насос ГУР,31,7952.00,246512.00,2025-11-06
3552,SUP-04,1058,Пыльник ШРУС,113,334.80,37832.40,2025-07-07
3553,SUP-11,1052,Масло АКПП,379,489.50,185520.50,2025-05-08
3554,SUP-10,1003,Тормозные диски передние,22,4092.00,90024.00,2025-10-13
3555,SUP-09,1011,Фильтр салона,363,476.00,172788.00,2025-02-10
3556,SUP-12,1063,Коврики салона,380,1728.00,656640.00,2025-01-12
3557,SUP-07,1018,Генератор,295,7688.00,2267960.00,2025-05-08
3558,SUP-07,1026,Ступичный подшипник,117,1890.00,221130.00,2025-01-28
3559,SUP-01,1027,Опора амортизатора,164,880.00,144320.00,2025-10-01
3560,SUP-08,1037,Радиатор кондиционера,133,4071.00,541443.00,2025-05-28
3561,SUP-02,1032,Сальник коленвала,224,264.00,59136.00,2025-06-17
3562,SUP-08,1049,Бензонасос,309,3584.00,1107456.00,2025-12-31
3563,SUP-05,1037,Радиатор кондиционера,157,4071.00,639147.00,2025-06-19
3564,SUP-01,1053,Жидкость ГУР,204,307.80,62791.20,2025-01-28
3565,SUP-03,1019,Амортизатор передний,299,3888.00,1162512.00,2025-12-29
3566,SUP-04,1057,ШРУС наружный,377,2911.00,1097447.00,2025-07-30
3567,SUP-04,1002,Тормозные колодки задние,260,1904.00,495040.00,2025-07-30
3568,SUP-06,1006,Тормозная жидкость DOT-5.1,139,631.90,87834.10,2025-05-13
3569,SUP-10,1005,Тормозная жидкость DOT-4,353,310.50,109606.50,2025-02-05
3570,SUP-11,1045,Лампы H7,327,249.60,81619.20,2025-09-02
3571,SUP-03,1056,Щётки стеклоочистителя,279,514.80,143629.20,2025-03-13
3572,SUP-11,1018,Генератор,391,7564.00,2957524.00,2025-03-17
3573,SUP-09,1047,Предохранители набор,396,131.10,51915.60,2025-06-14
3574,SUP-02,1061,Рулевая тяга,125,1260.00,157500.00,2025-12-28
3575,SUP-03,1026,Ступичный подшипник,63,1728.00,108864.00,2025-09-11
3576,SUP-06,1018,Генератор,380,8928.00,3392640.00,2025-08-13
3577,SUP-12,1046,Реле,304,182.00,55328.00,2025-04-24
3578,SUP-07,1039,Бачок расширительный,154,854.00,131516.00,2025-11-09
3579,SUP-06,1024,Рычаг подвески,129,2604.00,335916.00,2025-12-10
3580,SUP-09,1018,Генератор,41,8804.00,360964.00,2025-07-31
3581,SUP-08,1048,Датчик ABS,326,1407.00,458682.00,2025-09-26
3582,SUP-09,1026,Ступичный подшипник,192,1620.00,311040.00,2025-08-16
3583,SUP-10,1063,Коврики салона,46,1440.00,66240.00,2025-07-06
3584,SUP-11,1047,Предохранители набор,122,115.90,14139.80,2025-08-25
3585,SUP-09,1024,Рычаг подвески,281,2436.00,684516.00,2025-12-06
3586,SUP-01,1063,Коврики салона,148,1464.00,216672.00,2025-06-11
3587,SUP-06,1001,Тормозные колодки передние,142,2380.00,337960.00,2025-09-07
3588,SUP-12,1027,Опора амортизатора,298,896.00,267008.00,2025-05-19
3589,SUP-10,1009,Масляный фильтр,200,286.00,57200.00,2025-05-09
3590,SUP-04,1041,Вентилятор охлаждения,46,2408.00,110768.00,2025-05-11
3591,SUP-06,1050,Моторное масло 5W-40,264,428.40,113097.60,2025-04-23
3592,SUP-04,1041,Вентилятор охлаждения,286,3053.00,873158.00,2025-10-24
3593,SUP-02,1060,Рулевой наконечник,114,923.00,105222.00,2025-10-22
3594,SUP-09,1059,Диск сцепления,392,2790.00,1093680.00,2025-01-24
3595,SUP-03,1002,Тормозные колодки задние,83,1848.00,153384.00,2025-09-30
3596,SUP-10,1059,Диск сцепления,244,2790.00,680760.00,2025-05-18
3597,SUP-03,1014,Свечи зажигания,28,212.80,5958.40,2025-05-20
3598,SUP-06,1043,Аккумулятор 75Ah,149,5551.00,827099.00,2025-09-29
3599,SUP-02,1028,Ремень ГРМ,156,1206.00,188136.00,2025-11-09
3600,SUP-12,1035,Датчик коленвала,351,1368.00,480168.00,2025-07-31
3601,SUP-06,1047,Предохранители набор,258,108.30,27941.40,2025-04-16
3602,SUP-12,1061,Рулевая тяга,277,990.00,274230.00,2025-06-30
3603,SUP-03,1036,Радиатор охлаждения,38,4440.00,168720.00,2025-10-03
3604,SUP-10,1016,Высоковольтные провода,46,928.00,42688.00,2025-06-13
3605,SUP-03,1021,Стойка стабилизатора,21,656.60,13788.60,2025-04-10
3606,SUP-02,1025,Пружина подвески,257,2201.00,565657.00,2025-12-06
3607,SUP-01,1035,Датчик коленвала,81,1368.00,110808.00,2025-07-09
3608,SUP-12,1013,Фильтр АКПП,327,1008.00,329616.00,2025-11-15
3609,SUP-07,1035,Датчик коленвала,104,1045.00,108680.00,2025-07-14
3610,SUP-02,1044,Лампы H4,114,231.00,26334.00,2025-08-06
3611,SUP-08,1059,Диск сцепления,33,2835.00,93555.00,2025-11-22
3612,SUP-07,1012,Топливный фильтр,126,618.80,77968.80,2025-05-02
3613,SUP-08,1034,Комплект сцепления,359,5782.00,2075738.00,2025-05-27
3614,SUP-06,1052,Масло АКПП,221,534.00,118014.00,2025-09-17
3615,SUP-01,1044,Лампы H4,277,268.80,74457.60,2025-05-18
3616,SUP-09,1035,Датчик коленвала,397,1140.00,452580.00,2025-04-25
3617,SUP-10,1047,Предохранители набор,226,123.50,27911.00,2025-10-24
3618,SUP-10,1040,Антифриз G12,341,397.60,135581.60,2025-11-14
3619,SUP-05,1007,Суппорт тормозной,362,4524.00,1637688.00,2025-09-21
3620,SUP-07,1041,Вентилятор охлаждения,341,2623.00,894443.00,2025-05-03
3621,SUP-03,1004,Тормозные диски задние,103,3618.00,372654.00,2025-04-15
3622,SUP-09,1030,Помпа водяная,326,2124.00,692424.00,2025-07-25
3623,SUP-11,1054,Фара передняя,247,4608.00,1138176.00,2025-02-09
3624,SUP-09,1033,Термостат,239,649.00,155111.00,2025-08-30
3625,SUP-04,1048,Датчик ABS,181,1239.00,224259.00,2025-10-14
3626,SUP-06,1045,Лампы H7,282,261.30,73686.60,2025-01-21
3627,SUP-12,1058,Пыльник ШРУС,67,340.20,22793.40,2025-05-02
3628,SUP-06,1048,Датчик ABS,113,1302.00,147126.00,2025-09-09
3629,SUP-05,1039,Бачок расширительный,223,910.00,202930.00,2025-02-17
3630,SUP-05,1060,Рулевой наконечник,116,871.00,101036.00,2025-12-25
3631,SUP-10,1050,Моторное масло 5W-40,82,462.40,37916.80,2025-11-27
3632,SUP-05,1038,Патрубок радиатора,167,421.60,70407.20,2025-01-17
3633,SUP-01,1039,Бачок расширительный,88,826.00,72688.00,2025-04-18
3634,SUP-07,1031,Прокладка ГБЦ,130,1320.00,171600.00,2025-06-10
3635,SUP-03,1036,Радиатор охлаждения,272,4588.00,1247936.00,2025-12-09
3636,SUP-06,1021,Стойка стабилизатора,31,637.00,19747.00,2025-03-03
3637,SUP-02,1037,Радиатор кондиционера,188,4830.00,908040.00,2025-01-19
3638,SUP-04,1025,Пружина подвески,65,2015.00,130975.00,2025-05-09
3639,SUP-04,1040,Антифриз G12,52,403.20,20966.40,2025-05-17
3640,SUP-12,1001,Тормозные колодки передние,339,2176.00,737664.00,2025-02-21
3641,SUP-03,1020,Амортизатор задний,71,3360.00,238560.00,2025-03-20
3642,SUP-08,1013,Фильтр АКПП,179,882.00,157878.00,2025-10-11
3643,SUP-04,1003,Тормозные диски передние,327,4464.00,1459728.00,2025-12-10
3644,SUP-11,1048,Датчик ABS,97,1176.00,114072.00,2025-06-09
3645,SUP-04,1022,Сайлентблок рычага,308,509.20,156833.60,2025-12-08
3646,SUP-06,1056,Щётки стеклоочистителя,181,499.20,90355.20,2025-08-06
3647,SUP-12,1061,Рулевая тяга,139,1134.00,157626.00,2025-05-18
3648,SUP-05,1030,Помпа водяная,218,2304.00,502272.00,2025-04-06
3649,SUP-01,1055,Зеркало боковое,56,1760.00,98560.00,2025-10-08
3650,SUP-01,1014,Свечи зажигания,198,224.20,44391.60,2025-07-06
3651,SUP-05,1046,Реле,194,193.20,37480.80,2025-03-18
3652,SUP-09,1058,Пыльник ШРУС,200,313.20,62640.00,2025-10-02
3653,SUP-07,1013,Фильтр АКПП,320,924.00,295680.00,2025-08-06
3654,SUP-09,1061,Рулевая тяга,173,1188.00,205524.00,2025-04-12
3655,SUP-04,1052,Масло АКПП,214,596.30,127608.20,2025-01-10
3656,SUP-12,1041,Вентилятор охлаждения,149,3053.00,454897.00,2025-06-17
3657,SUP-12,1027,Опора амортизатора,361,1072.00,386992.00,2025-04-29
3658,SUP-05,1002,Тормозные колодки задние,312,1624.00,506688.00,2025-06-16
3659,SUP-08,1009,Масляный фильтр,226,286.00,64636.00,2025-06-24
3660,SUP-04,1018,Генератор,284,8928.00,2535552.00,2025-03-01
3661,SUP-07,1049,Бензонасос,297,3752.00,1114344.00,2025-09-29
3662,SUP-05,1018,Генератор,325,8928.00,2901600.00,2025-01-24
3663,SUP-11,1046,Реле,207,193.20,39992.40,2025-10-11
3664,SUP-10,1020,Амортизатор задний,29,3456.00,100224.00,2025-03-08
3665,SUP-09,1028,Ремень ГРМ,276,1206.00,332856.00,2025-06-06
3666,SUP-07,1035,Датчик коленвала,349,1254.00,437646.00,2025-06-13
3667,SUP-09,1030,Помпа водяная,188,2520.00,473760.00,2025-02-12
3668,SUP-03,1048,Датчик ABS,154,1323.00,203742.00,2025-07-20
3669,SUP-08,1008,Датчик износа колодок,372,383.50,142662.00,2025-09-25
3670,SUP-05,1013,Фильтр АКПП,239,966.00,230874.00,2025-09-10
3671,SUP-07,1027,Опора амортизатора,100,880.00,88000.00,2025-12-05
3672,SUP-10,1011,Фильтр салона,290,435.20,126208.00,2025-11-21
3673,SUP-09,1062,Насос ГУР,329,7280.00,2395120.00,2025-02-25
3674,SUP-09,1054,Фара передняя,308,3904.00,1202432.00,2025-09-22
3675,SUP-08,1028,Ремень ГРМ,381,1026.00,390906.00,2025-04-05
3676,SUP-07,1017,Стартер,162,5874.00,951588.00,2025-03-17
3677,SUP-11,1038,Патрубок радиатора,63,372.00,23436.00,2025-05-07
3678,SUP-04,1060,Рулевой наконечник,280,858.00,240240.00,2025-09-21
3679,SUP-06,1056,Щётки стеклоочистителя,381,452.40,172364.40,2025-05-25
3680,SUP-09,1003,Тормозные диски передние,363,4154.00,1507902.00,2025-07-18
3681,SUP-08,1008,Датчик износа колодок,79,370.50,29269.50,2025-09-11
3682,SUP-09,1052,Масло АКПП,139,596.30,82885.70,2025-09-29
3683,SUP-08,1035,Датчик коленвала,89,1235.00,109915.00,2025-03-18
3684,SUP-05,1020,Амортизатор задний,165,3216.00,530640.00,2025-06-28
3685,SUP-04,1055,Зеркало боковое,124,2240.00,277760.00,2025-07-12
3686,SUP-09,1063,Коврики салона,154,1464.00,225456.00,2025-02-19
3687,SUP-05,1018,Генератор,65,7936.00,515840.00,2025-02-16
3688,SUP-09,1041,Вентилятор охлаждения,274,2967.00,812958.00,2025-09-21
3689,SUP-02,1018,Генератор,286,6820.00,1950520.00,2025-01-03
3690,SUP-07,1006,Тормозная жидкость DOT-5.1,47,516.20,24261.40,2025-05-31
3691,SUP-12,1042,Аккумулятор 60Ah,120,4824.00,578880.00,2025-10-02
3692,SUP-04,1027,Опора амортизатора,44,896.00,39424.00,2025-04-20
3693,SUP-02,1022,Сайлентблок рычага,364,547.20,199180.80,2025-03-31
3694,SUP-05,1018,Генератор,117,7316.00,855972.00,2025-02-15
3695,SUP-11,1027,Опора амортизатора,225,944.00,212400.00,2025-11-15
3696,SUP-03,1022,Сайлентблок рычага,148,547.20,80985.60,2025-04-25
3697,SUP-06,1010,Воздушный фильтр,339,458.80,155533.20,2025-04-02
3698,SUP-01,1037,Радиатор кондиционера,212,4347.00,921564.00,2025-12-20
3699,SUP-06,1063,Коврики салона,248,1584.00,392832.00,2025-07-17
3700,SUP-12,1061,Рулевая тяга,39,1206.00,47034.00,2025-09-03
3701,SUP-10,1010,Воздушный фильтр,162,421.80,68331.60,2025-02-19
3702,SUP-12,1030,Помпа водяная,354,2520.00,892080.00,2025-06-18
3703,SUP-02,1003,Тормозные диски передние,156,3906.00,609336.00,2025-09-30
3704,SUP-10,1001,Тормозные колодки передние,26,2210.00,57460.00,2025-05-04
3705,SUP-06,1006,Тормозная жидкость DOT-5.1,121,542.90,65690.90,2025-12-22
3706,SUP-07,1061,Рулевая тяга,52,1098.00,57096.00,2025-09-01
3707,SUP-10,1008,Датчик износа колодок,249,422.50,105202.50,2025-01-17
3708,SUP-03,1024,Рычаг подвески,195,2856.00,556920.00,2025-11-28
3709,SUP-11,1024,Рычаг подвески,256,2478.00,634368.00,2025-06-18
3710,SUP-06,1055,Зеркало боковое,344,2112.00,726528.00,2025-12-03
3711,SUP-04,1053,Жидкость ГУР,101,356.40,35996.40,2025-01-21
3712,SUP-06,1041,Вентилятор охлаждения,195,2408.00,469560.00,2025-04-30
3713,SUP-11,1006,Тормозная жидкость DOT-5.1,58,516.20,29939.60,2025-05-21
3714,SUP-07,1009,Масляный фильтр,350,358.80,125580.00,2025-05-07
3715,SUP-07,1017,Стартер,295,5963.00,1759085.00,2025-12-07
3716,SUP-10,1012,Топливный фильтр,397,637.00,252889.00,2025-08-13
3717,SUP-06,1004,Тормозные диски задние,92,3024.00,278208.00,2025-01-14
3718,SUP-06,1036,Радиатор охлаждения,366,4736.00,1733376.00,2025-04-20
3719,SUP-10,1004,Тормозные диски задние,101,3456.00,349056.00,2025-08-27
3720,SUP-04,1010,Воздушный фильтр,355,525.40,186517.00,2025-04-09
3721,SUP-01,1029,Ролик натяжителя ГРМ,98,826.00,80948.00,2025-03-24
3722,SUP-04,1037,Радиатор кондиционера,374,4140.00,1548360.00,2025-01-25
3723,SUP-02,1003,Тормозные диски передние,99,3472.00,343728.00,2025-06-04
3724,SUP-03,1047,Предохранители набор,369,125.40,46272.60,2025-03-16
3725,SUP-03,1007,Суппорт тормозной,31,4290.00,132990.00,2025-08-29
3726,SUP-11,1004,Тормозные диски задние,298,3726.00,1110348.00,2025-12-16
3727,SUP-06,1005,Тормозная жидкость DOT-4,339,301.50,102208.50,2025-12-12
3728,SUP-08,1042,Аккумулятор 60Ah,360,4392.00,1581120.00,2025-11-21
3729,SUP-04,1011,Фильтр салона,125,421.60,52700.00,2025-07-21
3730,SUP-02,1032,Сальник коленвала,248,297.60,73804.80,2025-02-10
3731,SUP-04,1013,Фильтр АКПП,173,854.00,147742.00,2025-11-10
3732,SUP-10,1022,Сайлентблок рычага,152,539.60,82019.20,2025-05-22
3733,SUP-07,1045,Лампы H7,324,273.00,88452.00,2025-03-31
3734,SUP-12,1020,Амортизатор задний,224,3264.00,731136.00,2025-07-02
3735,SUP-04,1034,Комплект сцепления,283,6272.00,1774976.00,2025-11-11
3736,SUP-08,1028,Ремень ГРМ,88,1170.00,102960.00,2025-03-28
3737,SUP-03,1056,Щётки стеклоочистителя,320,444.60,142272.00,2025-03-11
3738,SUP-11,1049,Бензонасос,110,3080.00,338800.00,2025-08-30
3739,SUP-04,1025,Пружина подвески,111,2139.00,237429.00,2025-05-29
3740,SUP-02,1008,Датчик износа колодок,369,390.00,143910.00,2025-01-05
3741,SUP-07,1007,Суппорт тормозной,108,5148.00,555984.00,2025-08-12
3742,SUP-02,1053,Жидкость ГУР,369,329.40,121548.60,2025-11-09
3743,SUP-02,1061,Рулевая тяга,131,1080.00,141480.00,2025-09-10
3744,SUP-01,1012,Топливный фильтр,156,500.50,78078.00,2025-04-27
3745,SUP-12,1056,Щётки стеклоочистителя,155,491.40,76167.00,2025-07-15
3746,SUP-05,1023,Шаровая опора,200,797.50,159500.00,2025-01-12
3747,SUP-10,1048,Датчик ABS,26,1344.00,34944.00,2025-12-26
3748,SUP-02,1058,Пыльник ШРУС,34,372.60,12668.40,2025-05-04
3749,SUP-11,1026,Ступичный подшипник,50,1782.00,89100.00,2025-06-13
3750,SUP-09,1041,Вентилятор охлаждения,346,2795.00,967070.00,2025-11-06
3751,SUP-12,1050,Моторное масло 5W-40,151,387.60,58527.60,2025-12-15
3752,SUP-08,1047,Предохранители набор,47,131.10,6161.70,2025-10-15
3753,SUP-03,1012,Топливный фильтр,122,591.50,72163.00,2025-04-20
3754,SUP-01,1010,Воздушный фильтр,296,495.80,146756.80,2025-10-06
3755,SUP-02,1039,Бачок расширительный,262,980.00,256760.00,2025-06-19
3756,SUP-08,1053,Жидкость ГУР,324,356.40,115473.60,2025-02-26
3757,SUP-09,1022,Сайлентблок рычага,304,532.00,161728.00,2025-02-15
3758,SUP-11,1028,Ремень ГРМ,322,1170.00,376740.00,2025-09-13
3759,SUP-06,1042,Аккумулятор 60Ah,266,4752.00,1264032.00,2025-03-25
3760,SUP-12,1033,Термостат,316,627.00,198132.00,2025-11-01
3761,SUP-05,1025,Пружина подвески,122,2139.00,260958.00,2025-09-09
3762,SUP-10,1059,Диск сцепления,368,3060.00,1126080.00,2025-12-21
3763,SUP-02,1046,Реле,306,184.80,56548.80,2025-05-17
3764,SUP-12,1047,Предохранители набор,374,136.80,51163.20,2025-06-24
3765,SUP-05,1059,Диск сцепления,140,2745.00,384300.00,2025-07-04
3766,SUP-03,1050,Моторное масло 5W-40,355,435.20,154496.00,2025-04-18
3767,SUP-10,1002,Тормозные колодки задние,358,1960.00,701680.00,2025-12-01
3768,SUP-06,1015,Катушка зажигания,109,1798.00,195982.00,2025-11-03
3769,SUP-12,1012,Топливный фильтр,206,500.50,103103.00,2025-07-18
3770,SUP-08,1048,Датчик ABS,139,1323.00,183897.00,2025-10-22
3771,SUP-12,1063,Коврики салона,169,1392.00,235248.00,2025-12-19
3772,SUP-02,1007,Суппорт тормозной,211,4992.00,1053312.00,2025-01-26
3773,SUP-05,1009,Масляный фильтр,291,374.40,108950.40,2025-01-16
3774,SUP-01,1005,Тормозная жидкость DOT-4,77,261.00,20097.00,2025-05-02
3775,SUP-03,1048,Датчик ABS,95,1407.00,133665.00,2025-11-23
3776,SUP-08,1051,Моторное масло 5W-30,103,446.40,45979.20,2025-12-25
3777,SUP-03,1012,Топливный фильтр,394,536.90,211538.60,2025-03-19
3778,SUP-01,1035,Датчик коленвала,181,1330.00,240730.00,2025-06-05
3779,SUP-01,1029,Ролик натяжителя ГРМ,374,868.00,324632.00,2025-05-21
3780,SUP-06,1056,Щётки стеклоочистителя,388,475.80,184610.40,2025-10-06
3781,SUP-08,1061,Рулевая тяга,342,1026.00,350892.00,2025-12-08
3782,SUP-07,1059,Диск сцепления,227,2745.00,623115.00,2025-03-06
3783,SUP-06,1061,Рулевая тяга,170,1278.00,217260.00,2025-06-15
3784,SUP-11,1006,Тормозная жидкость DOT-5.1,44,542.90,23887.60,2025-02-06
3785,SUP-01,1002,Тормозные колодки задние,67,1680.00,112560.00,2025-09-12
3786,SUP-08,1039,Бачок расширительный,46,980.00,45080.00,2025-05-17
3787,SUP-12,1040,Антифриз G12,145,341.60,49532.00,2025-09-10
3788,SUP-02,1064,Компрессор кондиционера,172,12096.00,2080512.00,2025-08-13
3789,SUP-11,1054,Фара передняя,147,3648.00,536256.00,2025-05-22
3790,SUP-09,1019,Амортизатор передний,170,3348.00,569160.00,2025-02-04
3791,SUP-01,1024,Рычаг подвески,219,2982.00,653058.00,2025-12-22
3792,SUP-03,1046,Реле,203,184.80,37514.40,2025-10-11
3793,SUP-09,1053,Жидкость ГУР,387,388.80,150465.60,2025-04-27
3794,SUP-03,1060,Рулевой наконечник,309,754.00,232986.00,2025-07-08
3795,SUP-09,1059,Диск сцепления,250,2835.00,708750.00,2025-10-16
3796,SUP-10,1005,Тормозная жидкость DOT-4,122,292.50,35685.00,2025-05-02
3797,SUP-03,1050,Моторное масло 5W-40,65,469.20,30498.00,2025-07-04
3798,SUP-05,1013,Фильтр АКПП,383,924.00,353892.00,2025-07-24
3799,SUP-01,1055,Зеркало боковое,315,1824.00,574560.00,2025-09-20
3800,SUP-09,1033,Термостат,239,627.00,149853.00,2025-10-10
3801,SUP-06,1029,Ролик натяжителя ГРМ,21,840.00,17640.00,2025-06-13
3802,SUP-03,1028,Ремень ГРМ,371,1152.00,427392.00,2025-10-24
3803,SUP-08,1024,Рычаг подвески,292,2814.00,821688.00,2025-09-23
3804,SUP-10,1032,Сальник коленвала,302,340.80,102921.60,2025-12-02
3805,SUP-07,1050,Моторное масло 5W-40,76,489.60,37209.60,2025-09-07
3806,SUP-10,1035,Датчик коленвала,237,1311.00,310707.00,2025-12-22
3807,SUP-07,1064,Компрессор кондиционера,349,11088.00,3869712.00,2025-11-12
3808,SUP-06,1011,Фильтр салона,62,448.80,27825.60,2025-02-06
3809,SUP-03,1005,Тормозная жидкость DOT-4,222,265.50,58941.00,2025-04-11
3810,SUP-04,1012,Топливный фильтр,389,627.90,244253.10,2025-11-19
3811,SUP-04,1038,Патрубок радиатора,296,415.40,122958.40,2025-12-23
3812,SUP-08,1038,Патрубок радиатора,91,353.40,32159.40,2025-05-23
3813,SUP-01,1029,Ролик натяжителя ГРМ,161,882.00,142002.00,2025-07-31
3814,SUP-10,1020,Амортизатор задний,327,3264.00,1067328.00,2025-01-07
3815,SUP-05,1025,Пружина подвески,116,2139.00,248124.00,2025-04-26
3816,SUP-04,1007,Суппорт тормозной,154,4602.00,708708.00,2025-04-23
3817,SUP-06,1014,Свечи зажигания,205,250.80,51414.00,2025-02-20
3818,SUP-07,1053,Жидкость ГУР,101,356.40,35996.40,2025-11-13
3819,SUP-09,1016,Высоковольтные провода,378,1120.00,423360.00,2025-04-14
3820,SUP-08,1010,Воздушный фильтр,109,407.00,44363.00,2025-11-12
3821,SUP-02,1050,Моторное масло 5W-40,131,482.80,63246.80,2025-02-01
3822,SUP-04,1015,Катушка зажигания,287,2001.00,574287.00,2025-03-25
3823,SUP-08,1006,Тормозная жидкость DOT-5.1,364,560.70,204094.80,2025-09-07
3824,SUP-02,1062,Насос ГУР,36,6720.00,241920.00,2025-10-30
3825,SUP-04,1013,Фильтр АКПП,35,924.00,32340.00,2025-01-05
3826,SUP-08,1045,Лампы H7,266,261.30,69505.80,2025-08-29
3827,SUP-01,1041,Вентилятор охлаждения,267,3053.00,815151.00,2025-10-10
3828,SUP-07,1027,Опора амортизатора,328,960.00,314880.00,2025-01-23
3829,SUP-12,1012,Топливный фильтр,36,518.70,18673.20,2025-08-19
3830,SUP-07,1020,Амортизатор задний,86,3456.00,297216.00,2025-07-10
3831,SUP-06,1035,Датчик коленвала,382,1273.00,486286.00,2025-07-28
3832,SUP-10,1060,Рулевой наконечник,330,858.00,283140.00,2025-05-03
3833,SUP-12,1016,Высоковольтные провода,184,1104.00,203136.00,2025-05-26
3834,SUP-07,1060,Рулевой наконечник,69,897.00,61893.00,2025-07-09
3835,SUP-03,1032,Сальник коленвала,67,321.60,21547.20,2025-02-20
3836,SUP-05,1064,Компрессор кондиционера,49,10752.00,526848.00,2025-08-11
3837,SUP-09,1057,ШРУС наружный,347,2378.00,825166.00,2025-08-03
3838,SUP-12,1047,Предохранители набор,324,104.50,33858.00,2025-07-24
3839,SUP-12,1040,Антифриз G12,376,392.00,147392.00,2025-03-16
3840,SUP-07,1052,Масло АКПП,65,605.20,39338.00,2025-09-29
3841,SUP-04,1048,Датчик ABS,360,1344.00,483840.00,2025-09-21
3842,SUP-06,1058,Пыльник ШРУС,359,345.60,124070.40,2025-10-21
3843,SUP-04,1046,Реле,133,159.60,21226.80,2025-10-04
3844,SUP-12,1027,Опора амортизатора,220,944.00,207680.00,2025-09-26
3845,SUP-02,1030,Помпа водяная,146,2268.00,331128.00,2025-09-13
3846,SUP-07,1052,Масло АКПП,139,551.80,76700.20,2025-11-09
3847,SUP-09,1023,Шаровая опора,356,913.50,325206.00,2025-09-04
3848,SUP-05,1052,Масло АКПП,322,525.10,169082.20,2025-05-17
3849,SUP-03,1040,Антифриз G12,167,364.00,60788.00,2025-04-19
3850,SUP-06,1050,Моторное масло 5W-40,327,469.20,153428.40,2025-02-17
3851,SUP-10,1052,Масло АКПП,48,542.90,26059.20,2025-12-20
3852,SUP-07,1014,Свечи зажигания,241,266.00,64106.00,2025-09-12
3853,SUP-08,1023,Шаровая опора,177,899.00,159123.00,2025-03-21
3854,SUP-08,1008,Датчик износа колодок,77,468.00,36036.00,2025-12-02
3855,SUP-02,1034,Комплект сцепления,200,5880.00,1176000.00,2025-09-13
3856,SUP-10,1014,Свечи зажигания,48,258.40,12403.20,2025-04-25
3857,SUP-12,1029,Ролик натяжителя ГРМ,235,882.00,207270.00,2025-06-24
3858,SUP-01,1056,Щётки стеклоочистителя,163,460.20,75012.60,2025-12-30
3859,SUP-08,1043,Аккумулятор 75Ah,392,5369.00,2104648.00,2025-07-26
3860,SUP-07,1062,Насос ГУР,256,8064.00,2064384.00,2025-03-27
3861,SUP-08,1033,Термостат,68,715.00,48620.00,2025-10-14
3862,SUP-09,1015,Катушка зажигания,66,1856.00,122496.00,2025-01-02
3863,SUP-03,1011,Фильтр салона,241,380.80,91772.80,2025-08-26
3864,SUP-07,1005,Тормозная жидкость DOT-4,300,324.00,97200.00,2025-09-01
3865,SUP-12,1007,Суппорт тормозной,36,4992.00,179712.00,2025-07-26
3866,SUP-07,1041,Вентилятор охлаждения,120,2709.00,325080.00,2025-06-09
3867,SUP-06,1029,Ролик натяжителя ГРМ,194,1008.00,195552.00,2025-11-25
3868,SUP-05,1035,Датчик коленвала,257,1045.00,268565.00,2025-11-20
3869,SUP-02,1051,Моторное масло 5W-30,331,410.40,135842.40,2025-05-14
3870,SUP-01,1047,Предохранители набор,159,114.00,18126.00,2025-10-04
3871,SUP-04,1044,Лампы H4,285,247.80,70623.00,2025-09-30
3872,SUP-11,1051,Моторное масло 5W-30,187,417.60,78091.20,2025-08-15
3873,SUP-01,1018,Генератор,184,7192.00,1323328.00,2025-10-29
3874,SUP-10,1028,Ремень ГРМ,335,1152.00,385920.00,2025-12-10
3875,SUP-04,1010,Воздушный фильтр,47,466.20,21911.40,2025-02-25
3876,SUP-04,1048,Датчик ABS,136,1470.00,199920.00,2025-12-02
3877,SUP-10,1032,Сальник коленвала,298,268.80,80102.40,2025-04-16
3878,SUP-01,1052,Масло АКПП,305,569.60,173728.00,2025-11-15
3879,SUP-01,1050,Моторное масло 5W-40,63,394.40,24847.20,2025-02-25
3880,SUP-03,1005,Тормозная жидкость DOT-4,30,252.00,7560.00,2025-02-05
3881,SUP-05,1006,Тормозная жидкость DOT-5.1,298,569.60,169740.80,2025-01-31
3882,SUP-12,1015,Катушка зажигания,174,1595.00,277530.00,2025-01-25
3883,SUP-05,1061,Рулевая тяга,85,990.00,84150.00,2025-03-03
3884,SUP-11,1024,Рычаг подвески,351,2814.00,987714.00,2025-09-08
3885,SUP-01,1052,Масло АКПП,167,596.30,99582.10,2025-04-12
3886,SUP-08,1029,Ролик натяжителя ГРМ,127,840.00,106680.00,2025-07-08
3887,SUP-03,1020,Амортизатор задний,324,3072.00,995328.00,2025-07-06
3888,SUP-01,1010,Воздушный фильтр,103,466.20,48018.60,2025-11-07
3889,SUP-11,1016,Высоковольтные провода,293,960.00,281280.00,2025-03-15
3890,SUP-05,1044,Лампы H4,119,298.20,35485.80,2025-10-23
3891,SUP-11,1020,Амортизатор задний,118,2784.00,328512.00,2025-03-08
3892,SUP-09,1059,Диск сцепления,118,3105.00,366390.00,2025-07-31
3893,SUP-10,1061,Рулевая тяга,196,1134.00,222264.00,2025-07-15
3894,SUP-07,1001,Тормозные колодки передние,220,2040.00,448800.00,2025-01-19
3895,SUP-05,1033,Термостат,159,682.00,108438.00,2025-10-08
3896,SUP-05,1035,Датчик коленвала,181,1216.00,220096.00,2025-07-23
3897,SUP-08,1051,Моторное масло 5W-30,323,410.40,132559.20,2025-10-23
3898,SUP-09,1063,Коврики салона,44,1680.00,73920.00,2025-12-02
3899,SUP-05,1013,Фильтр АКПП,250,770.00,192500.00,2025-03-06
3900,SUP-12,1036,Радиатор охлаждения,94,4514.00,424316.00,2025-07-04
3901,SUP-07,1030,Помпа водяная,53,2232.00,118296.00,2025-08-04
3902,SUP-05,1008,Датчик износа колодок,146,390.00,56940.00,2025-10-03
3903,SUP-05,1050,Моторное масло 5W-40,144,414.80,59731.20,2025-09-03
3904,SUP-01,1002,Тормозные колодки задние,90,1736.00,156240.00,2025-09-13
3905,SUP-09,1055,Зеркало боковое,243,2112.00,513216.00,2025-06-15
3906,SUP-12,1008,Датчик износа колодок,309,416.00,128544.00,2025-02-04
3907,SUP-06,1060,Рулевой наконечник,214,715.00,153010.00,2025-07-23
3908,SUP-04,1049,Бензонасос,150,3248.00,487200.00,2025-04-14
3909,SUP-01,1007,Суппорт тормозной,21,5148.00,108108.00,2025-01-31
3910,SUP-07,1041,Вентилятор охлаждения,36,2795.00,100620.00,2025-08-27
3911,SUP-10,1013,Фильтр АКПП,279,868.00,242172.00,2025-07-15
3912,SUP-05,1055,Зеркало боковое,94,2080.00,195520.00,2025-07-09
3913,SUP-10,1023,Шаровая опора,163,971.50,158354.50,2025-11-20
3914,SUP-12,1002,Тормозные колодки задние,249,1960.00,488040.00,2025-02-05
3915,SUP-06,1045,Лампы H7,345,230.10,79384.50,2025-05-04
3916,SUP-10,1024,Рычаг подвески,320,2772.00,887040.00,2025-09-01
3917,SUP-03,1021,Стойка стабилизатора,245,695.80,170471.00,2025-09-04
3918,SUP-01,1005,Тормозная жидкость DOT-4,312,261.00,81432.00,2025-02-09
3919,SUP-07,1008,Датчик износа колодок,172,370.50,63726.00,2025-09-29
3920,SUP-06,1006,Тормозная жидкость DOT-5.1,264,507.30,133927.20,2025-06-17
3921,SUP-01,1059,Диск сцепления,350,2925.00,1023750.00,2025-10-28
3922,SUP-09,1048,Датчик ABS,335,1344.00,450240.00,2025-07-01
3923,SUP-08,1055,Зеркало боковое,267,1792.00,478464.00,2025-10-04
3924,SUP-10,1032,Сальник коленвала,60,331.20,19872.00,2025-02-04
3925,SUP-08,1038,Патрубок радиатора,324,341.00,110484.00,2025-01-26
3926,SUP-04,1024,Рычаг подвески,213,2688.00,572544.00,2025-10-01
3927,SUP-06,1007,Суппорт тормозной,213,5070.00,1079910.00,2025-04-28
3928,SUP-04,1048,Датчик ABS,395,1407.00,555765.00,2025-10-28
3929,SUP-03,1009,Масляный фильтр,383,296.40,113521.20,2025-09-06
3930,SUP-09,1021,Стойка стабилизатора,155,686.00,106330.00,2025-09-06
3931,SUP-07,1029,Ролик натяжителя ГРМ,101,840.00,84840.00,2025-10-06
3932,SUP-03,1013,Фильтр АКПП,144,882.00,127008.00,2025-12-08
3933,SUP-10,1056,Щётки стеклоочистителя,348,530.40,184579.20,2025-10-16
3934,SUP-09,1047,Предохранители набор,234,119.70,28009.80,2025-08-26
3935,SUP-08,1044,Лампы H4,74,277.20,20512.80,2025-03-26
3936,SUP-01,1033,Термостат,24,605.00,14520.00,2025-01-06
3937,SUP-01,1047,Предохранители набор,148,123.50,18278.00,2025-10-18
3938,SUP-04,1019,Амортизатор передний,149,3132.00,466668.00,2025-08-22
3939,SUP-12,1007,Суппорт тормозной,225,5148.00,1158300.00,2025-02-26
3940,SUP-07,1020,Амортизатор задний,276,3360.00,927360.00,2025-11-18
3941,SUP-10,1006,Тормозная жидкость DOT-5.1,88,605.20,53257.60,2025-07-16
3942,SUP-10,1040,Антифриз G12,207,341.60,70711.20,2025-06-11
3943,SUP-10,1055,Зеркало боковое,281,1760.00,494560.00,2025-07-21
3944,SUP-01,1021,Стойка стабилизатора,385,568.40,218834.00,2025-02-26
3945,SUP-11,1012,Топливный фильтр,25,564.20,14105.00,2025-01-16
3946,SUP-12,1003,Тормозные диски передние,198,4340.00,859320.00,2025-11-22
3947,SUP-12,1064,Компрессор кондиционера,289,11928.00,3447192.00,2025-03-24
3948,SUP-10,1050,Моторное масло 5W-40,286,489.60,140025.60,2025-08-10
3949,SUP-07,1009,Масляный фильтр,277,369.20,102268.40,2025-08-20
3950,SUP-08,1043,Аккумулятор 75Ah,276,6370.00,1758120.00,2025-08-07
3951,SUP-08,1049,Бензонасос,164,3136.00,514304.00,2025-04-14
3952,SUP-09,1037,Радиатор кондиционера,133,4278.00,568974.00,2025-08-27
3953,SUP-07,1014,Свечи зажигания,54,243.20,13132.80,2025-01-05
3954,SUP-06,1064,Компрессор кондиционера,289,11592.00,3350088.00,2025-09-01
3955,SUP-03,1024,Рычаг подвески,397,3024.00,1200528.00,2025-12-20
3956,SUP-08,1025,Пружина подвески,193,1922.00,370946.00,2025-01-20
3957,SUP-07,1004,Тормозные диски задние,49,3834.00,187866.00,2025-02-18
3958,SUP-06,1049,Бензонасос,198,3136.00,620928.00,2025-02-03
3959,SUP-08,1009,Масляный фильтр,289,317.20,91670.80,2025-03-15
3960,SUP-03,1002,Тормозные колодки задние,99,1568.00,155232.00,2025-12-04
3961,SUP-01,1022,Сайлентблок рычага,115,440.80,50692.00,2025-01-30
3962,SUP-12,1046,Реле,206,190.40,39222.40,2025-06-18
3963,SUP-03,1032,Сальник коленвала,232,297.60,69043.20,2025-08-01
3964,SUP-05,1052,Масло АКПП,83,614.10,50970.30,2025-11-30
3965,SUP-05,1034,Комплект сцепления,294,6664.00,1959216.00,2025-06-03
3966,SUP-11,1058,Пыльник ШРУС,180,388.80,69984.00,2025-12-13
3967,SUP-03,1004,Тормозные диски задние,302,3780.00,1141560.00,2025-05-05
3968,SUP-02,1004,Тормозные диски задние,140,3618.00,506520.00,2025-09-07
3969,SUP-08,1049,Бензонасос,387,3584.00,1387008.00,2025-10-29
3970,SUP-05,1030,Помпа водяная,179,2160.00,386640.00,2025-03-18
3971,SUP-10,1059,Диск сцепления,208,2700.00,561600.00,2025-07-03
3972,SUP-09,1045,Лампы H7,364,245.70,89434.80,2025-03-24
3973,SUP-03,1052,Масло АКПП,218,507.30,110591.40,2025-02-13
3974,SUP-02,1054,Фара передняя,58,4224.00,244992.00,2025-08-02
3975,SUP-12,1047,Предохранители набор,312,133.00,41496.00,2025-12-01
3976,SUP-06,1036,Радиатор охлаждения,95,5254.00,499130.00,2025-12-18
3977,SUP-08,1030,Помпа водяная,89,2520.00,224280.00,2025-06-22
3978,SUP-02,1001,Тормозные колодки передние,378,2142.00,809676.00,2025-03-25
3979,SUP-10,1029,Ролик натяжителя ГРМ,367,966.00,354522.00,2025-10-11
3980,SUP-09,1059,Диск сцепления,161,2700.00,434700.00,2025-08-17
3981,SUP-03,1053,Жидкость ГУР,154,367.20,56548.80,2025-09-18
3982,SUP-12,1016,Высоковольтные провода,222,896.00,198912.00,2025-06-25
3983,SUP-04,1035,Датчик коленвала,66,1102.00,72732.00,2025-04-12
3984,SUP-02,1020,Амортизатор задний,263,2736.00,719568.00,2025-09-12
3985,SUP-08,1032,Сальник коленвала,179,307.20,54988.80,2025-07-08
3986,SUP-04,1045,Лампы H7,317,241.80,76650.60,2025-10-06
3987,SUP-10,1035,Датчик коленвала,152,1311.00,199272.00,2025-05-25
3988,SUP-08,1022,Сайлентблок рычага,176,532.00,93632.00,2025-06-14
3989,SUP-10,1047,Предохранители набор,42,121.60,5107.20,2025-05-13
3990,SUP-06,1040,Антифриз G12,184,336.00,61824.00,2025-08-11
3991,SUP-07,1041,Вентилятор охлаждения,72,2623.00,188856.00,2025-12-08
3992,SUP-04,1054,Фара передняя,136,4352.00,591872.00,2025-01-25
3993,SUP-07,1028,Ремень ГРМ,195,1206.00,235170.00,2025-10-21
3994,SUP-06,1024,Рычаг подвески,315,2688.00,846720.00,2025-07-13
3995,SUP-08,1002,Тормозные колодки задние,283,1652.00,467516.00,2025-04-15
3996,SUP-10,1031,Прокладка ГБЦ,24,1232.00,29568.00,2025-05-19
3997,SUP-10,1029,Ролик натяжителя ГРМ,88,924.00,81312.00,2025-06-05
3998,SUP-07,1033,Термостат,29,660.00,19140.00,2025-11-23
3999,SUP-04,1040,Антифриз G12,377,397.60,149895.20,2025-07-01
4000,SUP-03,1010,Воздушный фильтр,277,510.60,141436.20,2025-07-17
4001,SUP-05,1045,Лампы H7,353,269.10,94992.30,2025-06-27
4002,SUP-05,1053,Жидкость ГУР,204,388.80,79315.20,2025-07-21
4003,SUP-08,1028,Ремень ГРМ,220,1098.00,241560.00,2025-08-02
4004,SUP-03,1003,Тормозные диски передние,190,3658.00,695020.00,2025-08-12
4005,SUP-09,1010,Воздушный фильтр,221,525.40,116113.40,2025-02-04
4006,SUP-09,1049,Бензонасос,45,3640.00,163800.00,2025-04-24
4007,SUP-12,1060,Рулевой наконечник,40,806.00,32240.00,2025-10-19
4008,SUP-09,1021,Стойка стабилизатора,193,637.00,122941.00,2025-04-21
4009,SUP-12,1010,Воздушный фильтр,89,429.20,38198.80,2025-10-06
4010,SUP-04,1006,Тормозная жидкость DOT-5.1,326,569.60,185689.60,2025-11-23
4011,SUP-03,1036,Радиатор охлаждения,209,4144.00,866096.00,2025-05-05
4012,SUP-07,1015,Катушка зажигания,110,1711.00,188210.00,2025-11-21
4013,SUP-04,1063,Коврики салона,70,1536.00,107520.00,2025-02-22
4014,SUP-12,1036,Радиатор охлаждения,389,4736.00,1842304.00,2025-12-26
4015,SUP-06,1013,Фильтр АКПП,315,938.00,295470.00,2025-05-20
4016,SUP-03,1035,Датчик коленвала,153,1140.00,174420.00,2025-06-17
4017,SUP-06,1030,Помпа водяная,63,2268.00,142884.00,2025-08-25
4018,SUP-10,1008,Датчик износа колодок,228,429.00,97812.00,2025-03-30
4019,SUP-08,1055,Зеркало боковое,361,1920.00,693120.00,2025-06-10
4020,SUP-09,1016,Высоковольтные провода,169,880.00,148720.00,2025-06-11
4021,SUP-02,1051,Моторное масло 5W-30,326,511.20,166651.20,2025-01-31
4022,SUP-06,1007,Суппорт тормозной,340,5226.00,1776840.00,2025-03-25
4023,SUP-07,1012,Топливный фильтр,200,591.50,118300.00,2025-05-29
4024,SUP-03,1042,Аккумулятор 60Ah,127,4896.00,621792.00,2025-12-08
4025,SUP-07,1010,Воздушный фильтр,385,473.60,182336.00,2025-02-24
4026,SUP-01,1033,Термостат,80,682.00,54560.00,2025-02-15
4027,SUP-12,1004,Тормозные диски задние,71,3456.00,245376.00,2025-08-30
4028,SUP-06,1061,Рулевая тяга,68,1152.00,78336.00,2025-11-26
4029,SUP-04,1057,ШРУС наружный,242,2952.00,714384.00,2025-11-01
4030,SUP-05,1043,Аккумулятор 75Ah,59,5005.00,295295.00,2025-03-08
4031,SUP-05,1051,Моторное масло 5W-30,138,489.60,67564.80,2025-03-27
4032,SUP-01,1034,Комплект сцепления,215,5390.00,1158850.00,2025-12-04
4033,SUP-07,1010,Воздушный фильтр,328,466.20,152913.60,2025-09-15
4034,SUP-11,1064,Компрессор кондиционера,322,9912.00,3191664.00,2025-04-09
4035,SUP-04,1055,Зеркало боковое,295,2240.00,660800.00,2025-11-01
4036,SUP-12,1034,Комплект сцепления,351,6566.00,2304666.00,2025-08-21
4037,SUP-05,1039,Бачок расширительный,295,826.00,243670.00,2025-09-30
4038,SUP-05,1056,Щётки стеклоочистителя,316,452.40,142958.40,2025-01-03
4039,SUP-02,1037,Радиатор кондиционера,27,4209.00,113643.00,2025-09-20
4040,SUP-05,1020,Амортизатор задний,305,3408.00,1039440.00,2025-01-09
4041,SUP-10,1011,Фильтр салона,97,448.80,43533.60,2025-07-05
4042,SUP-09,1041,Вентилятор охлаждения,287,2881.00,826847.00,2025-07-11
4043,SUP-09,1027,Опора амортизатора,107,928.00,99296.00,2025-03-21
4044,SUP-07,1012,Топливный фильтр,322,627.90,202183.80,2025-11-23
4045,SUP-04,1028,Ремень ГРМ,197,1116.00,219852.00,2025-07-09
4046,SUP-07,1031,Прокладка ГБЦ,181,1452.00,262812.00,2025-10-14
4047,SUP-10,1007,Суппорт тормозной,369,4836.00,1784484.00,2025-12-28
4048,SUP-11,1024,Рычаг подвески,238,2562.00,609756.00,2025-10-29
4049,SUP-12,1063,Коврики салона,375,1344.00,504000.00,2025-12-29
4050,SUP-09,1055,Зеркало боковое,34,2112.00,71808.00,2025-08-30
4051,SUP-07,1019,Амортизатор передний,375,3132.00,1174500.00,2025-08-31
4052,SUP-08,1062,Насос ГУР,27,6832.00,184464.00,2025-06-15
4053,SUP-09,1051,Моторное масло 5W-30,360,453.60,163296.00,2025-10-03
4054,SUP-03,1023,Шаровая опора,383,855.50,327656.50,2025-02-13
4055,SUP-09,1054,Фара передняя,108,4032.00,435456.00,2025-05-06
4056,SUP-03,1060,Рулевой наконечник,344,728.00,250432.00,2025-12-09
4057,SUP-05,1001,Тормозные колодки передние,26,2278.00,59228.00,2025-04-21
4058,SUP-12,1005,Тормозная жидкость DOT-4,146,306.00,44676.00,2025-09-22
4059,SUP-03,1032,Сальник коленвала,79,292.80,23131.20,2025-03-27
4060,SUP-10,1027,Опора амортизатора,91,944.00,85904.00,2025-02-28
4061,SUP-05,1015,Катушка зажигания,277,1740.00,481980.00,2025-10-09
4062,SUP-07,1033,Термостат,315,737.00,232155.00,2025-03-29
4063,SUP-07,1062,Насос ГУР,32,6496.00,207872.00,2025-08-16
4064,SUP-08,1002,Тормозные колодки задние,190,1820.00,345800.00,2025-12-02
4065,SUP-01,1011,Фильтр салона,158,435.20,68761.60,2025-03-10
4066,SUP-02,1015,Катушка зажигания,319,1856.00,592064.00,2025-10-09
4067,SUP-06,1004,Тормозные диски задние,339,3510.00,1189890.00,2025-03-27
4068,SUP-04,1047,Предохранители набор,370,117.80,43586.00,2025-02-14
4069,SUP-07,1014,Свечи зажигания,389,220.40,85735.60,2025-03-30
4070,SUP-07,1039,Бачок расширительный,187,896.00,167552.00,2025-10-17
4071,SUP-07,1024,Рычаг подвески,289,2772.00,801108.00,2025-08-20
4072,SUP-10,1035,Датчик коленвала,147,1121.00,164787.00,2025-12-24
4073,SUP-03,1035,Датчик коленвала,355,1254.00,445170.00,2025-03-25
4074,SUP-08,1042,Аккумулятор 60Ah,265,5040.00,1335600.00,2025-05-02
4075,SUP-05,1019,Амортизатор передний,246,3888.00,956448.00,2025-09-22
4076,SUP-03,1013,Фильтр АКПП,260,1008.00,262080.00,2025-12-21
4077,SUP-03,1038,Патрубок радиатора,178,390.60,69526.80,2025-09-19
4078,SUP-10,1034,Комплект сцепления,242,6174.00,1494108.00,2025-04-24
4079,SUP-11,1051,Моторное масло 5W-30,115,417.60,48024.00,2025-09-30
4080,SUP-07,1038,Патрубок радиатора,257,384.40,98790.80,2025-04-22
4081,SUP-12,1007,Суппорт тормозной,59,4524.00,266916.00,2025-03-17
4082,SUP-05,1043,Аккумулятор 75Ah,140,5642.00,789880.00,2025-07-24
4083,SUP-01,1023,Шаровая опора,58,841.00,48778.00,2025-12-22
4084,SUP-03,1001,Тормозные колодки передние,206,2244.00,462264.00,2025-06-28
4085,SUP-05,1045,Лампы H7,345,234.00,80730.00,2025-07-30
4086,SUP-03,1014,Свечи зажигания,191,239.40,45725.40,2025-04-30
4087,SUP-04,1060,Рулевой наконечник,49,858.00,42042.00,2025-02-21
4088,SUP-02,1015,Катушка зажигания,78,1740.00,135720.00,2025-12-29
4089,SUP-04,1064,Компрессор кондиционера,271,10920.00,2959320.00,2025-11-27
4090,SUP-03,1024,Рычаг подвески,37,2646.00,97902.00,2025-03-02
4091,SUP-08,1014,Свечи зажигания,269,239.40,64398.60,2025-03-31
4092,SUP-02,1011,Фильтр салона,277,476.00,131852.00,2025-01-03
4093,SUP-05,1036,Радиатор охлаждения,42,5106.00,214452.00,2025-05-26
4094,SUP-09,1027,Опора амортизатора,117,1008.00,117936.00,2025-02-07
4095,SUP-12,1056,Щётки стеклоочистителя,239,561.60,134222.40,2025-01-12
4096,SUP-04,1025,Пружина подвески,238,1829.00,435302.00,2025-12-29
4097,SUP-10,1025,Пружина подвески,119,2108.00,250852.00,2025-07-01
4098,SUP-07,1053,Жидкость ГУР,352,324.00,114048.00,2025-10-10
4099,SUP-03,1040,Антифриз G12,210,330.40,69384.00,2025-01-24
4100,SUP-06,1041,Вентилятор охлаждения,37,2494.00,92278.00,2025-09-18
4101,SUP-06,1035,Датчик коленвала,181,1368.00,247608.00,2025-06-30
4102,SUP-03,1061,Рулевая тяга,291,1278.00,371898.00,2025-08-31
4103,SUP-02,1032,Сальник коленвала,40,268.80,10752.00,2025-07-20
4104,SUP-08,1056,Щётки стеклоочистителя,242,507.00,122694.00,2025-08-01
4105,SUP-08,1023,Шаровая опора,108,971.50,104922.00,2025-07-01
4106,SUP-02,1023,Шаровая опора,377,942.50,355322.50,2025-08-10
4107,SUP-12,1055,Зеркало боковое,267,2112.00,563904.00,2025-04-30
4108,SUP-10,1038,Патрубок радиатора,104,390.60,40622.40,2025-07-28
4109,SUP-06,1048,Датчик ABS,187,1197.00,223839.00,2025-11-01
4110,SUP-03,1057,ШРУС наружный,40,2829.00,113160.00,2025-06-22
4111,SUP-10,1038,Патрубок радиатора,45,446.40,20088.00,2025-08-29
4112,SUP-04,1024,Рычаг подвески,377,2688.00,1013376.00,2025-11-16
4113,SUP-06,1022,Сайлентблок рычага,258,471.20,121569.60,2025-10-08
4114,SUP-12,1048,Датчик ABS,160,1281.00,204960.00,2025-05-15
4115,SUP-05,1034,Комплект сцепления,285,5782.00,1647870.00,2025-10-10
4116,SUP-11,1021,Стойка стабилизатора,370,558.60,206682.00,2025-01-04
4117,SUP-02,1063,Коврики салона,369,1584.00,584496.00,2025-08-13
4118,SUP-01,1011,Фильтр салона,36,387.60,13953.60,2025-01-05
4119,SUP-05,1037,Радиатор кондиционера,78,4623.00,360594.00,2025-10-20
4120,SUP-05,1032,Сальник коленвала,260,307.20,79872.00,2025-09-27
4121,SUP-03,1039,Бачок расширительный,61,938.00,57218.00,2025-02-06
4122,SUP-11,1028,Ремень ГРМ,190,1188.00,225720.00,2025-01-18
4123,SUP-12,1058,Пыльник ШРУС,193,329.40,63574.20,2025-05-12
4124,SUP-01,1046,Реле,285,154.00,43890.00,2025-07-02
4125,SUP-10,1046,Реле,307,168.00,51576.00,2025-05-09
4126,SUP-04,1033,Термостат,284,638.00,181192.00,2025-03-26
4127,SUP-08,1030,Помпа водяная,33,2088.00,68904.00,2025-07-10
4128,SUP-01,1039,Бачок расширительный,100,798.00,79800.00,2025-02-27
4129,SUP-11,1004,Тормозные диски задние,338,3240.00,1095120.00,2025-09-19
4130,SUP-12,1046,Реле,52,193.20,10046.40,2025-09-14
4131,SUP-05,1036,Радиатор охлаждения,30,4218.00,126540.00,2025-01-21
4132,SUP-09,1036,Радиатор охлаждения,158,4588.00,724904.00,2025-01-10
4133,SUP-10,1057,ШРУС наружный,360,2952.00,1062720.00,2025-12-24
4134,SUP-09,1019,Амортизатор передний,134,3186.00,426924.00,2025-12-06
4135,SUP-02,1049,Бензонасос,126,3136.00,395136.00,2025-05-15
4136,SUP-12,1052,Масло АКПП,238,569.60,135564.80,2025-03-09
4137,SUP-02,1036,Радиатор охлаждения,24,4218.00,101232.00,2025-02-14
4138,SUP-07,1018,Генератор,44,8928.00,392832.00,2025-12-23
4139,SUP-01,1046,Реле,111,187.60,20823.60,2025-04-25
4140,SUP-06,1017,Стартер,383,5162.00,1977046.00,2025-07-27
4141,SUP-09,1036,Радиатор охлаждения,97,4292.00,416324.00,2025-04-11
4142,SUP-10,1044,Лампы H4,106,235.20,24931.20,2025-01-20
4143,SUP-08,1020,Амортизатор задний,23,3312.00,76176.00,2025-05-28
4144,SUP-07,1042,Аккумулятор 60Ah,187,4824.00,902088.00,2025-12-31
4145,SUP-01,1034,Комплект сцепления,394,6468.00,2548392.00,2025-01-26
4146,SUP-07,1042,Аккумулятор 60Ah,151,4896.00,739296.00,2025-08-29
4147,SUP-06,1043,Аккумулятор 75Ah,126,5187.00,653562.00,2025-07-06
4148,SUP-10,1023,Шаровая опора,64,812.00,51968.00,2025-12-05
4149,SUP-01,1002,Тормозные колодки задние,273,1848.00,504504.00,2025-05-19
4150,SUP-10,1007,Суппорт тормозной,101,4290.00,433290.00,2025-09-01
4151,SUP-12,1028,Ремень ГРМ,250,1152.00,288000.00,2025-04-12
4152,SUP-06,1029,Ролик натяжителя ГРМ,257,784.00,201488.00,2025-01-20
4153,SUP-05,1038,Патрубок радиатора,150,396.80,59520.00,2025-09-18
4154,SUP-11,1050,Моторное масло 5W-40,376,374.00,140624.00,2025-12-31
4155,SUP-06,1027,Опора амортизатора,162,1008.00,163296.00,2025-04-12
4156,SUP-07,1047,Предохранители набор,280,117.80,32984.00,2025-09-19
4157,SUP-08,1007,Суппорт тормозной,49,5538.00,271362.00,2025-12-14
4158,SUP-05,1022,Сайлентблок рычага,357,524.40,187210.80,2025-10-18
4159,SUP-04,1050,Моторное масло 5W-40,253,469.20,118707.60,2025-08-27
4160,SUP-07,1043,Аккумулятор 75Ah,231,6097.00,1408407.00,2025-08-12
4161,SUP-05,1055,Зеркало боковое,264,1760.00,464640.00,2025-03-05
4162,SUP-06,1056,Щётки стеклоочистителя,219,452.40,99075.60,2025-10-27
4163,SUP-08,1040,Антифриз G12,196,352.80,69148.80,2025-11-24
4164,SUP-03,1061,Рулевая тяга,338,1224.00,413712.00,2025-07-15
4165,SUP-06,1052,Масло АКПП,280,578.50,161980.00,2025-06-27
4166,SUP-09,1023,Шаровая опора,370,1044.00,386280.00,2025-06-03
4167,SUP-02,1016,Высоковольтные провода,185,1104.00,204240.00,2025-12-09
4168,SUP-01,1002,Тормозные колодки задние,87,1848.00,160776.00,2025-02-15
4169,SUP-08,1007,Суппорт тормозной,159,4602.00,731718.00,2025-04-02
4170,SUP-10,1036,Радиатор охлаждения,398,4662.00,1855476.00,2025-07-13
4171,SUP-03,1046,Реле,309,170.80,52777.20,2025-07-28
4172,SUP-10,1029,Ролик натяжителя ГРМ,384,784.00,301056.00,2025-03-11
4173,SUP-03,1016,Высоковольтные провода,211,1040.00,219440.00,2025-05-13
4174,SUP-07,1061,Рулевая тяга,194,1134.00,219996.00,2025-09-06
4175,SUP-06,1020,Амортизатор задний,57,2784.00,158688.00,2025-11-01
4176,SUP-07,1035,Датчик коленвала,323,1254.00,405042.00,2025-02-15
4177,SUP-10,1026,Ступичный подшипник,50,1728.00,86400.00,2025-07-05
4178,SUP-07,1044,Лампы H4,158,289.80,45788.40,2025-06-07
4179,SUP-05,1046,Реле,28,162.40,4547.20,2025-11-30
4180,SUP-04,1058,Пыльник ШРУС,257,361.80,92982.60,2025-12-28
4181,SUP-12,1043,Аккумулятор 75Ah,217,6097.00,1323049.00,2025-11-21
4182,SUP-09,1063,Коврики салона,257,1512.00,388584.00,2025-09-13
4183,SUP-05,1006,Тормозная жидкость DOT-5.1,48,534.00,25632.00,2025-04-23
4184,SUP-08,1050,Моторное масло 5W-40,138,428.40,59119.20,2025-09-18
4185,SUP-07,1056,Щётки стеклоочистителя,199,475.80,94684.20,2025-06-03
4186,SUP-07,1055,Зеркало боковое,155,2112.00,327360.00,2025-06-04
4187,SUP-12,1033,Термостат,145,715.00,103675.00,2025-09-03
4188,SUP-08,1054,Фара передняя,216,3648.00,787968.00,2025-09-30
4189,SUP-02,1050,Моторное масло 5W-40,285,374.00,106590.00,2025-11-10
4190,SUP-09,1019,Амортизатор передний,332,3618.00,1201176.00,2025-11-22
4191,SUP-02,1062,Насос ГУР,95,7280.00,691600.00,2025-01-06
4192,SUP-10,1057,ШРУС наружный,290,2378.00,689620.00,2025-05-15
4193,SUP-02,1036,Радиатор охлаждения,20,4292.00,85840.00,2025-10-04
4194,SUP-08,1063,Коврики салона,87,1680.00,146160.00,2025-01-14
4195,SUP-01,1006,Тормозная жидкость DOT-5.1,129,587.40,75774.60,2025-08-20
4196,SUP-06,1028,Ремень ГРМ,355,1188.00,421740.00,2025-05-19
4197,SUP-11,1051,Моторное масло 5W-30,373,460.80,171878.40,2025-08-27
4198,SUP-12,1058,Пыльник ШРУС,212,356.40,75556.80,2025-11-26
4199,SUP-08,1058,Пыльник ШРУС,271,351.00,95121.00,2025-03-15
4200,SUP-03,1051,Моторное масло 5W-30,92,439.20,40406.40,2025-04-23
4201,SUP-02,1001,Тормозные колодки передние,373,2142.00,798966.00,2025-06-29
4202,SUP-02,1009,Масляный фильтр,398,317.20,126245.60,2025-05-26
4203,SUP-07,1007,Суппорт тормозной,90,4446.00,400140.00,2025-07-27
4204,SUP-02,1034,Комплект сцепления,139,5488.00,762832.00,2025-06-23
4205,SUP-09,1057,ШРУС наружный,76,2624.00,199424.00,2025-04-28
4206,SUP-06,1042,Аккумулятор 60Ah,184,4896.00,900864.00,2025-12-30
4207,SUP-08,1052,Масло АКПП,245,631.90,154815.50,2025-01-02
4208,SUP-08,1041,Вентилятор охлаждения,136,2408.00,327488.00,2025-07-05
4209,SUP-02,1029,Ролик натяжителя ГРМ,316,966.00,305256.00,2025-05-01
4210,SUP-05,1064,Компрессор кондиционера,358,10248.00,3668784.00,2025-05-13
4211,SUP-09,1019,Амортизатор передний,268,3888.00,1041984.00,2025-04-11
4212,SUP-05,1008,Датчик износа колодок,126,383.50,48321.00,2025-01-12
4213,SUP-10,1032,Сальник коленвала,196,331.20,64915.20,2025-05-01
4214,SUP-01,1062,Насос ГУР,88,7168.00,630784.00,2025-03-12
4215,SUP-06,1028,Ремень ГРМ,389,1170.00,455130.00,2025-01-13
4216,SUP-08,1041,Вентилятор охлаждения,344,2924.00,1005856.00,2025-07-31
4217,SUP-10,1006,Тормозная жидкость DOT-5.1,142,623.00,88466.00,2025-06-16
4218,SUP-04,1009,Масляный фильтр,229,327.60,75020.40,2025-12-10
4219,SUP-07,1016,Высоковольтные провода,121,992.00,120032.00,2025-10-08
4220,SUP-02,1001,Тормозные колодки передние,369,2414.00,890766.00,2025-02-03
4221,SUP-07,1032,Сальник коленвала,28,288.00,8064.00,2025-08-01
4222,SUP-06,1041,Вентилятор охлаждения,73,2451.00,178923.00,2025-09-23
4223,SUP-02,1042,Аккумулятор 60Ah,304,4176.00,1269504.00,2025-07-23
4224,SUP-10,1055,Зеркало боковое,305,1856.00,566080.00,2025-08-07
4225,SUP-04,1009,Масляный фильтр,236,327.60,77313.60,2025-06-10
4226,SUP-08,1011,Фильтр салона,172,408.00,70176.00,2025-02-08
4227,SUP-11,1054,Фара передняя,357,4160.00,1485120.00,2025-11-27
4228,SUP-04,1022,Сайлентблок рычага,260,463.60,120536.00,2025-10-26
4229,SUP-10,1005,Тормозная жидкость DOT-4,397,297.00,117909.00,2025-06-30
4230,SUP-12,1029,Ролик натяжителя ГРМ,120,896.00,107520.00,2025-11-06
4231,SUP-09,1063,Коврики салона,139,1488.00,206832.00,2025-02-18
4232,SUP-05,1064,Компрессор кондиционера,183,10248.00,1875384.00,2025-07-16
4233,SUP-08,1031,Прокладка ГБЦ,355,1276.00,452980.00,2025-06-23
4234,SUP-12,1059,Диск сцепления,263,3150.00,828450.00,2025-08-20
4235,SUP-02,1047,Предохранители набор,158,115.90,18312.20,2025-10-22
4236,SUP-06,1030,Помпа водяная,107,2016.00,215712.00,2025-04-21
4237,SUP-12,1047,Предохранители набор,115,104.50,12017.50,2025-05-25
4238,SUP-03,1017,Стартер,119,4895.00,582505.00,2025-12-06
4239,SUP-08,1039,Бачок расширительный,60,798.00,47880.00,2025-09-07
4240,SUP-10,1005,Тормозная жидкость DOT-4,182,288.00,52416.00,2025-09-15
4241,SUP-07,1064,Компрессор кондиционера,207,9408.00,1947456.00,2025-02-18
4242,SUP-02,1043,Аккумулятор 75Ah,270,5915.00,1597050.00,2025-05-28
4243,SUP-05,1025,Пружина подвески,78,1736.00,135408.00,2025-05-20
4244,SUP-11,1057,ШРУС наружный,79,2583.00,204057.00,2025-11-09
4245,SUP-10,1025,Пружина подвески,387,2077.00,803799.00,2025-06-24
4246,SUP-10,1003,Тормозные диски передние,358,4030.00,1442740.00,2025-05-10
4247,SUP-03,1061,Рулевая тяга,365,1098.00,400770.00,2025-02-10
4248,SUP-10,1001,Тормозные колодки передние,125,2210.00,276250.00,2025-01-30
4249,SUP-01,1024,Рычаг подвески,60,2814.00,168840.00,2025-04-01
4250,SUP-03,1014,Свечи зажигания,254,243.20,61772.80,2025-05-11
4251,SUP-03,1051,Моторное масло 5W-30,333,489.60,163036.80,2025-09-12
4252,SUP-08,1018,Генератор,76,7688.00,584288.00,2025-03-17
4253,SUP-03,1020,Амортизатор задний,152,3168.00,481536.00,2025-06-15
4254,SUP-01,1060,Рулевой наконечник,78,793.00,61854.00,2025-07-12
4255,SUP-11,1003,Тормозные диски передние,51,4092.00,208692.00,2025-08-02
4256,SUP-12,1049,Бензонасос,221,3360.00,742560.00,2025-07-18
4257,SUP-06,1022,Сайлентблок рычага,121,516.80,62532.80,2025-02-14
4258,SUP-10,1018,Генератор,96,8060.00,773760.00,2025-03-05
4259,SUP-06,1040,Антифриз G12,201,319.20,64159.20,2025-04-27
4260,SUP-08,1026,Ступичный подшипник,340,1485.00,504900.00,2025-08-16
4261,SUP-09,1059,Диск сцепления,149,3015.00,449235.00,2025-10-13
4262,SUP-08,1011,Фильтр салона,298,482.80,143874.40,2025-12-01
4263,SUP-08,1033,Термостат,178,605.00,107690.00,2025-09-14
4264,SUP-09,1051,Моторное масло 5W-30,168,424.80,71366.40,2025-05-18
4265,SUP-05,1011,Фильтр салона,349,476.00,166124.00,2025-07-23
4266,SUP-10,1004,Тормозные диски задние,86,3618.00,311148.00,2025-11-01
4267,SUP-11,1018,Генератор,71,8060.00,572260.00,2025-01-09
4268,SUP-03,1059,Диск сцепления,222,2790.00,619380.00,2025-12-22
4269,SUP-07,1043,Аккумулятор 75Ah,128,5642.00,722176.00,2025-10-11
4270,SUP-02,1050,Моторное масло 5W-40,209,469.20,98062.80,2025-08-17
4271,SUP-12,1054,Фара передняя,70,3904.00,273280.00,2025-02-18
4272,SUP-03,1060,Рулевой наконечник,148,832.00,123136.00,2025-02-20
4273,SUP-02,1024,Рычаг подвески,40,2394.00,95760.00,2025-03-05
4274,SUP-11,1041,Вентилятор охлаждения,268,2752.00,737536.00,2025-05-20
4275,SUP-09,1047,Предохранители набор,308,136.80,42134.40,2025-01-03
4276,SUP-01,1058,Пыльник ШРУС,307,313.20,96152.40,2025-08-09
4277,SUP-08,1023,Шаровая опора,82,1044.00,85608.00,2025-10-02
4278,SUP-02,1044,Лампы H4,122,277.20,33818.40,2025-11-13
4279,SUP-01,1019,Амортизатор передний,232,3186.00,739152.00,2025-03-02
4280,SUP-03,1007,Суппорт тормозной,142,4446.00,631332.00,2025-02-08
4281,SUP-10,1021,Стойка стабилизатора,397,539.00,213983.00,2025-07-17
4282,SUP-05,1030,Помпа водяная,204,2376.00,484704.00,2025-08-29
4283,SUP-02,1042,Аккумулятор 60Ah,86,4464.00,383904.00,2025-08-28
4284,SUP-05,1013,Фильтр АКПП,181,840.00,152040.00,2025-04-17
4285,SUP-10,1017,Стартер,182,5874.00,1069068.00,2025-02-23
4286,SUP-03,1051,Моторное масло 5W-30,382,460.80,176025.60,2025-09-17
4287,SUP-02,1003,Тормозные диски передние,194,4030.00,781820.00,2025-09-26
4288,SUP-05,1029,Ролик натяжителя ГРМ,120,1008.00,120960.00,2025-04-13
4289,SUP-09,1028,Ремень ГРМ,45,1044.00,46980.00,2025-05-15
4290,SUP-05,1014,Свечи зажигания,397,220.40,87498.80,2025-07-16
4291,SUP-07,1061,Рулевая тяга,302,1134.00,342468.00,2025-11-15
4292,SUP-08,1030,Помпа водяная,185,2340.00,432900.00,2025-05-24
4293,SUP-07,1043,Аккумулятор 75Ah,347,6097.00,2115659.00,2025-12-04
4294,SUP-10,1056,Щётки стеклоочистителя,290,452.40,131196.00,2025-06-12
4295,SUP-03,1021,Стойка стабилизатора,105,597.80,62769.00,2025-08-18
4296,SUP-11,1060,Рулевой наконечник,114,858.00,97812.00,2025-10-10
4297,SUP-10,1009,Масляный фильтр,211,286.00,60346.00,2025-07-04
4298,SUP-12,1020,Амортизатор задний,292,3120.00,911040.00,2025-11-19
4299,SUP-03,1019,Амортизатор передний,228,3564.00,812592.00,2025-11-30
4300,SUP-05,1028,Ремень ГРМ,293,1008.00,295344.00,2025-03-26
4301,SUP-01,1045,Лампы H7,134,276.90,37104.60,2025-07-28
4302,SUP-08,1017,Стартер,206,6319.00,1301714.00,2025-07-26
4303,SUP-06,1044,Лампы H4,209,289.80,60568.20,2025-09-08
4304,SUP-11,1055,Зеркало боковое,168,2080.00,349440.00,2025-01-14
4305,SUP-03,1046,Реле,254,165.20,41960.80,2025-09-04
4306,SUP-02,1027,Опора амортизатора,348,992.00,345216.00,2025-04-11
4307,SUP-09,1039,Бачок расширительный,230,784.00,180320.00,2025-02-09
4308,SUP-06,1028,Ремень ГРМ,227,1242.00,281934.00,2025-09-28
4309,SUP-01,1005,Тормозная жидкость DOT-4,175,261.00,45675.00,2025-07-19
4310,SUP-10,1014,Свечи зажигания,148,224.20,33181.60,2025-06-22
4311,SUP-11,1004,Тормозные диски задние,303,3618.00,1096254.00,2025-09-21
4312,SUP-06,1032,Сальник коленвала,25,326.40,8160.00,2025-04-29
4313,SUP-01,1007,Суппорт тормозной,295,5382.00,1587690.00,2025-07-03
4314,SUP-02,1030,Помпа водяная,226,1980.00,447480.00,2025-03-21
4315,SUP-04,1063,Коврики салона,250,1464.00,366000.00,2025-09-09
4316,SUP-05,1025,Пружина подвески,237,2139.00,506943.00,2025-10-23
4317,SUP-10,1004,Тормозные диски задние,129,3510.00,452790.00,2025-02-02
4318,SUP-07,1006,Тормозная жидкость DOT-5.1,74,587.40,43467.60,2025-04-27
4319,SUP-07,1038,Патрубок радиатора,388,390.60,151552.80,2025-05-18
4320,SUP-06,1040,Антифриз G12,27,403.20,10886.40,2025-02-24
4321,SUP-02,1033,Термостат,136,770.00,104720.00,2025-08-27
4322,SUP-03,1037,Радиатор кондиционера,361,4416.00,1594176.00,2025-06-08
4323,SUP-04,1014,Свечи зажигания,81,220.40,17852.40,2025-08-19
4324,SUP-10,1005,Тормозная жидкость DOT-4,122,247.50,30195.00,2025-09-28
4325,SUP-01,1035,Датчик коленвала,44,1159.00,50996.00,2025-07-03
4326,SUP-07,1040,Антифриз G12,314,352.80,110779.20,2025-08-03
4327,SUP-04,1037,Радиатор кондиционера,182,4071.00,740922.00,2025-01-31
4328,SUP-08,1051,Моторное масло 5W-30,346,482.40,166910.40,2025-01-31
4329,SUP-07,1045,Лампы H7,33,253.50,8365.50,2025-08-03
4330,SUP-01,1048,Датчик ABS,354,1491.00,527814.00,2025-06-02
4331,SUP-02,1057,ШРУС наружный,397,2337.00,927789.00,2025-03-27
4332,SUP-11,1012,Топливный фильтр,394,646.10,254563.40,2025-11-11
4333,SUP-07,1045,Лампы H7,215,226.20,48633.00,2025-07-03
4334,SUP-09,1046,Реле,315,159.60,50274.00,2025-05-16
4335,SUP-05,1024,Рычаг подвески,35,2436.00,85260.00,2025-10-09
4336,SUP-10,1035,Датчик коленвала,168,1140.00,191520.00,2025-11-09
4337,SUP-11,1038,Патрубок радиатора,109,434.00,47306.00,2025-10-21
4338,SUP-08,1012,Топливный фильтр,240,573.30,137592.00,2025-03-03
4339,SUP-09,1003,Тормозные диски передние,55,3906.00,214830.00,2025-07-28
4340,SUP-03,1039,Бачок расширительный,194,938.00,181972.00,2025-11-07
4341,SUP-01,1053,Жидкость ГУР,56,302.40,16934.40,2025-12-23
4342,SUP-02,1064,Компрессор кондиционера,254,10080.00,2560320.00,2025-03-03
4343,SUP-11,1015,Катушка зажигания,341,1798.00,613118.00,2025-07-16
4344,SUP-09,1042,Аккумулятор 60Ah,88,4608.00,405504.00,2025-09-24
4345,SUP-01,1046,Реле,389,159.60,62084.40,2025-09-24
4346,SUP-09,1022,Сайлентблок рычага,334,425.60,142150.40,2025-12-19
4347,SUP-11,1054,Фара передняя,136,4160.00,565760.00,2025-04-06
4348,SUP-10,1016,Высоковольтные провода,312,1072.00,334464.00,2025-10-01
4349,SUP-10,1024,Рычаг подвески,40,2352.00,94080.00,2025-11-29
4350,SUP-07,1021,Стойка стабилизатора,266,617.40,164228.40,2025-08-22
4351,SUP-04,1023,Шаровая опора,212,957.00,202884.00,2025-01-11
4352,SUP-06,1023,Шаровая опора,370,870.00,321900.00,2025-11-04
4353,SUP-07,1002,Тормозные колодки задние,118,1540.00,181720.00,2025-04-18
4354,SUP-06,1012,Топливный фильтр,225,609.70,137182.50,2025-05-18
4355,SUP-07,1054,Фара передняя,364,4160.00,1514240.00,2025-02-15
4356,SUP-02,1004,Тормозные диски задние,72,3294.00,237168.00,2025-01-14
4357,SUP-04,1027,Опора амортизатора,219,1104.00,241776.00,2025-11-30
4358,SUP-10,1024,Рычаг подвески,396,2730.00,1081080.00,2025-01-28
4359,SUP-05,1035,Датчик коленвала,31,1349.00,41819.00,2025-11-01
4360,SUP-09,1018,Генератор,292,7564.00,2208688.00,2025-05-30
4361,SUP-07,1016,Высоковольтные провода,179,1056.00,189024.00,2025-08-28
4362,SUP-08,1061,Рулевая тяга,168,1062.00,178416.00,2025-02-26
4363,SUP-08,1051,Моторное масло 5W-30,69,511.20,35272.80,2025-10-14
4364,SUP-09,1009,Масляный фильтр,214,327.60,70106.40,2025-08-01
4365,SUP-06,1012,Топливный фильтр,366,546.00,199836.00,2025-02-22
4366,SUP-08,1053,Жидкость ГУР,273,367.20,100245.60,2025-03-19
4367,SUP-12,1053,Жидкость ГУР,210,324.00,68040.00,2025-07-12
4368,SUP-09,1051,Моторное масло 5W-30,345,410.40,141588.00,2025-05-22
4369,SUP-11,1049,Бензонасос,305,3136.00,956480.00,2025-03-06
4370,SUP-01,1063,Коврики салона,149,1680.00,250320.00,2025-05-04
4371,SUP-06,1004,Тормозные диски задние,363,3672.00,1332936.00,2025-04-19
4372,SUP-03,1060,Рулевой наконечник,237,910.00,215670.00,2025-11-14
4373,SUP-02,1045,Лампы H7,148,276.90,40981.20,2025-11-16
4374,SUP-03,1040,Антифриз G12,265,347.20,92008.00,2025-03-04
4375,SUP-06,1060,Рулевой наконечник,360,819.00,294840.00,2025-03-17
4376,SUP-08,1055,Зеркало боковое,92,1952.00,179584.00,2025-02-17
4377,SUP-04,1049,Бензонасос,45,3640.00,163800.00,2025-05-18
4378,SUP-07,1014,Свечи зажигания,218,247.00,53846.00,2025-05-23
4379,SUP-05,1027,Опора амортизатора,32,1056.00,33792.00,2025-09-08
4380,SUP-04,1032,Сальник коленвала,49,331.20,16228.80,2025-09-29
4381,SUP-03,1064,Компрессор кондиционера,231,10752.00,2483712.00,2025-03-23
4382,SUP-02,1010,Воздушный фильтр,332,510.60,169519.20,2025-12-06
4383,SUP-10,1056,Щётки стеклоочистителя,238,468.00,111384.00,2025-11-23
4384,SUP-12,1005,Тормозная жидкость DOT-4,28,283.50,7938.00,2025-12-26
4385,SUP-05,1060,Рулевой наконечник,353,780.00,275340.00,2025-09-15
4386,SUP-05,1033,Термостат,87,638.00,55506.00,2025-01-11
4387,SUP-01,1063,Коврики салона,190,1680.00,319200.00,2025-01-17
4388,SUP-01,1046,Реле,307,187.60,57593.20,2025-04-05
4389,SUP-01,1047,Предохранители набор,122,136.80,16689.60,2025-09-23
4390,SUP-11,1024,Рычаг подвески,283,2646.00,748818.00,2025-10-02
4391,SUP-09,1030,Помпа водяная,44,2052.00,90288.00,2025-06-24
4392,SUP-04,1040,Антифриз G12,242,319.20,77246.40,2025-09-08
4393,SUP-11,1047,Предохранители набор,271,121.60,32953.60,2025-11-27
4394,SUP-12,1033,Термостат,388,638.00,247544.00,2025-09-16
4395,SUP-12,1034,Комплект сцепления,200,6272.00,1254400.00,2025-07-25
4396,SUP-11,1019,Амортизатор передний,155,2970.00,460350.00,2025-09-14
4397,SUP-04,1010,Воздушный фильтр,157,518.00,81326.00,2025-12-18
4398,SUP-07,1050,Моторное масло 5W-40,173,394.40,68231.20,2025-10-12
4399,SUP-11,1045,Лампы H7,133,257.40,34234.20,2025-07-31
4400,SUP-12,1052,Масло АКПП,230,614.10,141243.00,2025-09-30
4401,SUP-05,1053,Жидкость ГУР,40,307.80,12312.00,2025-06-04
4402,SUP-09,1045,Лампы H7,30,261.30,7839.00,2025-11-11
4403,SUP-06,1027,Опора амортизатора,41,896.00,36736.00,2025-09-09
4404,SUP-11,1027,Опора амортизатора,183,928.00,169824.00,2025-04-12
4405,SUP-11,1054,Фара передняя,250,3840.00,960000.00,2025-12-07
4406,SUP-09,1021,Стойка стабилизатора,371,568.40,210876.40,2025-01-25
4407,SUP-12,1064,Компрессор кондиционера,305,9912.00,3023160.00,2025-03-17
4408,SUP-11,1049,Бензонасос,392,3640.00,1426880.00,2025-05-22
4409,SUP-01,1062,Насос ГУР,381,6272.00,2389632.00,2025-07-03
4410,SUP-04,1043,Аккумулятор 75Ah,372,5369.00,1997268.00,2025-01-15
4411,SUP-12,1053,Жидкость ГУР,52,345.60,17971.20,2025-04-18
4412,SUP-02,1039,Бачок расширительный,332,840.00,278880.00,2025-09-30
4413,SUP-07,1006,Тормозная жидкость DOT-5.1,43,525.10,22579.30,2025-03-26
4414,SUP-08,1053,Жидкость ГУР,156,351.00,54756.00,2025-04-05
4415,SUP-08,1002,Тормозные колодки задние,128,1988.00,254464.00,2025-09-21
4416,SUP-02,1003,Тормозные диски передние,165,3410.00,562650.00,2025-08-04
4417,SUP-01,1031,Прокладка ГБЦ,52,1540.00,80080.00,2025-09-23
4418,SUP-07,1049,Бензонасос,108,3304.00,356832.00,2025-01-04
4419,SUP-01,1048,Датчик ABS,220,1470.00,323400.00,2025-08-14
4420,SUP-01,1031,Прокладка ГБЦ,33,1408.00,46464.00,2025-06-24
4421,SUP-08,1016,Высоковольтные провода,177,1056.00,186912.00,2025-07-04
4422,SUP-09,1010,Воздушный фильтр,143,532.80,76190.40,2025-12-26
4423,SUP-12,1046,Реле,49,190.40,9329.60,2025-02-09
4424,SUP-03,1057,ШРУС наружный,245,2788.00,683060.00,2025-10-19
4425,SUP-01,1017,Стартер,298,5963.00,1776974.00,2025-05-21
4426,SUP-01,1015,Катушка зажигания,77,1972.00,151844.00,2025-07-23
4427,SUP-05,1058,Пыльник ШРУС,183,302.40,55339.20,2025-03-09
4428,SUP-08,1016,Высоковольтные провода,308,928.00,285824.00,2025-10-01
4429,SUP-10,1020,Амортизатор задний,76,3168.00,240768.00,2025-08-05
4430,SUP-02,1014,Свечи зажигания,219,235.60,51596.40,2025-01-03
4431,SUP-08,1040,Антифриз G12,290,330.40,95816.00,2025-03-28
4432,SUP-07,1021,Стойка стабилизатора,186,676.20,125773.20,2025-10-29
4433,SUP-06,1043,Аккумулятор 75Ah,36,5278.00,190008.00,2025-07-22
4434,SUP-05,1027,Опора амортизатора,333,1088.00,362304.00,2025-11-12
4435,SUP-05,1037,Радиатор кондиционера,397,4002.00,1588794.00,2025-12-31
4436,SUP-01,1033,Термостат,165,693.00,114345.00,2025-05-19
4437,SUP-11,1041,Вентилятор охлаждения,124,2365.00,293260.00,2025-07-26
4438,SUP-05,1047,Предохранители набор,359,106.40,38197.60,2025-04-03
4439,SUP-02,1034,Комплект сцепления,68,6762.00,459816.00,2025-09-01
4440,SUP-09,1022,Сайлентблок рычага,131,471.20,61727.20,2025-01-08
4441,SUP-05,1054,Фара передняя,342,3968.00,1357056.00,2025-03-16
4442,SUP-04,1003,Тормозные диски передние,129,3472.00,447888.00,2025-03-23
4443,SUP-01,1053,Жидкость ГУР,66,340.20,22453.20,2025-10-03
4444,SUP-04,1033,Термостат,148,660.00,97680.00,2025-12-05
4445,SUP-09,1041,Вентилятор охлаждения,294,2881.00,847014.00,2025-06-11
4446,SUP-09,1063,Коврики салона,111,1392.00,154512.00,2025-07-01
4447,SUP-09,1030,Помпа водяная,185,2592.00,479520.00,2025-04-11
4448,SUP-08,1044,Лампы H4,345,256.20,88389.00,2025-08-03
4449,SUP-09,1018,Генератор,158,7564.00,1195112.00,2025-12-07
4450,SUP-09,1001,Тормозные колодки передние,380,1938.00,736440.00,2025-05-21
4451,SUP-12,1032,Сальник коленвала,197,292.80,57681.60,2025-12-25
4452,SUP-02,1055,Зеркало боковое,145,1888.00,273760.00,2025-08-22
4453,SUP-07,1036,Радиатор охлаждения,52,5106.00,265512.00,2025-02-15
4454,SUP-11,1046,Реле,201,190.40,38270.40,2025-06-24
4455,SUP-12,1007,Суппорт тормозной,192,4836.00,928512.00,2025-08-27
4456,SUP-03,1058,Пыльник ШРУС,300,356.40,106920.00,2025-03-02
4457,SUP-11,1051,Моторное масло 5W-30,101,432.00,43632.00,2025-12-22
4458,SUP-11,1035,Датчик коленвала,252,1216.00,306432.00,2025-05-04
4459,SUP-01,1006,Тормозная жидкость DOT-5.1,324,489.50,158598.00,2025-08-21
4460,SUP-10,1058,Пыльник ШРУС,28,383.40,10735.20,2025-06-03
4461,SUP-01,1053,Жидкость ГУР,319,378.00,120582.00,2025-09-15
4462,SUP-08,1010,Воздушный фильтр,36,481.00,17316.00,2025-08-09
4463,SUP-03,1051,Моторное масло 5W-30,104,496.80,51667.20,2025-01-05
4464,SUP-06,1029,Ролик натяжителя ГРМ,398,1008.00,401184.00,2025-07-21
4465,SUP-11,1054,Фара передняя,181,3584.00,648704.00,2025-08-16
4466,SUP-07,1048,Датчик ABS,318,1407.00,447426.00,2025-06-03
4467,SUP-12,1002,Тормозные колодки задние,273,1792.00,489216.00,2025-02-12
4468,SUP-03,1034,Комплект сцепления,335,6762.00,2265270.00,2025-12-21
4469,SUP-08,1043,Аккумулятор 75Ah,115,5096.00,586040.00,2025-03-18
4470,SUP-07,1041,Вентилятор охлаждения,203,2967.00,602301.00,2025-09-27
4471,SUP-07,1058,Пыльник ШРУС,107,345.60,36979.20,2025-05-15
4472,SUP-05,1023,Шаровая опора,329,971.50,319623.50,2025-05-09
4473,SUP-05,1062,Насос ГУР,282,7616.00,2147712.00,2025-03-31
4474,SUP-11,1019,Амортизатор передний,26,3456.00,89856.00,2025-01-14
4475,SUP-09,1057,ШРУС наружный,318,2419.00,769242.00,2025-10-14
4476,SUP-11,1054,Фара передняя,374,4608.00,1723392.00,2025-03-07
4477,SUP-08,1042,Аккумулятор 60Ah,122,5040.00,614880.00,2025-11-29
4478,SUP-01,1017,Стартер,28,5518.00,154504.00,2025-04-04
4479,SUP-10,1060,Рулевой наконечник,293,767.00,224731.00,2025-04-05
4480,SUP-12,1009,Масляный фильтр,69,343.20,23680.80,2025-12-07
4481,SUP-07,1050,Моторное масло 5W-40,105,462.40,48552.00,2025-01-05
4482,SUP-03,1023,Шаровая опора,376,913.50,343476.00,2025-09-25
4483,SUP-01,1059,Диск сцепления,83,2700.00,224100.00,2025-09-06
4484,SUP-01,1062,Насос ГУР,309,7280.00,2249520.00,2025-08-16
4485,SUP-02,1058,Пыльник ШРУС,29,372.60,10805.40,2025-08-05
4486,SUP-11,1034,Комплект сцепления,150,5586.00,837900.00,2025-09-26
4487,SUP-03,1033,Термостат,140,682.00,95480.00,2025-09-20
4488,SUP-01,1007,Суппорт тормозной,219,4446.00,973674.00,2025-08-05
4489,SUP-05,1051,Моторное масло 5W-30,79,439.20,34696.80,2025-06-30
4490,SUP-05,1063,Коврики салона,112,1704.00,190848.00,2025-09-05
4491,SUP-08,1062,Насос ГУР,159,7168.00,1139712.00,2025-11-01
4492,SUP-03,1049,Бензонасос,43,3752.00,161336.00,2025-06-26
4493,SUP-12,1050,Моторное масло 5W-40,311,462.40,143806.40,2025-03-25
4494,SUP-06,1016,Высоковольтные провода,158,880.00,139040.00,2025-10-29
4495,SUP-01,1037,Радиатор кондиционера,125,4485.00,560625.00,2025-10-18
4496,SUP-05,1051,Моторное масло 5W-30,79,439.20,34696.80,2025-08-14
4497,SUP-05,1010,Воздушный фильтр,346,458.80,158744.80,2025-02-13
4498,SUP-12,1053,Жидкость ГУР,314,307.80,96649.20,2025-11-19
4499,SUP-07,1047,Предохранители набор,294,104.50,30723.00,2025-05-28
4500,SUP-08,1049,Бензонасос,86,4032.00,346752.00,2025-06-11
4501,SUP-11,1013,Фильтр АКПП,314,812.00,254968.00,2025-08-25
4502,SUP-11,1056,Щётки стеклоочистителя,231,483.60,111711.60,2025-12-07
4503,SUP-01,1047,Предохранители набор,257,133.00,34181.00,2025-04-01
4504,SUP-11,1060,Рулевой наконечник,398,767.00,305266.00,2025-07-05
4505,SUP-04,1006,Тормозная жидкость DOT-5.1,230,605.20,139196.00,2025-07-06
4506,SUP-11,1057,ШРУС наружный,354,2911.00,1030494.00,2025-01-27
4507,SUP-02,1020,Амортизатор задний,263,3120.00,820560.00,2025-06-11
4508,SUP-02,1009,Масляный фильтр,168,353.60,59404.80,2025-04-15
4509,SUP-04,1020,Амортизатор задний,191,3120.00,595920.00,2025-02-15
4510,SUP-10,1025,Пружина подвески,140,2077.00,290780.00,2025-01-02
4511,SUP-11,1001,Тормозные колодки передние,47,2074.00,97478.00,2025-09-02
4512,SUP-06,1024,Рычаг подвески,360,2646.00,952560.00,2025-09-23
4513,SUP-02,1026,Ступичный подшипник,31,1863.00,57753.00,2025-09-18
4514,SUP-01,1052,Масло АКПП,191,489.50,93494.50,2025-08-09
4515,SUP-10,1049,Бензонасос,294,3080.00,905520.00,2025-10-31
4516,SUP-06,1046,Реле,278,173.60,48260.80,2025-08-29
4517,SUP-10,1030,Помпа водяная,194,2556.00,495864.00,2025-12-12
4518,SUP-03,1019,Амортизатор передний,224,3078.00,689472.00,2025-07-29
4519,SUP-05,1031,Прокладка ГБЦ,108,1408.00,152064.00,2025-12-24
4520,SUP-02,1021,Стойка стабилизатора,220,558.60,122892.00,2025-12-18
4521,SUP-03,1015,Катушка зажигания,143,1711.00,244673.00,2025-04-23
4522,SUP-04,1009,Масляный фильтр,163,332.80,54246.40,2025-05-30
4523,SUP-09,1019,Амортизатор передний,381,3186.00,1213866.00,2025-07-17
4524,SUP-02,1032,Сальник коленвала,335,278.40,93264.00,2025-02-12
4525,SUP-08,1055,Зеркало боковое,238,2176.00,517888.00,2025-09-28
4526,SUP-02,1064,Компрессор кондиционера,122,10416.00,1270752.00,2025-12-26
4527,SUP-02,1004,Тормозные диски задние,212,3186.00,675432.00,2025-01-24
4528,SUP-07,1007,Суппорт тормозной,47,4446.00,208962.00,2025-08-17
4529,SUP-03,1040,Антифриз G12,390,386.40,150696.00,2025-01-25
4530,SUP-08,1019,Амортизатор передний,354,3294.00,1166076.00,2025-05-30
4531,SUP-12,1028,Ремень ГРМ,278,1062.00,295236.00,2025-08-22
4532,SUP-05,1056,Щётки стеклоочистителя,318,499.20,158745.60,2025-10-18
4533,SUP-12,1058,Пыльник ШРУС,128,302.40,38707.20,2025-03-11
4534,SUP-04,1059,Диск сцепления,171,2880.00,492480.00,2025-09-26
4535,SUP-11,1049,Бензонасос,306,3584.00,1096704.00,2025-10-12
4536,SUP-05,1021,Стойка стабилизатора,144,637.00,91728.00,2025-10-14
4537,SUP-10,1030,Помпа водяная,237,2232.00,528984.00,2025-11-23
4538,SUP-01,1043,Аккумулятор 75Ah,232,5369.00,1245608.00,2025-04-08
4539,SUP-07,1055,Зеркало боковое,361,2208.00,797088.00,2025-12-20
4540,SUP-10,1030,Помпа водяная,189,2592.00,489888.00,2025-09-10
4541,SUP-06,1007,Суппорт тормозной,202,4290.00,866580.00,2025-03-21
4542,SUP-03,1064,Компрессор кондиционера,275,9744.00,2679600.00,2025-02-16
4543,SUP-05,1047,Предохранители набор,377,117.80,44410.60,2025-07-27
4544,SUP-12,1035,Датчик коленвала,76,1045.00,79420.00,2025-01-29
4545,SUP-04,1037,Радиатор кондиционера,100,3933.00,393300.00,2025-09-28
4546,SUP-09,1006,Тормозная жидкость DOT-5.1,370,560.70,207459.00,2025-02-03
4547,SUP-10,1036,Радиатор охлаждения,316,4218.00,1332888.00,2025-12-19
4548,SUP-10,1009,Масляный фильтр,167,296.40,49498.80,2025-02-15
4549,SUP-02,1013,Фильтр АКПП,250,882.00,220500.00,2025-07-25
4550,SUP-04,1024,Рычаг подвески,30,2310.00,69300.00,2025-12-13
4551,SUP-02,1005,Тормозная жидкость DOT-4,317,310.50,98428.50,2025-09-05
4552,SUP-09,1050,Моторное масло 5W-40,349,421.60,147138.40,2025-05-13
4553,SUP-01,1045,Лампы H7,353,273.00,96369.00,2025-05-05
4554,SUP-10,1049,Бензонасос,302,3416.00,1031632.00,2025-12-02
4555,SUP-09,1064,Компрессор кондиционера,151,10584.00,1598184.00,2025-12-09
4556,SUP-09,1003,Тормозные диски передние,387,3534.00,1367658.00,2025-03-30
4557,SUP-11,1051,Моторное масло 5W-30,48,439.20,21081.60,2025-08-18
4558,SUP-04,1035,Датчик коленвала,171,1197.00,204687.00,2025-01-17
4559,SUP-03,1010,Воздушный фильтр,334,525.40,175483.60,2025-11-24
4560,SUP-01,1042,Аккумулятор 60Ah,363,4248.00,1542024.00,2025-01-21
4561,SUP-03,1061,Рулевая тяга,320,1188.00,380160.00,2025-06-09
4562,SUP-06,1026,Ступичный подшипник,307,1782.00,547074.00,2025-10-21
4563,SUP-04,1048,Датчик ABS,165,1239.00,204435.00,2025-01-18
4564,SUP-02,1001,Тормозные колодки передние,294,2040.00,599760.00,2025-03-03
4565,SUP-02,1024,Рычаг подвески,341,3024.00,1031184.00,2025-12-17
4566,SUP-01,1037,Радиатор кондиционера,57,3864.00,220248.00,2025-07-12
4567,SUP-08,1012,Топливный фильтр,119,518.70,61725.30,2025-04-20
4568,SUP-08,1011,Фильтр салона,305,374.00,114070.00,2025-12-06
4569,SUP-11,1037,Радиатор кондиционера,113,3864.00,436632.00,2025-09-12
4570,SUP-07,1060,Рулевой наконечник,334,910.00,303940.00,2025-04-03
4571,SUP-02,1043,Аккумулятор 75Ah,49,6097.00,298753.00,2025-10-21
4572,SUP-02,1045,Лампы H7,65,245.70,15970.50,2025-04-19
4573,SUP-01,1043,Аккумулятор 75Ah,398,5187.00,2064426.00,2025-12-30
4574,SUP-02,1018,Генератор,112,7812.00,874944.00,2025-01-30
4575,SUP-06,1024,Рычаг подвески,287,2436.00,699132.00,2025-01-06
4576,SUP-08,1014,Свечи зажигания,197,266.00,52402.00,2025-09-26
4577,SUP-01,1055,Зеркало боковое,170,1856.00,315520.00,2025-12-24
4578,SUP-11,1010,Воздушный фильтр,335,488.40,163614.00,2025-11-09
4579,SUP-05,1012,Топливный фильтр,99,500.50,49549.50,2025-09-12
4580,SUP-06,1053,Жидкость ГУР,58,297.00,17226.00,2025-12-23
4581,SUP-10,1044,Лампы H4,308,273.00,84084.00,2025-04-04
4582,SUP-05,1027,Опора амортизатора,307,1024.00,314368.00,2025-07-05
4583,SUP-06,1023,Шаровая опора,269,957.00,257433.00,2025-07-15
4584,SUP-12,1012,Топливный фильтр,102,582.40,59404.80,2025-03-30
4585,SUP-06,1050,Моторное масло 5W-40,311,414.80,129002.80,2025-06-18
4586,SUP-06,1053,Жидкость ГУР,138,318.60,43966.80,2025-10-12
4587,SUP-08,1012,Топливный фильтр,348,591.50,205842.00,2025-05-25
4588,SUP-04,1041,Вентилятор охлаждения,252,2752.00,693504.00,2025-01-24
4589,SUP-10,1014,Свечи зажигания,103,243.20,25049.60,2025-04-02
4590,SUP-05,1009,Масляный фильтр,276,301.60,83241.60,2025-01-12
4591,SUP-10,1002,Тормозные колодки задние,230,1932.00,444360.00,2025-06-10
4592,SUP-09,1050,Моторное масло 5W-40,381,435.20,165811.20,2025-03-03
4593,SUP-04,1012,Топливный фильтр,325,637.00,207025.00,2025-05-29
4594,SUP-01,1057,ШРУС наружный,42,2255.00,94710.00,2025-11-18
4595,SUP-07,1050,Моторное масло 5W-40,368,394.40,145139.20,2025-10-19
4596,SUP-05,1026,Ступичный подшипник,134,1674.00,224316.00,2025-06-04
4597,SUP-08,1012,Топливный фильтр,264,618.80,163363.20,2025-02-12
4598,SUP-10,1024,Рычаг подвески,310,2814.00,872340.00,2025-02-22
4599,SUP-11,1060,Рулевой наконечник,22,936.00,20592.00,2025-08-30
4600,SUP-04,1021,Стойка стабилизатора,328,627.20,205721.60,2025-07-19
4601,SUP-04,1011,Фильтр салона,341,448.80,153040.80,2025-09-25
4602,SUP-09,1045,Лампы H7,206,226.20,46597.20,2025-07-15
4603,SUP-05,1039,Бачок расширительный,206,854.00,175924.00,2025-10-28
4604,SUP-03,1022,Сайлентблок рычага,190,448.40,85196.00,2025-11-06
4605,SUP-01,1055,Зеркало боковое,316,2176.00,687616.00,2025-06-27
4606,SUP-10,1027,Опора амортизатора,166,1104.00,183264.00,2025-08-19
4607,SUP-10,1028,Ремень ГРМ,326,1152.00,375552.00,2025-01-30
4608,SUP-08,1006,Тормозная жидкость DOT-5.1,240,489.50,117480.00,2025-05-21
4609,SUP-10,1015,Катушка зажигания,175,1798.00,314650.00,2025-10-12
4610,SUP-10,1010,Воздушный фильтр,43,525.40,22592.20,2025-02-18
4611,SUP-09,1005,Тормозная жидкость DOT-4,398,270.00,107460.00,2025-06-24
4612,SUP-01,1039,Бачок расширительный,219,910.00,199290.00,2025-03-07
4613,SUP-11,1026,Ступичный подшипник,150,1620.00,243000.00,2025-08-13
4614,SUP-07,1020,Амортизатор задний,102,2832.00,288864.00,2025-04-15
4615,SUP-01,1016,Высоковольтные провода,106,1136.00,120416.00,2025-01-09
4616,SUP-03,1058,Пыльник ШРУС,39,383.40,14952.60,2025-12-26
4617,SUP-03,1038,Патрубок радиатора,37,372.00,13764.00,2025-02-26
4618,SUP-09,1047,Предохранители набор,84,131.10,11012.40,2025-08-25
4619,SUP-06,1045,Лампы H7,246,253.50,62361.00,2025-01-03
4620,SUP-05,1016,Высоковольтные провода,131,1088.00,142528.00,2025-04-17
4621,SUP-02,1008,Датчик износа колодок,103,455.00,46865.00,2025-01-03
4622,SUP-06,1027,Опора амортизатора,251,1088.00,273088.00,2025-04-28
4623,SUP-10,1026,Ступичный подшипник,71,1539.00,109269.00,2025-12-08
4624,SUP-10,1029,Ролик натяжителя ГРМ,86,798.00,68628.00,2025-11-16
4625,SUP-05,1040,Антифриз G12,93,375.20,34893.60,2025-05-29
4626,SUP-01,1050,Моторное масло 5W-40,377,414.80,156379.60,2025-02-01
4627,SUP-01,1023,Шаровая опора,304,971.50,295336.00,2025-08-06
4628,SUP-10,1053,Жидкость ГУР,269,383.40,103134.60,2025-01-08
4629,SUP-11,1040,Антифриз G12,40,313.60,12544.00,2025-12-10
4630,SUP-06,1008,Датчик износа колодок,25,364.00,9100.00,2025-02-19
4631,SUP-02,1054,Фара передняя,83,4224.00,350592.00,2025-08-22
4632,SUP-05,1056,Щётки стеклоочистителя,394,460.20,181318.80,2025-04-10
4633,SUP-11,1008,Датчик износа колодок,310,429.00,132990.00,2025-10-23
4634,SUP-04,1004,Тормозные диски задние,347,3078.00,1068066.00,2025-08-24
4635,SUP-08,1009,Масляный фильтр,287,369.20,105960.40,2025-07-21
4636,SUP-06,1029,Ролик натяжителя ГРМ,382,798.00,304836.00,2025-04-02
4637,SUP-12,1023,Шаровая опора,386,826.50,319029.00,2025-07-26
4638,SUP-07,1058,Пыльник ШРУС,332,356.40,118324.80,2025-11-19
4639,SUP-01,1021,Стойка стабилизатора,331,627.20,207603.20,2025-10-04
4640,SUP-01,1037,Радиатор кондиционера,43,4140.00,178020.00,2025-04-17
4641,SUP-12,1015,Катушка зажигания,309,1943.00,600387.00,2025-01-17
4642,SUP-09,1018,Генератор,380,8432.00,3204160.00,2025-02-18
4643,SUP-04,1038,Патрубок радиатора,42,347.20,14582.40,2025-12-30
4644,SUP-02,1006,Тормозная жидкость DOT-5.1,385,516.20,198737.00,2025-12-27
4645,SUP-03,1047,Предохранители набор,211,104.50,22049.50,2025-02-09
4646,SUP-09,1012,Топливный фильтр,326,564.20,183929.20,2025-03-24
4647,SUP-04,1061,Рулевая тяга,233,1170.00,272610.00,2025-10-23
4648,SUP-02,1016,Высоковольтные провода,262,1120.00,293440.00,2025-11-29
4649,SUP-03,1001,Тормозные колодки передние,392,1870.00,733040.00,2025-11-16
4650,SUP-02,1036,Радиатор охлаждения,247,4292.00,1060124.00,2025-05-21
4651,SUP-10,1060,Рулевой наконечник,45,910.00,40950.00,2025-10-11
4652,SUP-04,1019,Амортизатор передний,56,3078.00,172368.00,2025-06-12
4653,SUP-08,1020,Амортизатор задний,184,3120.00,574080.00,2025-06-11
4654,SUP-12,1004,Тормозные диски задние,58,3078.00,178524.00,2025-05-09
4655,SUP-04,1015,Катушка зажигания,200,1595.00,319000.00,2025-11-04
4656,SUP-10,1035,Датчик коленвала,237,1064.00,252168.00,2025-05-14
4657,SUP-08,1022,Сайлентблок рычага,90,547.20,49248.00,2025-09-02
4658,SUP-07,1031,Прокладка ГБЦ,387,1452.00,561924.00,2025-11-02
4659,SUP-10,1039,Бачок расширительный,348,882.00,306936.00,2025-08-03
4660,SUP-09,1017,Стартер,58,4895.00,283910.00,2025-03-06
4661,SUP-05,1046,Реле,230,176.40,40572.00,2025-12-21
4662,SUP-08,1003,Тормозные диски передние,154,3968.00,611072.00,2025-08-08
4663,SUP-08,1053,Жидкость ГУР,68,351.00,23868.00,2025-11-12
4664,SUP-10,1038,Патрубок радиатора,29,403.00,11687.00,2025-03-12
4665,SUP-09,1038,Патрубок радиатора,138,341.00,47058.00,2025-05-04
4666,SUP-02,1025,Пружина подвески,31,1705.00,52855.00,2025-11-23
4667,SUP-03,1058,Пыльник ШРУС,208,313.20,65145.60,2025-11-29
4668,SUP-02,1017,Стартер,28,6408.00,179424.00,2025-01-06
4669,SUP-05,1056,Щётки стеклоочистителя,165,483.60,79794.00,2025-04-01
4670,SUP-05,1049,Бензонасос,117,3248.00,380016.00,2025-09-14
4671,SUP-05,1054,Фара передняя,366,4160.00,1522560.00,2025-04-04
4672,SUP-06,1041,Вентилятор охлаждения,186,2924.00,543864.00,2025-09-09
4673,SUP-04,1020,Амортизатор задний,313,3024.00,946512.00,2025-06-10
4674,SUP-03,1063,Коврики салона,303,1608.00,487224.00,2025-06-03
4675,SUP-03,1004,Тормозные диски задние,291,3240.00,942840.00,2025-10-21
4676,SUP-04,1053,Жидкость ГУР,362,307.80,111423.60,2025-06-14
4677,SUP-05,1002,Тормозные колодки задние,120,1540.00,184800.00,2025-04-08
4678,SUP-10,1029,Ролик натяжителя ГРМ,234,798.00,186732.00,2025-12-27
4679,SUP-08,1042,Аккумулятор 60Ah,230,4752.00,1092960.00,2025-01-09
4680,SUP-09,1064,Компрессор кондиционера,387,10752.00,4161024.00,2025-04-09
4681,SUP-12,1005,Тормозная жидкость DOT-4,307,324.00,99468.00,2025-08-13
4682,SUP-10,1030,Помпа водяная,274,2304.00,631296.00,2025-02-24
4683,SUP-06,1048,Датчик ABS,175,1491.00,260925.00,2025-08-15
4684,SUP-04,1048,Датчик ABS,174,1365.00,237510.00,2025-02-20
4685,SUP-10,1043,Аккумулятор 75Ah,286,5915.00,1691690.00,2025-10-03
4686,SUP-07,1023,Шаровая опора,346,913.50,316071.00,2025-02-25
4687,SUP-05,1003,Тормозные диски передние,168,3906.00,656208.00,2025-12-17
4688,SUP-07,1014,Свечи зажигания,23,231.80,5331.40,2025-01-17
4689,SUP-11,1064,Компрессор кондиционера,22,11928.00,262416.00,2025-01-17
4690,SUP-04,1056,Щётки стеклоочистителя,51,538.20,27448.20,2025-07-27
4691,SUP-01,1012,Топливный фильтр,302,573.30,173136.60,2025-02-19
4692,SUP-07,1039,Бачок расширительный,180,854.00,153720.00,2025-08-27
4693,SUP-02,1043,Аккумулятор 75Ah,279,5824.00,1624896.00,2025-05-03
4694,SUP-02,1020,Амортизатор задний,35,2832.00,99120.00,2025-05-23
4695,SUP-02,1015,Катушка зажигания,34,1653.00,56202.00,2025-03-10
4696,SUP-06,1030,Помпа водяная,163,2124.00,346212.00,2025-12-02
4697,SUP-09,1023,Шаровая опора,224,841.00,188384.00,2025-10-18
4698,SUP-05,1014,Свечи зажигания,372,243.20,90470.40,2025-06-29
4699,SUP-06,1063,Коврики салона,294,1608.00,472752.00,2025-04-01
4700,SUP-08,1053,Жидкость ГУР,51,361.80,18451.80,2025-07-21
4701,SUP-11,1017,Стартер,219,6408.00,1403352.00,2025-02-22
4702,SUP-09,1054,Фара передняя,69,3712.00,256128.00,2025-06-29
4703,SUP-06,1012,Топливный фильтр,127,627.90,79743.30,2025-06-27
4704,SUP-11,1002,Тормозные колодки задние,151,1848.00,279048.00,2025-08-31
4705,SUP-07,1013,Фильтр АКПП,393,938.00,368634.00,2025-05-15
4706,SUP-09,1049,Бензонасос,246,3304.00,812784.00,2025-12-03
4707,SUP-09,1036,Радиатор охлаждения,119,4810.00,572390.00,2025-12-07
4708,SUP-08,1055,Зеркало боковое,121,1984.00,240064.00,2025-04-21
4709,SUP-10,1002,Тормозные колодки задние,153,2016.00,308448.00,2025-02-28
4710,SUP-02,1031,Прокладка ГБЦ,50,1386.00,69300.00,2025-09-18
4711,SUP-06,1019,Амортизатор передний,216,3132.00,676512.00,2025-09-24
4712,SUP-08,1019,Амортизатор передний,145,3294.00,477630.00,2025-11-24
4713,SUP-07,1057,ШРУС наружный,212,2788.00,591056.00,2025-02-21
4714,SUP-01,1008,Датчик износа колодок,347,448.50,155629.50,2025-03-23
4715,SUP-08,1017,Стартер,185,5696.00,1053760.00,2025-12-26
4716,SUP-05,1010,Воздушный фильтр,118,458.80,54138.40,2025-03-10
4717,SUP-02,1059,Диск сцепления,318,2745.00,872910.00,2025-03-05
4718,SUP-06,1053,Жидкость ГУР,232,383.40,88948.80,2025-08-11
4719,SUP-10,1006,Тормозная жидкость DOT-5.1,362,542.90,196529.80,2025-03-30
4720,SUP-01,1056,Щётки стеклоочистителя,309,522.60,161483.40,2025-08-31
4721,SUP-05,1012,Топливный фильтр,213,500.50,106606.50,2025-02-28
4722,SUP-06,1019,Амортизатор передний,21,3726.00,78246.00,2025-10-20
4723,SUP-06,1004,Тормозные диски задние,336,2970.00,997920.00,2025-05-10
4724,SUP-08,1046,Реле,246,154.00,37884.00,2025-12-05
4725,SUP-08,1021,Стойка стабилизатора,221,558.60,123450.60,2025-11-10
4726,SUP-01,1033,Термостат,377,715.00,269555.00,2025-04-30
4727,SUP-04,1037,Радиатор кондиционера,187,4761.00,890307.00,2025-03-25
4728,SUP-01,1007,Суппорт тормозной,356,4290.00,1527240.00,2025-12-02
4729,SUP-05,1004,Тормозные диски задние,322,3618.00,1164996.00,2025-04-05
4730,SUP-07,1043,Аккумулятор 75Ah,347,5369.00,1863043.00,2025-11-02
4731,SUP-10,1035,Датчик коленвала,315,1178.00,371070.00,2025-12-15
4732,SUP-08,1012,Топливный фильтр,364,637.00,231868.00,2025-09-06
4733,SUP-07,1056,Щётки стеклоочистителя,181,460.20,83296.20,2025-11-02
4734,SUP-03,1053,Жидкость ГУР,219,367.20,80416.80,2025-04-17
4735,SUP-06,1023,Шаровая опора,264,928.00,244992.00,2025-10-18
4736,SUP-02,1002,Тормозные колодки задние,60,1792.00,107520.00,2025-05-09
4737,SUP-08,1020,Амортизатор задний,318,3456.00,1099008.00,2025-07-29
4738,SUP-12,1057,ШРУС наружный,298,2542.00,757516.00,2025-08-14
4739,SUP-10,1030,Помпа водяная,146,2160.00,315360.00,2025-01-19
4740,SUP-02,1012,Топливный фильтр,296,527.80,156228.80,2025-03-16
4741,SUP-10,1056,Щётки стеклоочистителя,288,483.60,139276.80,2025-12-03
4742,SUP-01,1044,Лампы H4,29,247.80,7186.20,2025-04-13
4743,SUP-01,1017,Стартер,294,6319.00,1857786.00,2025-10-05
4744,SUP-12,1019,Амортизатор передний,399,3834.00,1529766.00,2025-09-29
4745,SUP-07,1002,Тормозные колодки задние,394,1652.00,650888.00,2025-06-06
4746,SUP-06,1047,Предохранители набор,120,127.30,15276.00,2025-02-28
4747,SUP-04,1043,Аккумулятор 75Ah,120,5642.00,677040.00,2025-11-19
4748,SUP-07,1039,Бачок расширительный,20,840.00,16800.00,2025-09-06
4749,SUP-01,1050,Моторное масло 5W-40,58,394.40,22875.20,2025-11-02
4750,SUP-03,1004,Тормозные диски задние,113,3348.00,378324.00,2025-05-23
4751,SUP-05,1061,Рулевая тяга,333,1206.00,401598.00,2025-02-10
4752,SUP-05,1029,Ролик натяжителя ГРМ,345,798.00,275310.00,2025-02-17
4753,SUP-10,1054,Фара передняя,281,4416.00,1240896.00,2025-04-17
4754,SUP-08,1002,Тормозные колодки задние,165,1904.00,314160.00,2025-12-17
4755,SUP-09,1022,Сайлентблок рычага,371,456.00,169176.00,2025-10-27
4756,SUP-02,1002,Тормозные колодки задние,35,1820.00,63700.00,2025-12-20
4757,SUP-03,1052,Масло АКПП,36,489.50,17622.00,2025-08-12
4758,SUP-11,1041,Вентилятор охлаждения,55,2623.00,144265.00,2025-06-22
4759,SUP-05,1051,Моторное масло 5W-30,131,410.40,53762.40,2025-10-16
4760,SUP-09,1039,Бачок расширительный,107,770.00,82390.00,2025-12-03
4761,SUP-03,1059,Диск сцепления,328,2835.00,929880.00,2025-03-07
4762,SUP-08,1003,Тормозные диски передние,211,4216.00,889576.00,2025-08-27
4763,SUP-01,1031,Прокладка ГБЦ,300,1452.00,435600.00,2025-09-29
4764,SUP-05,1063,Коврики салона,321,1656.00,531576.00,2025-09-22
4765,SUP-06,1031,Прокладка ГБЦ,202,1452.00,293304.00,2025-05-05
4766,SUP-03,1055,Зеркало боковое,234,2016.00,471744.00,2025-06-10
4767,SUP-03,1008,Датчик износа колодок,296,422.50,125060.00,2025-06-30
4768,SUP-11,1059,Диск сцепления,30,3105.00,93150.00,2025-02-20
4769,SUP-02,1037,Радиатор кондиционера,392,3864.00,1514688.00,2025-03-13
4770,SUP-03,1010,Воздушный фильтр,66,510.60,33699.60,2025-09-27
4771,SUP-08,1036,Радиатор охлаждения,279,5254.00,1465866.00,2025-10-19
4772,SUP-07,1003,Тормозные диски передние,26,4340.00,112840.00,2025-08-02
4773,SUP-08,1038,Патрубок радиатора,170,390.60,66402.00,2025-03-21
4774,SUP-07,1008,Датчик износа колодок,174,448.50,78039.00,2025-08-22
4775,SUP-12,1053,Жидкость ГУР,219,345.60,75686.40,2025-10-09
4776,SUP-08,1011,Фильтр салона,396,380.80,150796.80,2025-04-16
4777,SUP-05,1040,Антифриз G12,387,397.60,153871.20,2025-07-29
4778,SUP-01,1046,Реле,232,187.60,43523.20,2025-04-16
4779,SUP-07,1035,Датчик коленвала,29,1159.00,33611.00,2025-05-11
4780,SUP-05,1064,Компрессор кондиционера,123,11088.00,1363824.00,2025-07-13
4781,SUP-02,1008,Датчик износа колодок,338,377.00,127426.00,2025-04-07
4782,SUP-07,1051,Моторное масло 5W-30,309,403.20,124588.80,2025-11-22
4783,SUP-10,1006,Тормозная жидкость DOT-5.1,311,507.30,157770.30,2025-08-12
4784,SUP-12,1024,Рычаг подвески,303,2520.00,763560.00,2025-04-02
4785,SUP-08,1063,Коврики салона,258,1440.00,371520.00,2025-02-13
4786,SUP-12,1048,Датчик ABS,173,1302.00,225246.00,2025-11-27
4787,SUP-09,1023,Шаровая опора,151,899.00,135749.00,2025-03-24
4788,SUP-07,1002,Тормозные колодки задние,103,1960.00,201880.00,2025-08-23
4789,SUP-02,1061,Рулевая тяга,191,1116.00,213156.00,2025-07-21
4790,SUP-03,1016,Высоковольтные провода,103,896.00,92288.00,2025-04-09
4791,SUP-04,1022,Сайлентблок рычага,73,494.00,36062.00,2025-10-29
4792,SUP-01,1008,Датчик износа колодок,157,377.00,59189.00,2025-08-02
4793,SUP-09,1057,ШРУС наружный,64,2665.00,170560.00,2025-04-13
4794,SUP-02,1007,Суппорт тормозной,222,5226.00,1160172.00,2025-12-11
4795,SUP-06,1052,Масло АКПП,385,489.50,188457.50,2025-06-15
4796,SUP-05,1012,Топливный фильтр,240,546.00,131040.00,2025-04-29
4797,SUP-08,1039,Бачок расширительный,154,868.00,133672.00,2025-11-16
4798,SUP-03,1020,Амортизатор задний,227,2640.00,599280.00,2025-08-27
4799,SUP-11,1061,Рулевая тяга,165,1260.00,207900.00,2025-08-22
4800,SUP-08,1032,Сальник коленвала,125,297.60,37200.00,2025-03-25
4801,SUP-05,1059,Диск сцепления,93,2565.00,238545.00,2025-09-03
4802,SUP-11,1036,Радиатор охлаждения,132,5106.00,673992.00,2025-05-21
4803,SUP-06,1027,Опора амортизатора,45,1104.00,49680.00,2025-05-19
4804,SUP-01,1059,Диск сцепления,254,3105.00,788670.00,2025-10-17
4805,SUP-11,1011,Фильтр салона,323,374.00,120802.00,2025-01-07
4806,SUP-05,1056,Щётки стеклоочистителя,204,452.40,92289.60,2025-09-01
4807,SUP-11,1045,Лампы H7,41,245.70,10073.70,2025-08-29
4808,SUP-09,1064,Компрессор кондиционера,259,11760.00,3045840.00,2025-11-25
4809,SUP-05,1056,Щётки стеклоочистителя,44,507.00,22308.00,2025-06-06
4810,SUP-02,1037,Радиатор кондиционера,365,3864.00,1410360.00,2025-05-22
4811,SUP-10,1003,Тормозные диски передние,89,4278.00,380742.00,2025-04-11
4812,SUP-05,1049,Бензонасос,321,3696.00,1186416.00,2025-09-22
4813,SUP-12,1010,Воздушный фильтр,101,444.00,44844.00,2025-10-07
4814,SUP-02,1025,Пружина подвески,55,1891.00,104005.00,2025-05-23
4815,SUP-01,1064,Компрессор кондиционера,121,11424.00,1382304.00,2025-08-10
4816,SUP-05,1018,Генератор,81,8556.00,693036.00,2025-11-15
4817,SUP-02,1022,Сайлентблок рычага,196,418.00,81928.00,2025-02-10
4818,SUP-09,1027,Опора амортизатора,268,1024.00,274432.00,2025-05-13
4819,SUP-08,1041,Вентилятор охлаждения,161,3053.00,491533.00,2025-03-21
4820,SUP-03,1064,Компрессор кондиционера,53,11256.00,596568.00,2025-02-10
4821,SUP-11,1016,Высоковольтные провода,224,1088.00,243712.00,2025-08-08
4822,SUP-09,1008,Датчик износа колодок,111,396.50,44011.50,2025-03-02
4823,SUP-08,1013,Фильтр АКПП,392,952.00,373184.00,2025-12-03
4824,SUP-11,1055,Зеркало боковое,113,2080.00,235040.00,2025-05-20
4825,SUP-12,1045,Лампы H7,380,226.20,85956.00,2025-08-07
4826,SUP-03,1058,Пыльник ШРУС,339,340.20,115327.80,2025-02-25
4827,SUP-04,1013,Фильтр АКПП,36,770.00,27720.00,2025-08-23
4828,SUP-07,1029,Ролик натяжителя ГРМ,111,868.00,96348.00,2025-10-25
4829,SUP-09,1030,Помпа водяная,349,2196.00,766404.00,2025-08-01
4830,SUP-08,1045,Лампы H7,301,276.90,83346.90,2025-04-15
4831,SUP-10,1059,Диск сцепления,243,2610.00,634230.00,2025-12-25
4832,SUP-02,1005,Тормозная жидкость DOT-4,261,315.00,82215.00,2025-07-23
4833,SUP-02,1014,Свечи зажигания,153,258.40,39535.20,2025-06-30
4834,SUP-02,1028,Ремень ГРМ,185,1170.00,216450.00,2025-01-17
4835,SUP-11,1058,Пыльник ШРУС,23,324.00,7452.00,2025-05-25
4836,SUP-04,1004,Тормозные диски задние,333,3294.00,1096902.00,2025-12-12
4837,SUP-11,1021,Стойка стабилизатора,365,617.40,225351.00,2025-02-26
4838,SUP-02,1012,Топливный фильтр,320,627.90,200928.00,2025-02-15
4839,SUP-12,1058,Пыльник ШРУС,54,340.20,18370.80,2025-06-20
4840,SUP-11,1028,Ремень ГРМ,258,1260.00,325080.00,2025-06-08
4841,SUP-11,1028,Ремень ГРМ,247,1062.00,262314.00,2025-08-08
4842,SUP-08,1039,Бачок расширительный,385,924.00,355740.00,2025-10-02
4843,SUP-03,1048,Датчик ABS,96,1281.00,122976.00,2025-07-21
4844,SUP-04,1024,Рычаг подвески,384,3024.00,1161216.00,2025-05-27
4845,SUP-11,1020,Амортизатор задний,354,3120.00,1104480.00,2025-10-11
4846,SUP-11,1027,Опора амортизатора,160,1072.00,171520.00,2025-11-02
4847,SUP-09,1064,Компрессор кондиционера,133,12096.00,1608768.00,2025-10-30
4848,SUP-06,1024,Рычаг подвески,305,2310.00,704550.00,2025-02-21
4849,SUP-01,1023,Шаровая опора,290,928.00,269120.00,2025-08-15
4850,SUP-09,1040,Антифриз G12,316,380.80,120332.80,2025-06-22
4851,SUP-11,1043,Аккумулятор 75Ah,259,5096.00,1319864.00,2025-09-06
4852,SUP-10,1042,Аккумулятор 60Ah,78,4392.00,342576.00,2025-05-04
4853,SUP-10,1045,Лампы H7,354,241.80,85597.20,2025-12-30
4854,SUP-02,1023,Шаровая опора,398,942.50,375115.00,2025-10-20
4855,SUP-05,1011,Фильтр салона,332,394.40,130940.80,2025-08-22
4856,SUP-08,1058,Пыльник ШРУС,216,361.80,78148.80,2025-01-31
4857,SUP-09,1024,Рычаг подвески,158,2562.00,404796.00,2025-12-14
4858,SUP-06,1033,Термостат,45,759.00,34155.00,2025-09-21
4859,SUP-06,1040,Антифриз G12,210,324.80,68208.00,2025-09-15
4860,SUP-04,1017,Стартер,213,5162.00,1099506.00,2025-05-07
4861,SUP-10,1030,Помпа водяная,198,1980.00,392040.00,2025-07-19
4862,SUP-04,1008,Датчик износа колодок,398,377.00,150046.00,2025-04-16
4863,SUP-07,1030,Помпа водяная,52,2268.00,117936.00,2025-11-18
4864,SUP-09,1037,Радиатор кондиционера,232,3864.00,896448.00,2025-12-29
4865,SUP-10,1050,Моторное масло 5W-40,95,374.00,35530.00,2025-01-15
4866,SUP-05,1053,Жидкость ГУР,149,388.80,57931.20,2025-07-20
4867,SUP-06,1047,Предохранители набор,197,129.20,25452.40,2025-02-15
4868,SUP-10,1057,ШРУС наружный,316,2542.00,803272.00,2025-05-17
4869,SUP-02,1002,Тормозные колодки задние,187,1568.00,293216.00,2025-04-18
4870,SUP-06,1022,Сайлентблок рычага,116,433.20,50251.20,2025-03-10
4871,SUP-11,1011,Фильтр салона,123,442.00,54366.00,2025-09-24
4872,SUP-12,1033,Термостат,366,660.00,241560.00,2025-09-30
4873,SUP-11,1002,Тормозные колодки задние,213,1988.00,423444.00,2025-04-14
4874,SUP-05,1038,Патрубок радиатора,376,353.40,132878.40,2025-08-10
4875,SUP-03,1014,Свечи зажигания,359,254.60,91401.40,2025-05-13
4876,SUP-11,1031,Прокладка ГБЦ,65,1232.00,80080.00,2025-04-28
4877,SUP-06,1054,Фара передняя,234,4032.00,943488.00,2025-09-24
4878,SUP-06,1008,Датчик износа колодок,195,461.50,89992.50,2025-04-20
4879,SUP-03,1008,Датчик износа колодок,277,422.50,117032.50,2025-10-27
4880,SUP-08,1009,Масляный фильтр,50,374.40,18720.00,2025-07-15
4881,SUP-08,1038,Патрубок радиатора,177,434.00,76818.00,2025-12-31
4882,SUP-06,1007,Суппорт тормозной,123,4836.00,594828.00,2025-11-09
4883,SUP-02,1023,Шаровая опора,29,870.00,25230.00,2025-10-16
4884,SUP-01,1054,Фара передняя,227,3968.00,900736.00,2025-09-10
4885,SUP-03,1031,Прокладка ГБЦ,83,1474.00,122342.00,2025-11-22
4886,SUP-07,1056,Щётки стеклоочистителя,334,468.00,156312.00,2025-12-08
4887,SUP-08,1028,Ремень ГРМ,156,1098.00,171288.00,2025-03-02
4888,SUP-09,1019,Амортизатор передний,28,3888.00,108864.00,2025-11-11
4889,SUP-03,1023,Шаровая опора,318,1000.50,318159.00,2025-08-11
4890,SUP-07,1053,Жидкость ГУР,60,367.20,22032.00,2025-08-06
4891,SUP-08,1041,Вентилятор охлаждения,371,2666.00,989086.00,2025-01-05
4892,SUP-05,1011,Фильтр салона,340,394.40,134096.00,2025-10-04
4893,SUP-04,1029,Ролик натяжителя ГРМ,79,938.00,74102.00,2025-12-18
4894,SUP-07,1059,Диск сцепления,221,2970.00,656370.00,2025-03-16
4895,SUP-12,1057,ШРУС наружный,339,2788.00,945132.00,2025-12-30
4896,SUP-09,1046,Реле,335,159.60,53466.00,2025-08-04
4897,SUP-09,1021,Стойка стабилизатора,124,548.80,68051.20,2025-11-13
4898,SUP-06,1039,Бачок расширительный,355,798.00,283290.00,2025-12-02
4899,SUP-06,1043,Аккумулятор 75Ah,385,6279.00,2417415.00,2025-12-01
4900,SUP-07,1001,Тормозные колодки передние,101,2108.00,212908.00,2025-11-12
4901,SUP-03,1024,Рычаг подвески,203,2394.00,485982.00,2025-06-14
4902,SUP-04,1003,Тормозные диски передние,82,3968.00,325376.00,2025-11-19
4903,SUP-09,1025,Пружина подвески,267,1736.00,463512.00,2025-09-04
4904,SUP-02,1002,Тормозные колодки задние,142,1792.00,254464.00,2025-01-05
4905,SUP-11,1044,Лампы H4,209,281.40,58812.60,2025-04-15
4906,SUP-04,1031,Прокладка ГБЦ,68,1584.00,107712.00,2025-06-07
4907,SUP-02,1049,Бензонасос,206,3584.00,738304.00,2025-01-14
4908,SUP-01,1030,Помпа водяная,323,2268.00,732564.00,2025-11-26
4909,SUP-02,1035,Датчик коленвала,266,1368.00,363888.00,2025-04-24
4910,SUP-01,1022,Сайлентблок рычага,325,516.80,167960.00,2025-10-06
4911,SUP-01,1057,ШРУС наружный,168,2337.00,392616.00,2025-06-08
4912,SUP-01,1039,Бачок расширительный,270,966.00,260820.00,2025-03-22
4913,SUP-01,1008,Датчик износа колодок,281,370.50,104110.50,2025-01-10
4914,SUP-08,1064,Компрессор кондиционера,149,11088.00,1652112.00,2025-03-20
4915,SUP-04,1010,Воздушный фильтр,341,444.00,151404.00,2025-10-06
4916,SUP-05,1059,Диск сцепления,139,2835.00,394065.00,2025-12-02
4917,SUP-09,1007,Суппорт тормозной,102,4680.00,477360.00,2025-02-08
4918,SUP-03,1005,Тормозная жидкость DOT-4,214,292.50,62595.00,2025-12-14
4919,SUP-01,1026,Ступичный подшипник,123,1890.00,232470.00,2025-06-28
4920,SUP-12,1034,Комплект сцепления,100,6076.00,607600.00,2025-10-15
4921,SUP-01,1017,Стартер,50,5073.00,253650.00,2025-01-18
4922,SUP-07,1042,Аккумулятор 60Ah,307,4608.00,1414656.00,2025-01-01
4923,SUP-07,1035,Датчик коленвала,378,1254.00,474012.00,2025-03-18
4924,SUP-04,1017,Стартер,365,5340.00,1949100.00,2025-04-22
4925,SUP-12,1007,Суппорт тормозной,35,5226.00,182910.00,2025-07-11
4926,SUP-12,1039,Бачок расширительный,110,924.00,101640.00,2025-12-20
4927,SUP-08,1034,Комплект сцепления,80,6860.00,548800.00,2025-03-01
4928,SUP-07,1023,Шаровая опора,131,986.00,129166.00,2025-04-13
4929,SUP-01,1056,Щётки стеклоочистителя,141,475.80,67087.80,2025-06-13
4930,SUP-09,1045,Лампы H7,399,261.30,104258.70,2025-09-15
4931,SUP-08,1062,Насос ГУР,157,6608.00,1037456.00,2025-02-18
4932,SUP-01,1005,Тормозная жидкость DOT-4,104,315.00,32760.00,2025-11-25
4933,SUP-11,1063,Коврики салона,24,1392.00,33408.00,2025-03-23
4934,SUP-10,1049,Бензонасос,356,3864.00,1375584.00,2025-10-02
4935,SUP-05,1043,Аккумулятор 75Ah,197,5460.00,1075620.00,2025-10-05
4936,SUP-11,1021,Стойка стабилизатора,160,686.00,109760.00,2025-09-11
4937,SUP-05,1059,Диск сцепления,326,2970.00,968220.00,2025-06-25
4938,SUP-10,1021,Стойка стабилизатора,141,578.20,81526.20,2025-01-01
4939,SUP-08,1002,Тормозные колодки задние,125,1736.00,217000.00,2025-08-27
4940,SUP-11,1027,Опора амортизатора,162,880.00,142560.00,2025-08-04
4941,SUP-02,1042,Аккумулятор 60Ah,34,4176.00,141984.00,2025-12-12
4942,SUP-03,1039,Бачок расширительный,303,1008.00,305424.00,2025-03-05
4943,SUP-08,1020,Амортизатор задний,302,3456.00,1043712.00,2025-03-10
4944,SUP-04,1005,Тормозная жидкость DOT-4,148,310.50,45954.00,2025-02-18
4945,SUP-01,1037,Радиатор кондиционера,86,4071.00,350106.00,2025-06-17
4946,SUP-11,1018,Генератор,138,7564.00,1043832.00,2025-03-20
4947,SUP-06,1020,Амортизатор задний,79,2688.00,212352.00,2025-07-29
4948,SUP-08,1041,Вентилятор охлаждения,35,2924.00,102340.00,2025-11-25
4949,SUP-11,1020,Амортизатор задний,335,3456.00,1157760.00,2025-06-01
4950,SUP-08,1047,Предохранители набор,386,121.60,46937.60,2025-09-24
4951,SUP-04,1030,Помпа водяная,280,2340.00,655200.00,2025-08-02
4952,SUP-05,1049,Бензонасос,377,3248.00,1224496.00,2025-11-19
4953,SUP-08,1030,Помпа водяная,293,2232.00,653976.00,2025-06-21
4954,SUP-10,1021,Стойка стабилизатора,311,686.00,213346.00,2025-10-15
4955,SUP-07,1014,Свечи зажигания,208,250.80,52166.40,2025-04-03
4956,SUP-08,1039,Бачок расширительный,177,952.00,168504.00,2025-11-02
4957,SUP-05,1047,Предохранители набор,79,108.30,8555.70,2025-06-13
4958,SUP-12,1028,Ремень ГРМ,220,1098.00,241560.00,2025-01-30
4959,SUP-02,1042,Аккумулятор 60Ah,28,5184.00,145152.00,2025-10-28
4960,SUP-09,1012,Топливный фильтр,288,509.60,146764.80,2025-02-25
4961,SUP-12,1035,Датчик коленвала,102,1273.00,129846.00,2025-06-17
4962,SUP-07,1007,Суппорт тормозной,216,4446.00,960336.00,2025-09-30
4963,SUP-02,1036,Радиатор охлаждения,191,4366.00,833906.00,2025-02-23
4964,SUP-04,1032,Сальник коленвала,254,273.60,69494.40,2025-11-28
4965,SUP-02,1008,Датчик износа колодок,107,357.50,38252.50,2025-11-11
4966,SUP-07,1052,Масло АКПП,47,560.70,26352.90,2025-11-24
4967,SUP-11,1009,Масляный фильтр,206,343.20,70699.20,2025-10-23
4968,SUP-05,1049,Бензонасос,192,3528.00,677376.00,2025-02-09
4969,SUP-10,1064,Компрессор кондиционера,160,12096.00,1935360.00,2025-05-11
4970,SUP-10,1060,Рулевой наконечник,36,793.00,28548.00,2025-01-25
4971,SUP-11,1051,Моторное масло 5W-30,94,468.00,43992.00,2025-06-03
4972,SUP-12,1022,Сайлентблок рычага,371,509.20,188913.20,2025-03-29
4973,SUP-06,1037,Радиатор кондиционера,383,4209.00,1612047.00,2025-06-24
4974,SUP-03,1047,Предохранители набор,312,125.40,39124.80,2025-06-04
4975,SUP-03,1027,Опора амортизатора,259,1024.00,265216.00,2025-07-19
4976,SUP-04,1064,Компрессор кондиционера,198,10584.00,2095632.00,2025-11-07
4977,SUP-10,1025,Пружина подвески,268,1829.00,490172.00,2025-09-23
4978,SUP-07,1055,Зеркало боковое,310,2016.00,624960.00,2025-01-13
4979,SUP-02,1040,Антифриз G12,183,358.40,65587.20,2025-02-08
4980,SUP-02,1043,Аккумулятор 75Ah,346,5642.00,1952132.00,2025-07-23
4981,SUP-05,1007,Суппорт тормозной,296,4836.00,1431456.00,2025-02-02
4982,SUP-12,1052,Масло АКПП,218,516.20,112531.60,2025-03-10
4983,SUP-02,1032,Сальник коленвала,22,316.80,6969.60,2025-06-28
4984,SUP-10,1005,Тормозная жидкость DOT-4,398,283.50,112833.00,2025-09-04
4985,SUP-01,1054,Фара передняя,27,4544.00,122688.00,2025-06-08
4986,SUP-04,1061,Рулевая тяга,306,1296.00,396576.00,2025-06-15
4987,SUP-12,1024,Рычаг подвески,200,2394.00,478800.00,2025-04-05
4988,SUP-10,1034,Комплект сцепления,294,5390.00,1584660.00,2025-07-22
4989,SUP-04,1052,Масло АКПП,303,623.00,188769.00,2025-08-19
4990,SUP-02,1059,Диск сцепления,190,2835.00,538650.00,2025-08-12
4991,SUP-01,1060,Рулевой наконечник,329,936.00,307944.00,2025-04-23
4992,SUP-06,1052,Масло АКПП,179,516.20,92399.80,2025-12-06
4993,SUP-01,1023,Шаровая опора,303,812.00,246036.00,2025-10-22
4994,SUP-02,1031,Прокладка ГБЦ,183,1364.00,249612.00,2025-02-26
4995,SUP-07,1048,Датчик ABS,145,1344.00,194880.00,2025-04-20
4996,SUP-07,1006,Тормозная жидкость DOT-5.1,394,587.40,231435.60,2025-01-03
4997,SUP-10,1064,Компрессор кондиционера,280,10416.00,2916480.00,2025-07-04
4998,SUP-08,1002,Тормозные колодки задние,100,1596.00,159600.00,2025-12-11
4999,SUP-06,1051,Моторное масло 5W-30,62,453.60,28123.20,2025-02-04
5000,SUP-05,1024,Рычаг подвески,151,2772.00,418572.00,2025-02-04
5001,SUP-02,1048,Датчик ABS,151,1239.00,187089.00,2025-11-16
5002,SUP-05,1011,Фильтр салона,106,387.60,41085.60,2025-05-24
5003,SUP-05,1026,Ступичный подшипник,369,1836.00,677484.00,2025-09-20
5004,SUP-04,1010,Воздушный фильтр,64,414.40,26521.60,2025-06-22
5005,SUP-04,1009,Масляный фильтр,60,306.80,18408.00,2025-07-12
5006,SUP-03,1062,Насос ГУР,382,7280.00,2780960.00,2025-08-03
5007,SUP-07,1053,Жидкость ГУР,364,356.40,129729.60,2025-03-20
5008,SUP-06,1064,Компрессор кондиционера,71,10752.00,763392.00,2025-02-02
5009,SUP-04,1045,Лампы H7,76,261.30,19858.80,2025-10-01
5010,SUP-04,1003,Тормозные диски передние,287,3534.00,1014258.00,2025-02-13
5011,SUP-02,1007,Суппорт тормозной,177,5226.00,925002.00,2025-07-04
5012,SUP-04,1029,Ролик натяжителя ГРМ,135,770.00,103950.00,2025-01-05
5013,SUP-05,1051,Моторное масло 5W-30,77,489.60,37699.20,2025-02-03
5014,SUP-11,1052,Масло АКПП,89,631.90,56239.10,2025-06-13
5015,SUP-02,1037,Радиатор кондиционера,217,4278.00,928326.00,2025-06-29
5016,SUP-02,1046,Реле,184,184.80,34003.20,2025-04-28
5017,SUP-05,1062,Насос ГУР,358,7728.00,2766624.00,2025-05-08
5018,SUP-07,1036,Радиатор охлаждения,139,4292.00,596588.00,2025-10-06
5019,SUP-08,1004,Тормозные диски задние,393,3078.00,1209654.00,2025-09-18
5020,SUP-03,1043,Аккумулятор 75Ah,279,5005.00,1396395.00,2025-03-28
5021,SUP-08,1017,Стартер,342,6230.00,2130660.00,2025-01-29
5022,SUP-02,1006,Тормозная жидкость DOT-5.1,390,507.30,197847.00,2025-09-30
5023,SUP-05,1053,Жидкость ГУР,23,367.20,8445.60,2025-10-26
5024,SUP-08,1058,Пыльник ШРУС,216,361.80,78148.80,2025-05-22
5025,SUP-01,1020,Амортизатор задний,205,2640.00,541200.00,2025-09-02
5026,SUP-01,1053,Жидкость ГУР,328,345.60,113356.80,2025-07-26
5027,SUP-02,1013,Фильтр АКПП,43,952.00,40936.00,2025-09-05
5028,SUP-08,1034,Комплект сцепления,135,6370.00,859950.00,2025-03-29
5029,SUP-01,1018,Генератор,160,8556.00,1368960.00,2025-05-12
5030,SUP-03,1057,ШРУС наружный,312,2542.00,793104.00,2025-07-05
5031,SUP-04,1035,Датчик коленвала,235,1102.00,258970.00,2025-01-24
5032,SUP-09,1032,Сальник коленвала,222,278.40,61804.80,2025-08-13
5033,SUP-10,1015,Катушка зажигания,107,2001.00,214107.00,2025-06-04
5034,SUP-06,1017,Стартер,238,4895.00,1165010.00,2025-10-15
5035,SUP-12,1043,Аккумулятор 75Ah,79,5733.00,452907.00,2025-12-19
5036,SUP-10,1064,Компрессор кондиционера,141,10752.00,1516032.00,2025-02-15
5037,SUP-05,1045,Лампы H7,238,280.80,66830.40,2025-05-16
5038,SUP-10,1036,Радиатор охлаждения,20,4958.00,99160.00,2025-05-18
5039,SUP-09,1023,Шаровая опора,273,841.00,229593.00,2025-02-22
5040,SUP-06,1008,Датчик износа колодок,75,357.50,26812.50,2025-05-04
5041,SUP-04,1003,Тормозные диски передние,27,3720.00,100440.00,2025-01-20
5042,SUP-03,1031,Прокладка ГБЦ,139,1364.00,189596.00,2025-09-25
5043,SUP-02,1033,Термостат,192,649.00,124608.00,2025-07-29
5044,SUP-10,1005,Тормозная жидкость DOT-4,237,274.50,65056.50,2025-08-17
5045,SUP-12,1058,Пыльник ШРУС,367,367.20,134762.40,2025-12-23
5046,SUP-12,1039,Бачок расширительный,156,938.00,146328.00,2025-10-05
5047,SUP-05,1007,Суппорт тормозной,304,5304.00,1612416.00,2025-04-24
5048,SUP-10,1042,Аккумулятор 60Ah,161,4032.00,649152.00,2025-10-30
5049,SUP-06,1035,Датчик коленвала,28,1178.00,32984.00,2025-12-01
5050,SUP-03,1059,Диск сцепления,221,2745.00,606645.00,2025-01-29
5051,SUP-06,1037,Радиатор кондиционера,316,3864.00,1221024.00,2025-09-13
5052,SUP-06,1055,Зеркало боковое,22,2272.00,49984.00,2025-03-24
5053,SUP-02,1050,Моторное масло 5W-40,89,394.40,35101.60,2025-05-29
5054,SUP-09,1061,Рулевая тяга,290,1188.00,344520.00,2025-11-26
5055,SUP-09,1031,Прокладка ГБЦ,178,1408.00,250624.00,2025-03-05
5056,SUP-11,1033,Термостат,374,660.00,246840.00,2025-08-24
5057,SUP-05,1004,Тормозные диски задние,235,3618.00,850230.00,2025-07-28
5058,SUP-09,1006,Тормозная жидкость DOT-5.1,21,569.60,11961.60,2025-02-05
5059,SUP-08,1046,Реле,173,156.80,27126.40,2025-05-29
5060,SUP-11,1033,Термостат,219,682.00,149358.00,2025-07-14
5061,SUP-11,1033,Термостат,334,715.00,238810.00,2025-03-04
5062,SUP-03,1012,Топливный фильтр,142,500.50,71071.00,2025-09-24
5063,SUP-11,1021,Стойка стабилизатора,162,607.60,98431.20,2025-04-28
5064,SUP-08,1021,Стойка стабилизатора,307,578.20,177507.40,2025-12-02
5065,SUP-10,1060,Рулевой наконечник,145,910.00,131950.00,2025-05-09
5066,SUP-04,1029,Ролик натяжителя ГРМ,111,966.00,107226.00,2025-04-18
5067,SUP-10,1048,Датчик ABS,56,1323.00,74088.00,2025-09-14
5068,SUP-02,1058,Пыльник ШРУС,328,334.80,109814.40,2025-09-24
5069,SUP-02,1001,Тормозные колодки передние,54,2346.00,126684.00,2025-12-31
5070,SUP-10,1064,Компрессор кондиционера,159,10752.00,1709568.00,2025-05-09
5071,SUP-02,1029,Ролик натяжителя ГРМ,147,994.00,146118.00,2025-03-18
5072,SUP-08,1046,Реле,117,159.60,18673.20,2025-09-28
5073,SUP-05,1021,Стойка стабилизатора,124,539.00,66836.00,2025-12-21
5074,SUP-06,1037,Радиатор кондиционера,211,4692.00,990012.00,2025-02-28
5075,SUP-11,1029,Ролик натяжителя ГРМ,127,854.00,108458.00,2025-10-04
5076,SUP-05,1054,Фара передняя,287,3584.00,1028608.00,2025-11-08
5077,SUP-08,1016,Высоковольтные провода,205,1088.00,223040.00,2025-02-25
5078,SUP-03,1027,Опора амортизатора,42,1008.00,42336.00,2025-12-05
5079,SUP-01,1042,Аккумулятор 60Ah,23,4824.00,110952.00,2025-03-12
5080,SUP-04,1048,Датчик ABS,217,1176.00,255192.00,2025-04-12
5081,SUP-03,1010,Воздушный фильтр,287,473.60,135923.20,2025-12-13
5082,SUP-12,1030,Помпа водяная,295,2412.00,711540.00,2025-06-06
5083,SUP-11,1063,Коврики салона,134,1656.00,221904.00,2025-07-10
5084,SUP-02,1055,Зеркало боковое,311,1952.00,607072.00,2025-02-20
5085,SUP-10,1047,Предохранители набор,46,115.90,5331.40,2025-07-20
5086,SUP-09,1003,Тормозные диски передние,347,3472.00,1204784.00,2025-01-29
5087,SUP-04,1004,Тормозные диски задние,69,3024.00,208656.00,2025-11-12
5088,SUP-01,1039,Бачок расширительный,396,854.00,338184.00,2025-09-27
5089,SUP-03,1043,Аккумулятор 75Ah,277,5824.00,1613248.00,2025-06-29
5090,SUP-11,1003,Тормозные диски передние,123,4092.00,503316.00,2025-08-04
5091,SUP-04,1016,Высоковольтные провода,72,928.00,66816.00,2025-08-15
5092,SUP-10,1007,Суппорт тормозной,381,4914.00,1872234.00,2025-10-06
5093,SUP-03,1002,Тормозные колодки задние,359,1708.00,613172.00,2025-09-18
5094,SUP-11,1038,Патрубок радиатора,377,384.40,144918.80,2025-05-22
5095,SUP-03,1029,Ролик натяжителя ГРМ,243,840.00,204120.00,2025-06-21
5096,SUP-08,1034,Комплект сцепления,139,5978.00,830942.00,2025-01-08
5097,SUP-08,1017,Стартер,231,5874.00,1356894.00,2025-03-30
5098,SUP-05,1030,Помпа водяная,331,2088.00,691128.00,2025-09-03
5099,SUP-06,1048,Датчик ABS,43,1428.00,61404.00,2025-06-03
5100,SUP-09,1057,ШРУС наружный,27,2665.00,71955.00,2025-10-31
5101,SUP-03,1056,Щётки стеклоочистителя,99,475.80,47104.20,2025-05-27
5102,SUP-01,1015,Катушка зажигания,285,1856.00,528960.00,2025-03-31
5103,SUP-04,1025,Пружина подвески,267,1798.00,480066.00,2025-11-14
5104,SUP-08,1053,Жидкость ГУР,97,329.40,31951.80,2025-08-21
5105,SUP-10,1043,Аккумулятор 75Ah,171,6552.00,1120392.00,2025-04-06
5106,SUP-06,1058,Пыльник ШРУС,391,372.60,145686.60,2025-10-08
5107,SUP-07,1050,Моторное масло 5W-40,278,476.00,132328.00,2025-07-24
5108,SUP-12,1036,Радиатор охлаждения,400,5328.00,2131200.00,2025-12-28
5109,SUP-11,1006,Тормозная жидкость DOT-5.1,153,596.30,91233.90,2025-10-04
5110,SUP-10,1004,Тормозные диски задние,306,3834.00,1173204.00,2025-08-30
5111,SUP-06,1052,Масло АКПП,69,578.50,39916.50,2025-02-02
5112,SUP-08,1025,Пружина подвески,260,2077.00,540020.00,2025-01-20
5113,SUP-04,1052,Масло АКПП,44,578.50,25454.00,2025-06-20
5114,SUP-08,1012,Топливный фильтр,211,509.60,107525.60,2025-04-24
5115,SUP-12,1017,Стартер,382,5696.00,2175872.00,2025-08-11
5116,SUP-09,1044,Лампы H4,306,294.00,89964.00,2025-12-05
5117,SUP-01,1056,Щётки стеклоочистителя,232,444.60,103147.20,2025-04-05
5118,SUP-03,1042,Аккумулятор 60Ah,243,4248.00,1032264.00,2025-09-06
5119,SUP-09,1051,Моторное масло 5W-30,369,446.40,164721.60,2025-11-29
5120,SUP-05,1008,Датчик износа колодок,356,370.50,131898.00,2025-03-15
5121,SUP-10,1055,Зеркало боковое,215,2176.00,467840.00,2025-09-18
5122,SUP-05,1051,Моторное масло 5W-30,296,410.40,121478.40,2025-11-16
5123,SUP-01,1045,Лампы H7,226,222.30,50239.80,2025-01-31
5124,SUP-06,1021,Стойка стабилизатора,55,578.20,31801.00,2025-01-06
5125,SUP-02,1014,Свечи зажигания,28,216.60,6064.80,2025-10-04
5126,SUP-12,1059,Диск сцепления,99,3060.00,302940.00,2025-05-29
5127,SUP-05,1022,Сайлентблок рычага,201,494.00,99294.00,2025-11-06
5128,SUP-07,1052,Масло АКПП,115,623.00,71645.00,2025-03-06
5129,SUP-06,1033,Термостат,261,737.00,192357.00,2025-08-06
5130,SUP-01,1013,Фильтр АКПП,37,994.00,36778.00,2025-08-05
5131,SUP-02,1045,Лампы H7,104,222.30,23119.20,2025-04-02
5132,SUP-12,1018,Генератор,371,8556.00,3174276.00,2025-11-22
5133,SUP-07,1002,Тормозные колодки задние,352,1848.00,650496.00,2025-05-13
5134,SUP-06,1033,Термостат,246,737.00,181302.00,2025-03-04
5135,SUP-10,1051,Моторное масло 5W-30,139,439.20,61048.80,2025-07-09
5136,SUP-04,1047,Предохранители набор,241,106.40,25642.40,2025-03-13
5137,SUP-08,1018,Генератор,183,8060.00,1474980.00,2025-08-09
5138,SUP-04,1014,Свечи зажигания,347,235.60,81753.20,2025-11-08
5139,SUP-05,1011,Фильтр салона,248,421.60,104556.80,2025-07-05
5140,SUP-06,1054,Фара передняя,161,4352.00,700672.00,2025-05-25
5141,SUP-11,1058,Пыльник ШРУС,207,351.00,72657.00,2025-11-24
5142,SUP-03,1003,Тормозные диски передние,75,4216.00,316200.00,2025-03-08
5143,SUP-06,1005,Тормозная жидкость DOT-4,122,292.50,35685.00,2025-07-10
5144,SUP-02,1045,Лампы H7,361,222.30,80250.30,2025-03-24
5145,SUP-02,1021,Стойка стабилизатора,329,597.80,196676.20,2025-12-08
5146,SUP-11,1002,Тормозные колодки задние,21,1792.00,37632.00,2025-11-09
5147,SUP-05,1006,Тормозная жидкость DOT-5.1,91,578.50,52643.50,2025-03-29
5148,SUP-01,1028,Ремень ГРМ,94,1242.00,116748.00,2025-09-03
5149,SUP-09,1050,Моторное масло 5W-40,193,462.40,89243.20,2025-03-27
5150,SUP-01,1062,Насос ГУР,80,6496.00,519680.00,2025-03-04
5151,SUP-05,1015,Катушка зажигания,399,1769.00,705831.00,2025-04-17
5152,SUP-04,1042,Аккумулятор 60Ah,80,4608.00,368640.00,2025-07-27
5153,SUP-04,1064,Компрессор кондиционера,39,11760.00,458640.00,2025-10-04
5154,SUP-12,1033,Термостат,123,638.00,78474.00,2025-10-29
5155,SUP-04,1004,Тормозные диски задние,367,3834.00,1407078.00,2025-07-24
5156,SUP-02,1001,Тормозные колодки передние,89,2346.00,208794.00,2025-12-10
5157,SUP-08,1001,Тормозные колодки передние,67,2074.00,138958.00,2025-09-28
5158,SUP-07,1019,Амортизатор передний,246,2970.00,730620.00,2025-10-02
5159,SUP-03,1026,Ступичный подшипник,176,1620.00,285120.00,2025-04-22
5160,SUP-10,1058,Пыльник ШРУС,124,378.00,46872.00,2025-01-08
5161,SUP-02,1002,Тормозные колодки задние,277,1624.00,449848.00,2025-02-17
5162,SUP-01,1006,Тормозная жидкость DOT-5.1,249,534.00,132966.00,2025-09-21
5163,SUP-05,1050,Моторное масло 5W-40,54,394.40,21297.60,2025-07-11
5164,SUP-04,1046,Реле,338,165.20,55837.60,2025-04-21
5165,SUP-05,1010,Воздушный фильтр,96,510.60,49017.60,2025-10-23
5166,SUP-08,1039,Бачок расширительный,85,868.00,73780.00,2025-11-16
5167,SUP-11,1030,Помпа водяная,64,2520.00,161280.00,2025-10-03
5168,SUP-10,1050,Моторное масло 5W-40,31,421.60,13069.60,2025-10-12
5169,SUP-11,1055,Зеркало боковое,133,1792.00,238336.00,2025-01-28
5170,SUP-01,1004,Тормозные диски задние,306,3456.00,1057536.00,2025-03-22
5171,SUP-05,1058,Пыльник ШРУС,33,318.60,10513.80,2025-12-15
5172,SUP-06,1002,Тормозные колодки задние,296,1624.00,480704.00,2025-08-31
5173,SUP-01,1051,Моторное масло 5W-30,161,489.60,78825.60,2025-03-17
5174,SUP-02,1015,Катушка зажигания,141,2001.00,282141.00,2025-07-08
5175,SUP-02,1034,Комплект сцепления,368,5880.00,2163840.00,2025-10-02
5176,SUP-03,1059,Диск сцепления,220,2475.00,544500.00,2025-10-27
5177,SUP-12,1033,Термостат,320,649.00,207680.00,2025-04-18
5178,SUP-07,1038,Патрубок радиатора,258,434.00,111972.00,2025-05-27
5179,SUP-07,1011,Фильтр салона,290,482.80,140012.00,2025-07-31
5180,SUP-11,1009,Масляный фильтр,53,322.40,17087.20,2025-07-21
5181,SUP-08,1040,Антифриз G12,160,336.00,53760.00,2025-07-16
5182,SUP-04,1033,Термостат,237,759.00,179883.00,2025-06-06
5183,SUP-07,1042,Аккумулятор 60Ah,166,4680.00,776880.00,2025-11-02
5184,SUP-02,1039,Бачок расширительный,254,980.00,248920.00,2025-11-03
5185,SUP-12,1008,Датчик износа колодок,215,357.50,76862.50,2025-10-02
5186,SUP-01,1011,Фильтр салона,334,401.20,134000.80,2025-02-27
5187,SUP-08,1043,Аккумулятор 75Ah,343,6552.00,2247336.00,2025-11-15
5188,SUP-07,1055,Зеркало боковое,270,1888.00,509760.00,2025-02-19
5189,SUP-10,1023,Шаровая опора,33,870.00,28710.00,2025-02-04
5190,SUP-08,1009,Масляный фильтр,198,327.60,64864.80,2025-08-14
5191,SUP-06,1012,Топливный фильтр,344,637.00,219128.00,2025-11-05
5192,SUP-11,1053,Жидкость ГУР,316,388.80,122860.80,2025-10-30
5193,SUP-01,1009,Масляный фильтр,363,322.40,117031.20,2025-06-13
5194,SUP-10,1044,Лампы H4,247,302.40,74692.80,2025-11-30
5195,SUP-06,1044,Лампы H4,177,235.20,41630.40,2025-10-11
5196,SUP-05,1060,Рулевой наконечник,303,715.00,216645.00,2025-03-27
5197,SUP-05,1004,Тормозные диски задние,241,3510.00,845910.00,2025-10-02
5198,SUP-08,1003,Тормозные диски передние,127,3968.00,503936.00,2025-09-17
5199,SUP-01,1007,Суппорт тормозной,170,5070.00,861900.00,2025-06-20
5200,SUP-08,1061,Рулевая тяга,98,1116.00,109368.00,2025-12-22
5201,SUP-01,1018,Генератор,289,8804.00,2544356.00,2025-03-14
5202,SUP-08,1034,Комплект сцепления,209,7056.00,1474704.00,2025-04-13
5203,SUP-04,1045,Лампы H7,134,269.10,36059.40,2025-11-18
5204,SUP-11,1062,Насос ГУР,362,7392.00,2675904.00,2025-12-31
5205,SUP-12,1028,Ремень ГРМ,387,1188.00,459756.00,2025-01-16
5206,SUP-03,1029,Ролик натяжителя ГРМ,230,896.00,206080.00,2025-03-07
5207,SUP-01,1038,Патрубок радиатора,20,427.80,8556.00,2025-07-11
5208,SUP-10,1050,Моторное масло 5W-40,372,380.80,141657.60,2025-10-12
5209,SUP-07,1007,Суппорт тормозной,165,5382.00,888030.00,2025-03-27
5210,SUP-08,1052,Масло АКПП,348,560.70,195123.60,2025-06-21
5211,SUP-05,1009,Масляный фильтр,194,322.40,62545.60,2025-02-21
5212,SUP-01,1052,Масло АКПП,310,614.10,190371.00,2025-09-15
5213,SUP-11,1059,Диск сцепления,400,3240.00,1296000.00,2025-04-27
5214,SUP-09,1024,Рычаг подвески,165,2856.00,471240.00,2025-06-19
5215,SUP-07,1050,Моторное масло 5W-40,35,435.20,15232.00,2025-12-04
5216,SUP-02,1034,Комплект сцепления,183,6076.00,1111908.00,2025-11-20
5217,SUP-05,1054,Фара передняя,220,3904.00,858880.00,2025-06-08
5218,SUP-07,1049,Бензонасос,136,3080.00,418880.00,2025-04-18
5219,SUP-06,1003,Тормозные диски передние,128,3968.00,507904.00,2025-06-18
5220,SUP-04,1064,Компрессор кондиционера,284,10080.00,2862720.00,2025-02-19
5221,SUP-07,1013,Фильтр АКПП,102,882.00,89964.00,2025-01-09
5222,SUP-09,1059,Диск сцепления,395,3150.00,1244250.00,2025-05-09
5223,SUP-07,1064,Компрессор кондиционера,353,11424.00,4032672.00,2025-06-14
5224,SUP-12,1021,Стойка стабилизатора,231,539.00,124509.00,2025-04-29
5225,SUP-11,1048,Датчик ABS,267,1260.00,336420.00,2025-07-27
5226,SUP-11,1046,Реле,385,176.40,67914.00,2025-08-03
5227,SUP-10,1043,Аккумулятор 75Ah,380,6461.00,2455180.00,2025-02-19
5228,SUP-07,1004,Тормозные диски задние,190,3834.00,728460.00,2025-08-01
5229,SUP-01,1052,Масло АКПП,126,551.80,69526.80,2025-02-20
5230,SUP-03,1030,Помпа водяная,257,2412.00,619884.00,2025-07-21
5231,SUP-10,1033,Термостат,60,616.00,36960.00,2025-01-28
5232,SUP-09,1026,Ступичный подшипник,53,1863.00,98739.00,2025-10-18
5233,SUP-03,1009,Масляный фильтр,67,291.20,19510.40,2025-02-08
5234,SUP-08,1051,Моторное масло 5W-30,236,460.80,108748.80,2025-04-01
5235,SUP-12,1002,Тормозные колодки задние,379,1764.00,668556.00,2025-01-26
5236,SUP-12,1060,Рулевой наконечник,103,832.00,85696.00,2025-01-30
5237,SUP-06,1044,Лампы H4,333,243.60,81118.80,2025-02-27
5238,SUP-12,1018,Генератор,233,8680.00,2022440.00,2025-09-10
5239,SUP-08,1005,Тормозная жидкость DOT-4,21,274.50,5764.50,2025-11-03
5240,SUP-03,1002,Тормозные колодки задние,238,1652.00,393176.00,2025-07-26
5241,SUP-01,1011,Фильтр салона,114,414.80,47287.20,2025-06-23
5242,SUP-08,1012,Топливный фильтр,176,546.00,96096.00,2025-01-19
5243,SUP-12,1045,Лампы H7,48,269.10,12916.80,2025-04-03
5244,SUP-11,1050,Моторное масло 5W-40,205,462.40,94792.00,2025-01-16
5245,SUP-05,1046,Реле,135,176.40,23814.00,2025-03-06
5246,SUP-08,1028,Ремень ГРМ,205,1026.00,210330.00,2025-12-22
5247,SUP-06,1004,Тормозные диски задние,208,3294.00,685152.00,2025-08-12
5248,SUP-12,1037,Радиатор кондиционера,359,4278.00,1535802.00,2025-06-25
5249,SUP-08,1005,Тормозная жидкость DOT-4,127,310.50,39433.50,2025-02-09
5250,SUP-10,1014,Свечи зажигания,321,212.80,68308.80,2025-12-13
5251,SUP-09,1009,Масляный фильтр,27,317.20,8564.40,2025-04-19
5252,SUP-02,1015,Катушка зажигания,56,1711.00,95816.00,2025-07-23
5253,SUP-07,1064,Компрессор кондиционера,384,10416.00,3999744.00,2025-11-08
5254,SUP-09,1009,Масляный фильтр,41,291.20,11939.20,2025-12-09
5255,SUP-05,1064,Компрессор кондиционера,75,11592.00,869400.00,2025-09-22
5256,SUP-02,1029,Ролик натяжителя ГРМ,251,868.00,217868.00,2025-07-19
5257,SUP-05,1015,Катушка зажигания,33,2001.00,66033.00,2025-09-06
5258,SUP-02,1015,Катушка зажигания,209,2001.00,418209.00,2025-01-19
5259,SUP-09,1014,Свечи зажигания,236,262.20,61879.20,2025-07-11
5260,SUP-01,1032,Сальник коленвала,210,273.60,57456.00,2025-09-19
5261,SUP-04,1033,Термостат,347,759.00,263373.00,2025-05-06
5262,SUP-11,1048,Датчик ABS,209,1470.00,307230.00,2025-12-06
5263,SUP-09,1022,Сайлентблок рычага,51,516.80,26356.80,2025-07-29
5264,SUP-08,1042,Аккумулятор 60Ah,99,5112.00,506088.00,2025-03-31
5265,SUP-02,1038,Патрубок радиатора,109,372.00,40548.00,2025-11-07
5266,SUP-11,1020,Амортизатор задний,114,2880.00,328320.00,2025-03-21
5267,SUP-08,1064,Компрессор кондиционера,278,9912.00,2755536.00,2025-08-01
5268,SUP-08,1062,Насос ГУР,79,8064.00,637056.00,2025-09-16
5269,SUP-05,1017,Стартер,87,5518.00,480066.00,2025-09-30
5270,SUP-12,1036,Радиатор охлаждения,357,4736.00,1690752.00,2025-07-09
5271,SUP-01,1060,Рулевой наконечник,385,936.00,360360.00,2025-12-12
5272,SUP-10,1024,Рычаг подвески,277,2394.00,663138.00,2025-02-07
5273,SUP-12,1032,Сальник коленвала,270,292.80,79056.00,2025-12-13
5274,SUP-06,1010,Воздушный фильтр,379,436.60,165471.40,2025-08-17
5275,SUP-12,1064,Компрессор кондиционера,166,11928.00,1980048.00,2025-04-08
5276,SUP-06,1051,Моторное масло 5W-30,205,446.40,91512.00,2025-12-02
5277,SUP-03,1033,Термостат,62,770.00,47740.00,2025-12-15
5278,SUP-01,1047,Предохранители набор,86,131.10,11274.60,2025-03-18
5279,SUP-08,1042,Аккумулятор 60Ah,207,4176.00,864432.00,2025-07-19
5280,SUP-01,1022,Сайлентблок рычага,345,456.00,157320.00,2025-10-19
5281,SUP-03,1014,Свечи зажигания,198,212.80,42134.40,2025-08-04
5282,SUP-05,1048,Датчик ABS,318,1281.00,407358.00,2025-08-01
5283,SUP-08,1029,Ролик натяжителя ГРМ,341,896.00,305536.00,2025-09-23
5284,SUP-02,1002,Тормозные колодки задние,375,2016.00,756000.00,2025-06-08
5285,SUP-08,1033,Термостат,365,726.00,264990.00,2025-10-14
5286,SUP-09,1059,Диск сцепления,356,2610.00,929160.00,2025-06-02
5287,SUP-11,1056,Щётки стеклоочистителя,161,468.00,75348.00,2025-03-21
5288,SUP-05,1011,Фильтр салона,174,428.40,74541.60,2025-10-07
5289,SUP-04,1020,Амортизатор задний,67,2832.00,189744.00,2025-03-19
5290,SUP-11,1061,Рулевая тяга,97,1080.00,104760.00,2025-03-07
5291,SUP-05,1054,Фара передняя,36,3584.00,129024.00,2025-07-11
5292,SUP-01,1033,Термостат,381,605.00,230505.00,2025-07-24
5293,SUP-01,1029,Ролик натяжителя ГРМ,334,952.00,317968.00,2025-10-25
5294,SUP-05,1030,Помпа водяная,195,2412.00,470340.00,2025-12-06
5295,SUP-01,1064,Компрессор кондиционера,40,9408.00,376320.00,2025-11-11
5296,SUP-01,1054,Фара передняя,370,4416.00,1633920.00,2025-12-13
5297,SUP-10,1049,Бензонасос,290,3920.00,1136800.00,2025-06-05
5298,SUP-12,1048,Датчик ABS,270,1218.00,328860.00,2025-08-21
5299,SUP-07,1049,Бензонасос,220,3752.00,825440.00,2025-01-20
5300,SUP-01,1026,Ступичный подшипник,116,1566.00,181656.00,2025-11-07
5301,SUP-03,1042,Аккумулятор 60Ah,37,4464.00,165168.00,2025-01-27
5302,SUP-12,1003,Тормозные диски передние,151,3410.00,514910.00,2025-07-17
5303,SUP-06,1033,Термостат,248,704.00,174592.00,2025-08-11
5304,SUP-04,1050,Моторное масло 5W-40,191,401.20,76629.20,2025-11-26
5305,SUP-05,1037,Радиатор кондиционера,22,4899.00,107778.00,2025-10-25
5306,SUP-03,1048,Датчик ABS,287,1344.00,385728.00,2025-08-20
5307,SUP-01,1043,Аккумулятор 75Ah,190,6188.00,1175720.00,2025-11-09
5308,SUP-09,1022,Сайлентблок рычага,362,433.20,156818.40,2025-09-22
5309,SUP-09,1033,Термостат,271,605.00,163955.00,2025-12-25
5310,SUP-11,1055,Зеркало боковое,29,2208.00,64032.00,2025-07-13
5311,SUP-01,1045,Лампы H7,81,245.70,19901.70,2025-01-02
5312,SUP-04,1021,Стойка стабилизатора,73,617.40,45070.20,2025-11-16
5313,SUP-09,1055,Зеркало боковое,354,1856.00,657024.00,2025-01-26
5314,SUP-06,1026,Ступичный подшипник,185,1620.00,299700.00,2025-06-17
5315,SUP-07,1011,Фильтр салона,368,380.80,140134.40,2025-09-15
5316,SUP-05,1029,Ролик натяжителя ГРМ,371,966.00,358386.00,2025-08-24
5317,SUP-04,1003,Тормозные диски передние,31,3534.00,109554.00,2025-11-20
5318,SUP-05,1015,Катушка зажигания,58,2088.00,121104.00,2025-01-22
5319,SUP-02,1049,Бензонасос,218,3864.00,842352.00,2025-08-05
5320,SUP-08,1012,Топливный фильтр,393,637.00,250341.00,2025-05-07
5321,SUP-10,1044,Лампы H4,39,289.80,11302.20,2025-06-28
5322,SUP-08,1006,Тормозная жидкость DOT-5.1,65,489.50,31817.50,2025-01-20
5323,SUP-08,1052,Масло АКПП,294,605.20,177928.80,2025-04-25
5324,SUP-06,1043,Аккумулятор 75Ah,45,6461.00,290745.00,2025-11-15
5325,SUP-09,1011,Фильтр салона,147,428.40,62974.80,2025-09-08
5326,SUP-02,1044,Лампы H4,181,298.20,53974.20,2025-08-29
5327,SUP-09,1015,Катушка зажигания,380,1885.00,716300.00,2025-10-08
5328,SUP-11,1011,Фильтр салона,244,380.80,92915.20,2025-06-22
5329,SUP-08,1054,Фара передняя,223,3648.00,813504.00,2025-05-23
5330,SUP-08,1028,Ремень ГРМ,255,1242.00,316710.00,2025-09-05
5331,SUP-02,1001,Тормозные колодки передние,161,2346.00,377706.00,2025-03-27
5332,SUP-11,1034,Комплект сцепления,306,5978.00,1829268.00,2025-08-17
5333,SUP-01,1018,Генератор,83,7688.00,638104.00,2025-03-06
5334,SUP-04,1036,Радиатор охлаждения,37,4070.00,150590.00,2025-02-01
5335,SUP-01,1046,Реле,368,187.60,69036.80,2025-12-30
5336,SUP-06,1018,Генератор,246,8184.00,2013264.00,2025-02-10
5337,SUP-05,1048,Датчик ABS,314,1344.00,422016.00,2025-03-08
5338,SUP-01,1057,ШРУС наружный,327,2747.00,898269.00,2025-10-09
5339,SUP-11,1030,Помпа водяная,165,2052.00,338580.00,2025-03-25
5340,SUP-10,1025,Пружина подвески,105,2201.00,231105.00,2025-07-23
5341,SUP-06,1020,Амортизатор задний,113,3264.00,368832.00,2025-07-25
5342,SUP-03,1006,Тормозная жидкость DOT-5.1,41,596.30,24448.30,2025-10-20
5343,SUP-03,1033,Термостат,307,671.00,205997.00,2025-04-11
5344,SUP-03,1017,Стартер,262,5785.00,1515670.00,2025-10-07
5345,SUP-12,1029,Ролик натяжителя ГРМ,257,994.00,255458.00,2025-08-03
5346,SUP-11,1063,Коврики салона,114,1608.00,183312.00,2025-06-16
5347,SUP-11,1034,Комплект сцепления,390,6272.00,2446080.00,2025-03-12
5348,SUP-04,1060,Рулевой наконечник,245,910.00,222950.00,2025-05-30
5349,SUP-11,1011,Фильтр салона,81,455.60,36903.60,2025-07-08
5350,SUP-07,1014,Свечи зажигания,341,209.00,71269.00,2025-01-01
5351,SUP-09,1040,Антифриз G12,205,392.00,80360.00,2025-11-11
5352,SUP-07,1011,Фильтр салона,31,380.80,11804.80,2025-11-09
5353,SUP-02,1058,Пыльник ШРУС,51,351.00,17901.00,2025-10-27
5354,SUP-02,1041,Вентилятор охлаждения,53,2881.00,152693.00,2025-01-09
5355,SUP-09,1011,Фильтр салона,24,489.60,11750.40,2025-10-06
5356,SUP-05,1044,Лампы H4,222,268.80,59673.60,2025-05-03
5357,SUP-12,1050,Моторное масло 5W-40,43,394.40,16959.20,2025-12-16
5358,SUP-12,1005,Тормозная жидкость DOT-4,139,310.50,43159.50,2025-10-06
5359,SUP-09,1014,Свечи зажигания,102,254.60,25969.20,2025-06-17
5360,SUP-08,1040,Антифриз G12,276,386.40,106646.40,2025-07-06
5361,SUP-05,1038,Патрубок радиатора,161,421.60,67877.60,2025-05-16
5362,SUP-02,1050,Моторное масло 5W-40,22,489.60,10771.20,2025-02-08
5363,SUP-04,1048,Датчик ABS,228,1512.00,344736.00,2025-04-21
5364,SUP-01,1033,Термостат,267,660.00,176220.00,2025-11-23
5365,SUP-04,1022,Сайлентблок рычага,305,524.40,159942.00,2025-02-13
5366,SUP-04,1033,Термостат,122,737.00,89914.00,2025-01-03
5367,SUP-11,1056,Щётки стеклоочистителя,41,460.20,18868.20,2025-06-20
5368,SUP-09,1021,Стойка стабилизатора,244,617.40,150645.60,2025-09-29
5369,SUP-10,1009,Масляный фильтр,121,338.00,40898.00,2025-05-16
5370,SUP-01,1007,Суппорт тормозной,74,4680.00,346320.00,2025-06-11
5371,SUP-12,1029,Ролик натяжителя ГРМ,215,784.00,168560.00,2025-05-19
5372,SUP-12,1001,Тормозные колодки передние,54,2448.00,132192.00,2025-03-17
5373,SUP-06,1052,Масло АКПП,322,489.50,157619.00,2025-03-19
5374,SUP-02,1002,Тормозные колодки задние,374,1988.00,743512.00,2025-10-18
5375,SUP-11,1041,Вентилятор охлаждения,179,2365.00,423335.00,2025-09-27
5376,SUP-03,1042,Аккумулятор 60Ah,53,5184.00,274752.00,2025-02-01
5377,SUP-05,1005,Тормозная жидкость DOT-4,33,265.50,8761.50,2025-08-25
5378,SUP-05,1042,Аккумулятор 60Ah,198,4536.00,898128.00,2025-09-04
5379,SUP-11,1013,Фильтр АКПП,122,938.00,114436.00,2025-10-01
5380,SUP-06,1043,Аккумулятор 75Ah,145,5551.00,804895.00,2025-10-22
5381,SUP-08,1048,Датчик ABS,361,1302.00,470022.00,2025-07-28
5382,SUP-09,1003,Тормозные диски передние,235,4216.00,990760.00,2025-01-01
5383,SUP-04,1020,Амортизатор задний,89,2880.00,256320.00,2025-04-26
5384,SUP-01,1019,Амортизатор передний,275,3510.00,965250.00,2025-09-05
5385,SUP-07,1034,Комплект сцепления,133,5488.00,729904.00,2025-10-10
5386,SUP-07,1010,Воздушный фильтр,184,421.80,77611.20,2025-11-17
5387,SUP-06,1011,Фильтр салона,141,455.60,64239.60,2025-11-26
5388,SUP-07,1041,Вентилятор охлаждения,76,3096.00,235296.00,2025-05-23
5389,SUP-09,1030,Помпа водяная,23,2448.00,56304.00,2025-01-14
5390,SUP-01,1034,Комплект сцепления,400,5782.00,2312800.00,2025-10-16
5391,SUP-02,1033,Термостат,79,737.00,58223.00,2025-07-07
5392,SUP-06,1002,Тормозные колодки задние,286,1960.00,560560.00,2025-08-12
5393,SUP-04,1028,Ремень ГРМ,191,1080.00,206280.00,2025-10-20
5394,SUP-01,1005,Тормозная жидкость DOT-4,101,319.50,32269.50,2025-06-29
5395,SUP-03,1054,Фара передняя,120,4224.00,506880.00,2025-12-11
5396,SUP-01,1045,Лампы H7,52,273.00,14196.00,2025-02-08
5397,SUP-06,1062,Насос ГУР,353,6944.00,2451232.00,2025-05-14
5398,SUP-10,1020,Амортизатор задний,76,3360.00,255360.00,2025-08-04
5399,SUP-08,1035,Датчик коленвала,59,1330.00,78470.00,2025-03-15
5400,SUP-12,1011,Фильтр салона,361,428.40,154652.40,2025-07-23
5401,SUP-08,1036,Радиатор охлаждения,113,4440.00,501720.00,2025-05-04
5402,SUP-06,1033,Термостат,125,726.00,90750.00,2025-05-14
5403,SUP-06,1040,Антифриз G12,261,392.00,102312.00,2025-04-17
5404,SUP-03,1039,Бачок расширительный,272,924.00,251328.00,2025-11-27
5405,SUP-10,1064,Компрессор кондиционера,201,11928.00,2397528.00,2025-01-10
5406,SUP-06,1047,Предохранители набор,51,114.00,5814.00,2025-05-18
5407,SUP-11,1030,Помпа водяная,122,2052.00,250344.00,2025-03-27
5408,SUP-07,1010,Воздушный фильтр,141,407.00,57387.00,2025-01-27
5409,SUP-08,1046,Реле,215,187.60,40334.00,2025-07-14
5410,SUP-06,1017,Стартер,41,4984.00,204344.00,2025-06-01
5411,SUP-07,1032,Сальник коленвала,295,292.80,86376.00,2025-10-12
5412,SUP-09,1049,Бензонасос,320,3192.00,1021440.00,2025-07-05
5413,SUP-10,1013,Фильтр АКПП,73,1008.00,73584.00,2025-03-22
5414,SUP-11,1045,Лампы H7,287,253.50,72754.50,2025-04-04
5415,SUP-10,1042,Аккумулятор 60Ah,20,4248.00,84960.00,2025-05-25
5416,SUP-04,1041,Вентилятор охлаждения,229,2666.00,610514.00,2025-03-12
5417,SUP-12,1027,Опора амортизатора,299,1024.00,306176.00,2025-12-29
5418,SUP-06,1024,Рычаг подвески,92,2940.00,270480.00,2025-06-13
5419,SUP-03,1004,Тормозные диски задние,325,3564.00,1158300.00,2025-11-17
5420,SUP-01,1060,Рулевой наконечник,202,832.00,168064.00,2025-09-04
5421,SUP-05,1042,Аккумулятор 60Ah,221,4968.00,1097928.00,2025-06-27
5422,SUP-08,1056,Щётки стеклоочистителя,202,429.00,86658.00,2025-11-25
5423,SUP-04,1033,Термостат,81,660.00,53460.00,2025-04-05
5424,SUP-01,1060,Рулевой наконечник,249,819.00,203931.00,2025-01-08
5425,SUP-07,1051,Моторное масло 5W-30,313,482.40,150991.20,2025-09-06
5426,SUP-08,1013,Фильтр АКПП,161,826.00,132986.00,2025-01-21
5427,SUP-01,1043,Аккумулятор 75Ah,386,6279.00,2423694.00,2025-08-11
5428,SUP-09,1047,Предохранители набор,389,114.00,44346.00,2025-02-15
5429,SUP-06,1059,Диск сцепления,163,2925.00,476775.00,2025-07-18
5430,SUP-06,1003,Тормозные диски передние,92,4092.00,376464.00,2025-12-02
5431,SUP-07,1064,Компрессор кондиционера,118,10080.00,1189440.00,2025-08-14
5432,SUP-05,1020,Амортизатор задний,174,2736.00,476064.00,2025-10-25
5433,SUP-09,1037,Радиатор кондиционера,180,3864.00,695520.00,2025-11-20
5434,SUP-09,1055,Зеркало боковое,347,2304.00,799488.00,2025-10-25
5435,SUP-08,1030,Помпа водяная,167,2016.00,336672.00,2025-08-06
5436,SUP-08,1057,ШРУС наружный,270,2337.00,630990.00,2025-07-20
5437,SUP-11,1035,Датчик коленвала,44,1235.00,54340.00,2025-10-08
5438,SUP-05,1061,Рулевая тяга,153,1026.00,156978.00,2025-01-23
5439,SUP-08,1063,Коврики салона,273,1704.00,465192.00,2025-12-03
5440,SUP-01,1046,Реле,36,162.40,5846.40,2025-05-19
5441,SUP-12,1059,Диск сцепления,168,3060.00,514080.00,2025-07-20
5442,SUP-04,1049,Бензонасос,233,3920.00,913360.00,2025-08-31
5443,SUP-08,1050,Моторное масло 5W-40,196,414.80,81300.80,2025-11-26
5444,SUP-12,1041,Вентилятор охлаждения,152,2795.00,424840.00,2025-10-05
5445,SUP-08,1033,Термостат,101,638.00,64438.00,2025-12-14
5446,SUP-08,1054,Фара передняя,58,4288.00,248704.00,2025-10-19
5447,SUP-10,1059,Диск сцепления,321,3150.00,1011150.00,2025-04-03
5448,SUP-03,1037,Радиатор кондиционера,224,3933.00,880992.00,2025-02-08
5449,SUP-05,1018,Генератор,42,7688.00,322896.00,2025-09-05
5450,SUP-02,1059,Диск сцепления,198,2835.00,561330.00,2025-12-29
5451,SUP-09,1040,Антифриз G12,323,341.60,110336.80,2025-05-03
5452,SUP-02,1020,Амортизатор задний,349,3456.00,1206144.00,2025-06-30
5453,SUP-10,1029,Ролик натяжителя ГРМ,319,938.00,299222.00,2025-02-14
5454,SUP-04,1039,Бачок расширительный,346,798.00,276108.00,2025-06-24
5455,SUP-05,1014,Свечи зажигания,149,254.60,37935.40,2025-12-03
5456,SUP-02,1025,Пружина подвески,341,2232.00,761112.00,2025-07-30
5457,SUP-08,1012,Топливный фильтр,240,591.50,141960.00,2025-03-08
5458,SUP-01,1004,Тормозные диски задние,325,3564.00,1158300.00,2025-02-27
5459,SUP-06,1024,Рычаг подвески,365,2814.00,1027110.00,2025-01-30
5460,SUP-04,1039,Бачок расширительный,235,826.00,194110.00,2025-09-27
5461,SUP-01,1054,Фара передняя,43,4416.00,189888.00,2025-12-18
5462,SUP-12,1001,Тормозные колодки передние,140,2380.00,333200.00,2025-04-01
5463,SUP-05,1045,Лампы H7,172,253.50,43602.00,2025-07-13
5464,SUP-07,1044,Лампы H4,231,268.80,62092.80,2025-08-24
5465,SUP-04,1036,Радиатор охлаждения,83,4514.00,374662.00,2025-11-12
5466,SUP-02,1059,Диск сцепления,340,2925.00,994500.00,2025-02-26
5467,SUP-10,1042,Аккумулятор 60Ah,289,4032.00,1165248.00,2025-12-14
5468,SUP-05,1022,Сайлентблок рычага,340,425.60,144704.00,2025-05-18
5469,SUP-03,1045,Лампы H7,307,265.20,81416.40,2025-05-27
5470,SUP-04,1003,Тормозные диски передние,179,4340.00,776860.00,2025-11-20
5471,SUP-04,1064,Компрессор кондиционера,275,11088.00,3049200.00,2025-11-19
5472,SUP-10,1054,Фара передняя,166,4544.00,754304.00,2025-09-15
5473,SUP-12,1043,Аккумулятор 75Ah,107,5824.00,623168.00,2025-10-03
5474,SUP-04,1046,Реле,202,179.20,36198.40,2025-05-08
5475,SUP-05,1005,Тормозная жидкость DOT-4,150,261.00,39150.00,2025-01-28
5476,SUP-09,1033,Термостат,25,627.00,15675.00,2025-07-02
5477,SUP-06,1013,Фильтр АКПП,354,910.00,322140.00,2025-03-02
5478,SUP-01,1029,Ролик натяжителя ГРМ,311,854.00,265594.00,2025-12-08
5479,SUP-09,1024,Рычаг подвески,39,2982.00,116298.00,2025-05-13
5480,SUP-06,1028,Ремень ГРМ,154,1134.00,174636.00,2025-01-31
5481,SUP-04,1032,Сальник коленвала,209,302.40,63201.60,2025-09-19
5482,SUP-02,1063,Коврики салона,126,1440.00,181440.00,2025-12-09
5483,SUP-06,1043,Аккумулятор 75Ah,118,5005.00,590590.00,2025-05-01
5484,SUP-07,1060,Рулевой наконечник,177,845.00,149565.00,2025-04-22
5485,SUP-09,1012,Топливный фильтр,273,582.40,158995.20,2025-10-18
5486,SUP-10,1061,Рулевая тяга,341,1206.00,411246.00,2025-01-27
5487,SUP-09,1042,Аккумулятор 60Ah,290,4824.00,1398960.00,2025-05-14
5488,SUP-06,1047,Предохранители набор,121,125.40,15173.40,2025-06-11
5489,SUP-01,1048,Датчик ABS,142,1218.00,172956.00,2025-04-10
5490,SUP-06,1029,Ролик натяжителя ГРМ,306,966.00,295596.00,2025-03-07
5491,SUP-09,1031,Прокладка ГБЦ,302,1364.00,411928.00,2025-06-19
5492,SUP-06,1024,Рычаг подвески,264,2898.00,765072.00,2025-12-31
5493,SUP-01,1049,Бензонасос,321,3304.00,1060584.00,2025-09-20
5494,SUP-03,1033,Термостат,359,792.00,284328.00,2025-08-11
5495,SUP-08,1038,Патрубок радиатора,95,440.20,41819.00,2025-07-19
5496,SUP-10,1035,Датчик коленвала,253,1273.00,322069.00,2025-01-25
5497,SUP-04,1020,Амортизатор задний,175,2640.00,462000.00,2025-07-04
5498,SUP-06,1024,Рычаг подвески,32,3024.00,96768.00,2025-02-05
5499,SUP-08,1031,Прокладка ГБЦ,350,1452.00,508200.00,2025-10-09
5500,SUP-05,1015,Катушка зажигания,116,1972.00,228752.00,2025-07-23
5501,SUP-07,1038,Патрубок радиатора,286,359.60,102845.60,2025-04-18
5502,SUP-04,1034,Комплект сцепления,81,5390.00,436590.00,2025-10-16
5503,SUP-08,1030,Помпа водяная,246,2232.00,549072.00,2025-03-02
5504,SUP-04,1054,Фара передняя,51,4288.00,218688.00,2025-06-04
5505,SUP-09,1048,Датчик ABS,31,1260.00,39060.00,2025-01-04
5506,SUP-11,1045,Лампы H7,347,241.80,83904.60,2025-10-21
5507,SUP-08,1019,Амортизатор передний,32,3888.00,124416.00,2025-05-19
5508,SUP-09,1028,Ремень ГРМ,316,1116.00,352656.00,2025-01-15
5509,SUP-06,1003,Тормозные диски передние,254,3844.00,976376.00,2025-08-30
5510,SUP-02,1032,Сальник коленвала,143,292.80,41870.40,2025-08-14
5511,SUP-03,1014,Свечи зажигания,272,258.40,70284.80,2025-11-16
5512,SUP-02,1032,Сальник коленвала,178,345.60,61516.80,2025-12-01
5513,SUP-05,1050,Моторное масло 5W-40,96,408.00,39168.00,2025-10-28
5514,SUP-11,1027,Опора амортизатора,256,1152.00,294912.00,2025-02-16
5515,SUP-03,1040,Антифриз G12,141,403.20,56851.20,2025-06-15
5516,SUP-06,1013,Фильтр АКПП,32,952.00,30464.00,2025-01-10
5517,SUP-08,1017,Стартер,190,5607.00,1065330.00,2025-05-11
5518,SUP-03,1054,Фара передняя,372,3520.00,1309440.00,2025-01-25
5519,SUP-02,1042,Аккумулятор 60Ah,362,5040.00,1824480.00,2025-08-17
5520,SUP-12,1048,Датчик ABS,62,1239.00,76818.00,2025-07-05
5521,SUP-10,1029,Ролик натяжителя ГРМ,137,826.00,113162.00,2025-12-06
5522,SUP-08,1026,Ступичный подшипник,228,1701.00,387828.00,2025-04-17
5523,SUP-12,1049,Бензонасос,307,3472.00,1065904.00,2025-12-02
5524,SUP-07,1040,Антифриз G12,108,386.40,41731.20,2025-02-04
5525,SUP-08,1002,Тормозные колодки задние,299,1792.00,535808.00,2025-10-31
5526,SUP-07,1052,Масло АКПП,308,569.60,175436.80,2025-10-07
5527,SUP-06,1005,Тормозная жидкость DOT-4,277,283.50,78529.50,2025-11-06
5528,SUP-04,1005,Тормозная жидкость DOT-4,213,315.00,67095.00,2025-07-28
5529,SUP-03,1045,Лампы H7,233,226.20,52704.60,2025-02-28
5530,SUP-11,1011,Фильтр салона,110,469.20,51612.00,2025-05-25
5531,SUP-05,1057,ШРУС наружный,92,2255.00,207460.00,2025-05-26
5532,SUP-08,1008,Датчик износа колодок,250,396.50,99125.00,2025-10-07
5533,SUP-03,1001,Тормозные колодки передние,367,1870.00,686290.00,2025-12-11
5534,SUP-06,1005,Тормозная жидкость DOT-4,159,252.00,40068.00,2025-09-07
5535,SUP-07,1012,Топливный фильтр,30,637.00,19110.00,2025-11-02
5536,SUP-09,1039,Бачок расширительный,325,868.00,282100.00,2025-07-06
5537,SUP-05,1024,Рычаг подвески,135,2604.00,351540.00,2025-09-04
5538,SUP-12,1048,Датчик ABS,339,1344.00,455616.00,2025-07-26
5539,SUP-06,1037,Радиатор кондиционера,301,4968.00,1495368.00,2025-06-25
5540,SUP-07,1011,Фильтр салона,190,489.60,93024.00,2025-11-13
5541,SUP-02,1020,Амортизатор задний,351,2784.00,977184.00,2025-11-22
5542,SUP-11,1030,Помпа водяная,222,2556.00,567432.00,2025-01-21
5543,SUP-07,1002,Тормозные колодки задние,118,1708.00,201544.00,2025-01-27
5544,SUP-09,1020,Амортизатор задний,223,3312.00,738576.00,2025-02-17
5545,SUP-02,1022,Сайлентблок рычага,109,486.40,53017.60,2025-04-03
5546,SUP-11,1033,Термостат,41,671.00,27511.00,2025-05-16
5547,SUP-12,1003,Тормозные диски передние,36,3968.00,142848.00,2025-09-26
5548,SUP-05,1030,Помпа водяная,375,2484.00,931500.00,2025-05-10
5549,SUP-06,1058,Пыльник ШРУС,63,302.40,19051.20,2025-12-18
5550,SUP-10,1017,Стартер,273,4895.00,1336335.00,2025-08-04
5551,SUP-12,1026,Ступичный подшипник,376,1539.00,578664.00,2025-01-27
5552,SUP-08,1032,Сальник коленвала,324,292.80,94867.20,2025-05-29
5553,SUP-04,1009,Масляный фильтр,34,364.00,12376.00,2025-11-12
5554,SUP-03,1012,Топливный фильтр,90,637.00,57330.00,2025-03-09
5555,SUP-11,1030,Помпа водяная,331,2376.00,786456.00,2025-05-30
5556,SUP-07,1059,Диск сцепления,126,2970.00,374220.00,2025-04-25
5557,SUP-12,1021,Стойка стабилизатора,372,666.40,247900.80,2025-06-30
5558,SUP-10,1018,Генератор,324,7688.00,2490912.00,2025-04-02
5559,SUP-07,1063,Коврики салона,221,1392.00,307632.00,2025-11-16
5560,SUP-09,1030,Помпа водяная,283,1980.00,560340.00,2025-02-07
5561,SUP-05,1063,Коврики салона,342,1608.00,549936.00,2025-11-11
5562,SUP-01,1016,Высоковольтные провода,104,976.00,101504.00,2025-06-02
5563,SUP-11,1048,Датчик ABS,25,1239.00,30975.00,2025-03-14
5564,SUP-10,1044,Лампы H4,184,260.40,47913.60,2025-09-22
5565,SUP-07,1001,Тормозные колодки передние,127,2414.00,306578.00,2025-10-15
5566,SUP-06,1031,Прокладка ГБЦ,265,1540.00,408100.00,2025-04-16
5567,SUP-09,1031,Прокладка ГБЦ,154,1518.00,233772.00,2025-08-11
5568,SUP-10,1056,Щётки стеклоочистителя,379,491.40,186240.60,2025-07-26
5569,SUP-04,1028,Ремень ГРМ,352,1206.00,424512.00,2025-12-03
5570,SUP-12,1054,Фара передняя,61,4224.00,257664.00,2025-01-26
5571,SUP-12,1027,Опора амортизатора,148,1136.00,168128.00,2025-02-02
5572,SUP-06,1015,Катушка зажигания,370,1856.00,686720.00,2025-09-07
5573,SUP-10,1051,Моторное масло 5W-30,336,475.20,159667.20,2025-05-12
5574,SUP-04,1028,Ремень ГРМ,56,1296.00,72576.00,2025-01-09
5575,SUP-08,1033,Термостат,390,737.00,287430.00,2025-08-31
5576,SUP-04,1002,Тормозные колодки задние,372,1904.00,708288.00,2025-04-01
5577,SUP-12,1013,Фильтр АКПП,133,938.00,124754.00,2025-09-22
5578,SUP-03,1056,Щётки стеклоочистителя,69,452.40,31215.60,2025-12-04
5579,SUP-10,1058,Пыльник ШРУС,371,372.60,138234.60,2025-03-07
5580,SUP-04,1022,Сайлентблок рычага,202,418.00,84436.00,2025-01-31
5581,SUP-09,1051,Моторное масло 5W-30,351,417.60,146577.60,2025-12-31
5582,SUP-11,1008,Датчик износа колодок,354,364.00,128856.00,2025-08-30
5583,SUP-02,1036,Радиатор охлаждения,26,4884.00,126984.00,2025-12-14
5584,SUP-06,1035,Датчик коленвала,347,1235.00,428545.00,2025-06-25
5585,SUP-10,1025,Пружина подвески,71,2077.00,147467.00,2025-12-04
5586,SUP-03,1017,Стартер,104,5874.00,610896.00,2025-10-05
5587,SUP-11,1037,Радиатор кондиционера,191,4692.00,896172.00,2025-11-06
5588,SUP-09,1040,Антифриз G12,305,308.00,93940.00,2025-08-19
5589,SUP-03,1022,Сайлентблок рычага,93,456.00,42408.00,2025-12-29
5590,SUP-04,1045,Лампы H7,20,265.20,5304.00,2025-01-08
5591,SUP-02,1001,Тормозные колодки передние,237,1904.00,451248.00,2025-05-02
5592,SUP-11,1030,Помпа водяная,151,1980.00,298980.00,2025-05-25
5593,SUP-01,1053,Жидкость ГУР,347,372.60,129292.20,2025-08-27
5594,SUP-08,1064,Компрессор кондиционера,359,10416.00,3739344.00,2025-08-19
5595,SUP-12,1062,Насос ГУР,232,7504.00,1740928.00,2025-11-21
5596,SUP-02,1034,Комплект сцепления,396,6762.00,2677752.00,2025-01-18
5597,SUP-06,1050,Моторное масло 5W-40,97,408.00,39576.00,2025-08-12
5598,SUP-04,1018,Генератор,296,8432.00,2495872.00,2025-12-25
5599,SUP-03,1052,Масло АКПП,175,569.60,99680.00,2025-10-05
5600,SUP-10,1040,Антифриз G12,194,397.60,77134.40,2025-11-23
5601,SUP-11,1024,Рычаг подвески,215,2436.00,523740.00,2025-04-09
5602,SUP-05,1022,Сайлентблок рычага,287,532.00,152684.00,2025-07-04
5603,SUP-09,1019,Амортизатор передний,144,3510.00,505440.00,2025-10-14
5604,SUP-10,1020,Амортизатор задний,39,3456.00,134784.00,2025-06-04
5605,SUP-08,1046,Реле,39,198.80,7753.20,2025-11-30
5606,SUP-02,1002,Тормозные колодки задние,164,1596.00,261744.00,2025-04-12
5607,SUP-10,1038,Патрубок радиатора,25,446.40,11160.00,2025-11-15
5608,SUP-06,1019,Амортизатор передний,332,3780.00,1254960.00,2025-06-28
5609,SUP-03,1037,Радиатор кондиционера,115,4554.00,523710.00,2025-12-29
5610,SUP-10,1053,Жидкость ГУР,138,318.60,43966.80,2025-12-09
5611,SUP-12,1036,Радиатор охлаждения,210,4366.00,916860.00,2025-06-23
5612,SUP-06,1050,Моторное масло 5W-40,273,476.00,129948.00,2025-07-27
5613,SUP-03,1006,Тормозная жидкость DOT-5.1,229,631.90,144705.10,2025-01-02
5614,SUP-07,1007,Суппорт тормозной,212,4524.00,959088.00,2025-03-18
5615,SUP-07,1012,Топливный фильтр,249,655.20,163144.80,2025-07-27
5616,SUP-06,1010,Воздушный фильтр,24,532.80,12787.20,2025-02-10
5617,SUP-10,1041,Вентилятор охлаждения,383,2881.00,1103423.00,2025-06-11
5618,SUP-04,1063,Коврики салона,310,1560.00,483600.00,2025-04-12
5619,SUP-07,1035,Датчик коленвала,38,1273.00,48374.00,2025-10-14
5620,SUP-07,1002,Тормозные колодки задние,215,1568.00,337120.00,2025-03-05
5621,SUP-11,1031,Прокладка ГБЦ,274,1386.00,379764.00,2025-11-12
5622,SUP-01,1062,Насос ГУР,136,6384.00,868224.00,2025-06-11
5623,SUP-04,1056,Щётки стеклоочистителя,99,538.20,53281.80,2025-01-19
5624,SUP-05,1004,Тормозные диски задние,274,3024.00,828576.00,2025-03-03
5625,SUP-01,1044,Лампы H4,291,273.00,79443.00,2025-10-30
5626,SUP-07,1038,Патрубок радиатора,342,359.60,122983.20,2025-10-26
5627,SUP-09,1010,Воздушный фильтр,174,436.60,75968.40,2025-03-24
5628,SUP-05,1040,Антифриз G12,365,369.60,134904.00,2025-07-21
5629,SUP-07,1057,ШРУС наружный,396,2255.00,892980.00,2025-07-06
5630,SUP-12,1050,Моторное масло 5W-40,260,469.20,121992.00,2025-01-27
5631,SUP-07,1044,Лампы H4,179,256.20,45859.80,2025-08-16
5632,SUP-09,1054,Фара передняя,69,4224.00,291456.00,2025-05-10
5633,SUP-04,1039,Бачок расширительный,149,798.00,118902.00,2025-11-23
5634,SUP-03,1048,Датчик ABS,249,1239.00,308511.00,2025-09-17
5635,SUP-06,1017,Стартер,273,5429.00,1482117.00,2025-06-06
5636,SUP-02,1058,Пыльник ШРУС,320,302.40,96768.00,2025-01-27
5637,SUP-05,1010,Воздушный фильтр,279,407.00,113553.00,2025-12-08
5638,SUP-08,1013,Фильтр АКПП,76,798.00,60648.00,2025-10-16
5639,SUP-07,1034,Комплект сцепления,379,6958.00,2637082.00,2025-12-01
5640,SUP-10,1041,Вентилятор охлаждения,99,2924.00,289476.00,2025-03-02
5641,SUP-05,1045,Лампы H7,114,222.30,25342.20,2025-01-10
5642,SUP-01,1003,Тормозные диски передние,124,4402.00,545848.00,2025-01-27
5643,SUP-06,1012,Топливный фильтр,118,555.10,65501.80,2025-11-09
5644,SUP-03,1026,Ступичный подшипник,273,1917.00,523341.00,2025-08-04
5645,SUP-06,1047,Предохранители набор,104,110.20,11460.80,2025-10-19
5646,SUP-09,1019,Амортизатор передний,295,3186.00,939870.00,2025-04-17
5647,SUP-02,1049,Бензонасос,21,3584.00,75264.00,2025-06-03
5648,SUP-12,1059,Диск сцепления,33,3240.00,106920.00,2025-05-09
5649,SUP-05,1002,Тормозные колодки задние,263,1652.00,434476.00,2025-09-16
5650,SUP-12,1001,Тормозные колодки передние,146,2312.00,337552.00,2025-10-15
5651,SUP-11,1058,Пыльник ШРУС,58,367.20,21297.60,2025-03-01
5652,SUP-12,1029,Ролик натяжителя ГРМ,283,854.00,241682.00,2025-07-03
5653,SUP-01,1026,Ступичный подшипник,262,1674.00,438588.00,2025-09-29
5654,SUP-10,1020,Амортизатор задний,176,2832.00,498432.00,2025-10-17
5655,SUP-05,1027,Опора амортизатора,324,1088.00,352512.00,2025-08-23
5656,SUP-10,1006,Тормозная жидкость DOT-5.1,116,551.80,64008.80,2025-10-07
5657,SUP-06,1030,Помпа водяная,228,2412.00,549936.00,2025-05-20
5658,SUP-02,1019,Амортизатор передний,27,3186.00,86022.00,2025-03-10
5659,SUP-11,1027,Опора амортизатора,139,928.00,128992.00,2025-07-01
5660,SUP-09,1028,Ремень ГРМ,357,1206.00,430542.00,2025-09-02
5661,SUP-12,1033,Термостат,393,627.00,246411.00,2025-08-31
5662,SUP-11,1005,Тормозная жидкость DOT-4,302,274.50,82899.00,2025-07-11
5663,SUP-01,1048,Датчик ABS,302,1239.00,374178.00,2025-03-03
5664,SUP-02,1005,Тормозная жидкость DOT-4,263,279.00,73377.00,2025-05-29
5665,SUP-11,1019,Амортизатор передний,161,3402.00,547722.00,2025-07-24
5666,SUP-12,1040,Антифриз G12,98,308.00,30184.00,2025-03-24
5667,SUP-06,1030,Помпа водяная,237,2340.00,554580.00,2025-09-11
5668,SUP-08,1020,Амортизатор задний,212,3456.00,732672.00,2025-02-22
5669,SUP-06,1061,Рулевая тяга,170,1242.00,211140.00,2025-01-30
5670,SUP-12,1029,Ролик натяжителя ГРМ,315,770.00,242550.00,2025-09-10
5671,SUP-03,1032,Сальник коленвала,194,283.20,54940.80,2025-02-09
5672,SUP-03,1041,Вентилятор охлаждения,288,2967.00,854496.00,2025-07-13
5673,SUP-04,1061,Рулевая тяга,102,990.00,100980.00,2025-03-31
5674,SUP-12,1024,Рычаг подвески,216,2814.00,607824.00,2025-12-05
5675,SUP-02,1045,Лампы H7,45,276.90,12460.50,2025-09-24
5676,SUP-05,1038,Патрубок радиатора,228,403.00,91884.00,2025-06-11
5677,SUP-09,1024,Рычаг подвески,145,2562.00,371490.00,2025-02-09
5678,SUP-03,1047,Предохранители набор,200,121.60,24320.00,2025-04-30
5679,SUP-03,1032,Сальник коленвала,149,292.80,43627.20,2025-11-29
5680,SUP-03,1013,Фильтр АКПП,264,854.00,225456.00,2025-06-02
5681,SUP-07,1006,Тормозная жидкость DOT-5.1,97,614.10,59567.70,2025-08-10
5682,SUP-12,1023,Шаровая опора,239,1015.00,242585.00,2025-07-12
5683,SUP-10,1040,Антифриз G12,229,380.80,87203.20,2025-08-05
5684,SUP-04,1052,Масло АКПП,216,534.00,115344.00,2025-11-10
5685,SUP-07,1001,Тормозные колодки передние,181,1938.00,350778.00,2025-08-12
5686,SUP-11,1010,Воздушный фильтр,247,532.80,131601.60,2025-12-09
5687,SUP-03,1030,Помпа водяная,115,1980.00,227700.00,2025-02-22
5688,SUP-02,1029,Ролик натяжителя ГРМ,108,840.00,90720.00,2025-11-24
5689,SUP-03,1060,Рулевой наконечник,185,741.00,137085.00,2025-07-09
5690,SUP-10,1042,Аккумулятор 60Ah,126,4032.00,508032.00,2025-02-06
5691,SUP-04,1049,Бензонасос,386,3136.00,1210496.00,2025-05-20
5692,SUP-03,1016,Высоковольтные провода,205,1104.00,226320.00,2025-02-22
5693,SUP-03,1001,Тормозные колодки передние,323,2380.00,768740.00,2025-02-22
5694,SUP-06,1013,Фильтр АКПП,396,854.00,338184.00,2025-04-18
5695,SUP-07,1026,Ступичный подшипник,111,1701.00,188811.00,2025-10-23
5696,SUP-10,1024,Рычаг подвески,67,2940.00,196980.00,2025-08-31
5697,SUP-03,1010,Воздушный фильтр,75,436.60,32745.00,2025-07-18
5698,SUP-12,1004,Тормозные диски задние,30,2970.00,89100.00,2025-10-12
5699,SUP-02,1016,Высоковольтные провода,263,992.00,260896.00,2025-10-10
5700,SUP-01,1049,Бензонасос,269,3360.00,903840.00,2025-12-18
5701,SUP-09,1019,Амортизатор передний,279,3726.00,1039554.00,2025-02-10
5702,SUP-05,1024,Рычаг подвески,359,2436.00,874524.00,2025-03-19
5703,SUP-05,1021,Стойка стабилизатора,274,705.60,193334.40,2025-08-30
5704,SUP-10,1036,Радиатор охлаждения,394,4588.00,1807672.00,2025-12-08
5705,SUP-09,1042,Аккумулятор 60Ah,303,3960.00,1199880.00,2025-12-18
5706,SUP-12,1024,Рычаг подвески,81,2394.00,193914.00,2025-12-13
5707,SUP-12,1007,Суппорт тормозной,69,5538.00,382122.00,2025-01-17
5708,SUP-12,1012,Топливный фильтр,269,637.00,171353.00,2025-03-10
5709,SUP-09,1050,Моторное масло 5W-40,76,435.20,33075.20,2025-12-23
5710,SUP-10,1063,Коврики салона,111,1656.00,183816.00,2025-02-06
5711,SUP-07,1006,Тормозная жидкость DOT-5.1,57,498.40,28408.80,2025-03-22
5712,SUP-11,1047,Предохранители набор,399,108.30,43211.70,2025-08-24
5713,SUP-03,1050,Моторное масло 5W-40,338,455.60,153992.80,2025-09-27
5714,SUP-01,1058,Пыльник ШРУС,301,324.00,97524.00,2025-11-23
5715,SUP-04,1008,Датчик износа колодок,137,390.00,53430.00,2025-07-14
5716,SUP-04,1029,Ролик натяжителя ГРМ,340,952.00,323680.00,2025-05-20
5717,SUP-06,1047,Предохранители набор,364,115.90,42187.60,2025-02-02
5718,SUP-05,1012,Топливный фильтр,146,573.30,83701.80,2025-01-26
5719,SUP-05,1012,Топливный фильтр,33,509.60,16816.80,2025-04-15
5720,SUP-08,1039,Бачок расширительный,81,924.00,74844.00,2025-11-26
5721,SUP-10,1041,Вентилятор охлаждения,143,2924.00,418132.00,2025-09-25
5722,SUP-01,1034,Комплект сцепления,76,6272.00,476672.00,2025-11-01
5723,SUP-05,1020,Амортизатор задний,209,3408.00,712272.00,2025-01-20
5724,SUP-05,1055,Зеркало боковое,166,2080.00,345280.00,2025-07-04
5725,SUP-05,1031,Прокладка ГБЦ,283,1408.00,398464.00,2025-02-13
5726,SUP-09,1040,Антифриз G12,53,386.40,20479.20,2025-01-11
5727,SUP-11,1022,Сайлентблок рычага,195,509.20,99294.00,2025-04-28
5728,SUP-05,1026,Ступичный подшипник,184,1782.00,327888.00,2025-09-02
5729,SUP-10,1056,Щётки стеклоочистителя,383,522.60,200155.80,2025-05-11
5730,SUP-11,1046,Реле,288,187.60,54028.80,2025-07-17
5731,SUP-08,1029,Ролик натяжителя ГРМ,168,784.00,131712.00,2025-08-28
5732,SUP-04,1050,Моторное масло 5W-40,179,448.80,80335.20,2025-05-25
5733,SUP-01,1017,Стартер,35,4895.00,171325.00,2025-03-07
5734,SUP-06,1041,Вентилятор охлаждения,119,3053.00,363307.00,2025-03-10
5735,SUP-07,1056,Щётки стеклоочистителя,139,553.80,76978.20,2025-03-11
5736,SUP-10,1063,Коврики салона,271,1680.00,455280.00,2025-02-08
5737,SUP-01,1029,Ролик натяжителя ГРМ,169,966.00,163254.00,2025-07-05
5738,SUP-06,1038,Патрубок радиатора,32,403.00,12896.00,2025-07-18
5739,SUP-04,1054,Фара передняя,240,4224.00,1013760.00,2025-12-24
5740,SUP-05,1037,Радиатор кондиционера,329,3933.00,1293957.00,2025-03-03
5741,SUP-01,1051,Моторное масло 5W-30,341,453.60,154677.60,2025-12-24
5742,SUP-06,1062,Насос ГУР,262,7280.00,1907360.00,2025-01-05
5743,SUP-06,1013,Фильтр АКПП,323,938.00,302974.00,2025-07-16
5744,SUP-12,1033,Термостат,331,693.00,229383.00,2025-05-21
5745,SUP-12,1049,Бензонасос,291,3528.00,1026648.00,2025-08-03
5746,SUP-09,1007,Суппорт тормозной,301,4602.00,1385202.00,2025-01-25
5747,SUP-01,1009,Масляный фильтр,258,306.80,79154.40,2025-04-30
5748,SUP-12,1012,Топливный фильтр,57,527.80,30084.60,2025-04-13
5749,SUP-04,1005,Тормозная жидкость DOT-4,99,256.50,25393.50,2025-06-12
5750,SUP-07,1056,Щётки стеклоочистителя,133,514.80,68468.40,2025-05-22
5751,SUP-08,1005,Тормозная жидкость DOT-4,191,283.50,54148.50,2025-04-27
5752,SUP-02,1060,Рулевой наконечник,237,793.00,187941.00,2025-10-24
5753,SUP-07,1053,Жидкость ГУР,363,329.40,119572.20,2025-12-28
5754,SUP-12,1010,Воздушный фильтр,235,458.80,107818.00,2025-07-21
5755,SUP-03,1038,Патрубок радиатора,160,421.60,67456.00,2025-05-01
5756,SUP-10,1004,Тормозные диски задние,152,3456.00,525312.00,2025-12-20
5757,SUP-03,1028,Ремень ГРМ,104,1224.00,127296.00,2025-07-26
5758,SUP-09,1052,Масло АКПП,185,640.80,118548.00,2025-03-08
5759,SUP-05,1020,Амортизатор задний,89,2640.00,234960.00,2025-06-24
5760,SUP-09,1059,Диск сцепления,89,2610.00,232290.00,2025-11-12
5761,SUP-02,1006,Тормозная жидкость DOT-5.1,388,542.90,210645.20,2025-02-11
5762,SUP-02,1042,Аккумулятор 60Ah,158,4248.00,671184.00,2025-06-26
5763,SUP-06,1001,Тормозные колодки передние,176,2006.00,353056.00,2025-01-03
5764,SUP-04,1028,Ремень ГРМ,327,1296.00,423792.00,2025-08-03
5765,SUP-12,1023,Шаровая опора,136,913.50,124236.00,2025-10-01
5766,SUP-07,1012,Топливный фильтр,21,646.10,13568.10,2025-10-29
5767,SUP-05,1009,Масляный фильтр,171,332.80,56908.80,2025-12-01
5768,SUP-05,1013,Фильтр АКПП,20,910.00,18200.00,2025-12-10
5769,SUP-05,1027,Опора амортизатора,346,976.00,337696.00,2025-03-25
5770,SUP-10,1014,Свечи зажигания,162,231.80,37551.60,2025-08-19
5771,SUP-04,1038,Патрубок радиатора,213,390.60,83197.80,2025-05-29
5772,SUP-09,1059,Диск сцепления,332,2790.00,926280.00,2025-10-18
5773,SUP-08,1044,Лампы H4,63,235.20,14817.60,2025-08-21
5774,SUP-03,1022,Сайлентблок рычага,222,486.40,107980.80,2025-06-23
5775,SUP-03,1030,Помпа водяная,400,2556.00,1022400.00,2025-02-01
5776,SUP-06,1021,Стойка стабилизатора,391,637.00,249067.00,2025-08-13
5777,SUP-03,1059,Диск сцепления,24,2835.00,68040.00,2025-03-15
5778,SUP-12,1042,Аккумулятор 60Ah,77,4680.00,360360.00,2025-06-06
5779,SUP-09,1061,Рулевая тяга,28,990.00,27720.00,2025-05-01
5780,SUP-07,1063,Коврики салона,170,1728.00,293760.00,2025-01-25
5781,SUP-08,1049,Бензонасос,29,3136.00,90944.00,2025-07-13
5782,SUP-10,1054,Фара передняя,360,4160.00,1497600.00,2025-06-29
5783,SUP-06,1025,Пружина подвески,81,1767.00,143127.00,2025-09-11
5784,SUP-01,1039,Бачок расширительный,340,812.00,276080.00,2025-02-26
5785,SUP-05,1029,Ролик натяжителя ГРМ,378,896.00,338688.00,2025-07-18
5786,SUP-02,1029,Ролик натяжителя ГРМ,183,938.00,171654.00,2025-09-22
5787,SUP-11,1044,Лампы H4,130,302.40,39312.00,2025-02-19
5788,SUP-02,1064,Компрессор кондиционера,20,11088.00,221760.00,2025-05-04
5789,SUP-12,1028,Ремень ГРМ,275,1134.00,311850.00,2025-02-05
5790,SUP-03,1038,Патрубок радиатора,171,347.20,59371.20,2025-04-22
5791,SUP-03,1033,Термостат,202,704.00,142208.00,2025-07-18
5792,SUP-12,1048,Датчик ABS,375,1470.00,551250.00,2025-09-30
5793,SUP-04,1039,Бачок расширительный,210,826.00,173460.00,2025-09-28
5794,SUP-08,1012,Топливный фильтр,333,573.30,190908.90,2025-04-17
5795,SUP-12,1016,Высоковольтные провода,341,1040.00,354640.00,2025-10-22
5796,SUP-06,1030,Помпа водяная,137,2376.00,325512.00,2025-01-25
5797,SUP-08,1037,Радиатор кондиционера,370,4347.00,1608390.00,2025-09-13
5798,SUP-12,1042,Аккумулятор 60Ah,114,4752.00,541728.00,2025-10-29
5799,SUP-10,1050,Моторное масло 5W-40,191,408.00,77928.00,2025-09-21
5800,SUP-04,1006,Тормозная жидкость DOT-5.1,263,542.90,142782.70,2025-02-13
5801,SUP-03,1034,Комплект сцепления,279,6566.00,1831914.00,2025-02-10
5802,SUP-11,1060,Рулевой наконечник,141,806.00,113646.00,2025-06-25
5803,SUP-12,1057,ШРУС наружный,350,2747.00,961450.00,2025-10-17
5804,SUP-07,1027,Опора амортизатора,153,960.00,146880.00,2025-08-11
5805,SUP-04,1064,Компрессор кондиционера,47,10248.00,481656.00,2025-07-29
5806,SUP-02,1031,Прокладка ГБЦ,27,1408.00,38016.00,2025-04-13
5807,SUP-08,1050,Моторное масло 5W-40,271,421.60,114253.60,2025-03-01
5808,SUP-04,1001,Тормозные колодки передние,41,2006.00,82246.00,2025-10-25
5809,SUP-08,1059,Диск сцепления,67,3150.00,211050.00,2025-09-20
5810,SUP-05,1004,Тормозные диски задние,287,3294.00,945378.00,2025-05-04
5811,SUP-03,1031,Прокладка ГБЦ,40,1254.00,50160.00,2025-11-20
5812,SUP-08,1028,Ремень ГРМ,329,1152.00,379008.00,2025-06-09
5813,SUP-01,1049,Бензонасос,139,3864.00,537096.00,2025-09-10
5814,SUP-05,1005,Тормозная жидкость DOT-4,35,247.50,8662.50,2025-04-24
5815,SUP-03,1018,Генератор,135,8432.00,1138320.00,2025-01-15
5816,SUP-06,1016,Высоковольтные провода,98,896.00,87808.00,2025-04-02
5817,SUP-04,1007,Суппорт тормозной,254,5460.00,1386840.00,2025-11-29
5818,SUP-08,1040,Антифриз G12,325,319.20,103740.00,2025-07-14
5819,SUP-01,1001,Тормозные колодки передние,78,2414.00,188292.00,2025-09-12
5820,SUP-10,1052,Масло АКПП,261,631.90,164925.90,2025-10-03
5821,SUP-08,1051,Моторное масло 5W-30,31,511.20,15847.20,2025-04-27
5822,SUP-08,1058,Пыльник ШРУС,352,378.00,133056.00,2025-03-30
5823,SUP-03,1012,Топливный фильтр,246,618.80,152224.80,2025-12-01
5824,SUP-08,1005,Тормозная жидкость DOT-4,179,270.00,48330.00,2025-09-16
5825,SUP-11,1024,Рычаг подвески,76,2898.00,220248.00,2025-02-15
5826,SUP-02,1013,Фильтр АКПП,76,798.00,60648.00,2025-09-07
5827,SUP-01,1025,Пружина подвески,81,2232.00,180792.00,2025-08-10
5828,SUP-07,1057,ШРУС наружный,102,2419.00,246738.00,2025-06-19
5829,SUP-07,1011,Фильтр салона,133,455.60,60594.80,2025-10-29
5830,SUP-06,1017,Стартер,163,5073.00,826899.00,2025-10-21
5831,SUP-08,1014,Свечи зажигания,233,224.20,52238.60,2025-09-20
5832,SUP-10,1062,Насос ГУР,267,6608.00,1764336.00,2025-09-04
5833,SUP-05,1048,Датчик ABS,188,1449.00,272412.00,2025-02-11
5834,SUP-10,1060,Рулевой наконечник,242,780.00,188760.00,2025-02-28
5835,SUP-12,1042,Аккумулятор 60Ah,175,4032.00,705600.00,2025-01-19
5836,SUP-12,1036,Радиатор охлаждения,201,4514.00,907314.00,2025-10-21
5837,SUP-01,1058,Пыльник ШРУС,348,297.00,103356.00,2025-02-28
5838,SUP-09,1026,Ступичный подшипник,231,1917.00,442827.00,2025-12-25
5839,SUP-04,1020,Амортизатор задний,231,2976.00,687456.00,2025-06-21
5840,SUP-04,1060,Рулевой наконечник,57,819.00,46683.00,2025-12-18
5841,SUP-02,1052,Масло АКПП,249,551.80,137398.20,2025-02-09
5842,SUP-03,1019,Амортизатор передний,332,3780.00,1254960.00,2025-01-30
5843,SUP-09,1032,Сальник коленвала,238,297.60,70828.80,2025-01-18
5844,SUP-09,1015,Катушка зажигания,233,1972.00,459476.00,2025-09-10
5845,SUP-04,1031,Прокладка ГБЦ,214,1408.00,301312.00,2025-09-29
5846,SUP-07,1055,Зеркало боковое,284,1824.00,518016.00,2025-02-28
5847,SUP-10,1004,Тормозные диски задние,273,3888.00,1061424.00,2025-06-24
5848,SUP-09,1050,Моторное масло 5W-40,36,408.00,14688.00,2025-05-14
5849,SUP-07,1054,Фара передняя,212,3840.00,814080.00,2025-05-11
5850,SUP-10,1015,Катушка зажигания,76,1827.00,138852.00,2025-08-11
5851,SUP-09,1002,Тормозные колодки задние,204,1540.00,314160.00,2025-09-23
5852,SUP-02,1013,Фильтр АКПП,340,938.00,318920.00,2025-09-17
5853,SUP-03,1010,Воздушный фильтр,54,495.80,26773.20,2025-09-04
5854,SUP-01,1054,Фара передняя,202,4160.00,840320.00,2025-06-26
5855,SUP-09,1024,Рычаг подвески,108,2520.00,272160.00,2025-09-04
5856,SUP-04,1040,Антифриз G12,187,364.00,68068.00,2025-01-16
5857,SUP-04,1057,ШРУС наружный,132,2911.00,384252.00,2025-03-26
5858,SUP-02,1021,Стойка стабилизатора,188,617.40,116071.20,2025-11-04
5859,SUP-05,1056,Щётки стеклоочистителя,336,429.00,144144.00,2025-09-30
5860,SUP-12,1023,Шаровая опора,284,957.00,271788.00,2025-05-18
5861,SUP-05,1003,Тормозные диски передние,230,4154.00,955420.00,2025-08-18
5862,SUP-04,1017,Стартер,376,5874.00,2208624.00,2025-05-18
5863,SUP-02,1023,Шаровая опора,374,1000.50,374187.00,2025-06-21
5864,SUP-06,1005,Тормозная жидкость DOT-4,176,283.50,49896.00,2025-08-30
5865,SUP-05,1062,Насос ГУР,351,6832.00,2398032.00,2025-02-12
5866,SUP-12,1012,Топливный фильтр,97,646.10,62671.70,2025-11-04
5867,SUP-03,1035,Датчик коленвала,37,1273.00,47101.00,2025-11-26
5868,SUP-08,1021,Стойка стабилизатора,240,558.60,134064.00,2025-11-19
5869,SUP-11,1055,Зеркало боковое,24,1952.00,46848.00,2025-08-10
5870,SUP-12,1034,Комплект сцепления,239,6762.00,1616118.00,2025-07-18
5871,SUP-04,1032,Сальник коленвала,124,336.00,41664.00,2025-03-18
5872,SUP-12,1056,Щётки стеклоочистителя,61,436.80,26644.80,2025-02-28
5873,SUP-01,1053,Жидкость ГУР,115,318.60,36639.00,2025-06-22
5874,SUP-01,1041,Вентилятор охлаждения,282,2537.00,715434.00,2025-11-01
5875,SUP-09,1014,Свечи зажигания,317,231.80,73480.60,2025-08-07
5876,SUP-10,1043,Аккумулятор 75Ah,97,5915.00,573755.00,2025-07-05
5877,SUP-05,1004,Тормозные диски задние,57,3564.00,203148.00,2025-12-13
5878,SUP-12,1022,Сайлентблок рычага,107,448.40,47978.80,2025-12-06
5879,SUP-01,1043,Аккумулятор 75Ah,200,5642.00,1128400.00,2025-08-03
5880,SUP-09,1061,Рулевая тяга,269,1044.00,280836.00,2025-06-22
5881,SUP-07,1046,Реле,63,184.80,11642.40,2025-04-22
5882,SUP-10,1034,Комплект сцепления,31,7056.00,218736.00,2025-08-30
5883,SUP-02,1046,Реле,245,159.60,39102.00,2025-08-06
5884,SUP-09,1042,Аккумулятор 60Ah,337,4104.00,1383048.00,2025-02-24
5885,SUP-06,1030,Помпа водяная,179,2592.00,463968.00,2025-10-25
5886,SUP-06,1005,Тормозная жидкость DOT-4,108,252.00,27216.00,2025-11-10
5887,SUP-12,1005,Тормозная жидкость DOT-4,116,252.00,29232.00,2025-03-14
5888,SUP-12,1005,Тормозная жидкость DOT-4,357,274.50,97996.50,2025-05-04
5889,SUP-04,1034,Комплект сцепления,199,6762.00,1345638.00,2025-05-09
5890,SUP-05,1015,Катушка зажигания,185,1798.00,332630.00,2025-08-03
5891,SUP-02,1008,Датчик износа колодок,232,396.50,91988.00,2025-09-27
5892,SUP-04,1055,Зеркало боковое,171,1920.00,328320.00,2025-06-19
5893,SUP-03,1051,Моторное масло 5W-30,87,446.40,38836.80,2025-06-25
5894,SUP-05,1034,Комплект сцепления,23,6566.00,151018.00,2025-08-03
5895,SUP-09,1034,Комплект сцепления,387,6762.00,2616894.00,2025-12-08
5896,SUP-05,1034,Комплект сцепления,398,6762.00,2691276.00,2025-04-28
5897,SUP-09,1022,Сайлентблок рычага,398,463.60,184512.80,2025-01-30
5898,SUP-02,1043,Аккумулятор 75Ah,270,5187.00,1400490.00,2025-12-11
5899,SUP-12,1031,Прокладка ГБЦ,325,1518.00,493350.00,2025-05-01
5900,SUP-07,1031,Прокладка ГБЦ,245,1210.00,296450.00,2025-09-07
5901,SUP-07,1046,Реле,277,162.40,44984.80,2025-05-31
5902,SUP-08,1013,Фильтр АКПП,369,840.00,309960.00,2025-02-04
5903,SUP-05,1036,Радиатор охлаждения,313,4440.00,1389720.00,2025-02-05
5904,SUP-04,1049,Бензонасос,146,3472.00,506912.00,2025-01-06
5905,SUP-07,1052,Масло АКПП,107,569.60,60947.20,2025-07-28
5906,SUP-05,1043,Аккумулятор 75Ah,236,5551.00,1310036.00,2025-03-21
5907,SUP-06,1024,Рычаг подвески,247,2520.00,622440.00,2025-08-30
5908,SUP-10,1020,Амортизатор задний,121,3120.00,377520.00,2025-08-27
5909,SUP-12,1052,Масло АКПП,311,640.80,199288.80,2025-10-18
5910,SUP-05,1005,Тормозная жидкость DOT-4,400,265.50,106200.00,2025-01-03
5911,SUP-10,1040,Антифриз G12,395,397.60,157052.00,2025-02-25
5912,SUP-08,1012,Топливный фильтр,350,573.30,200655.00,2025-07-08
5913,SUP-11,1019,Амортизатор передний,319,3834.00,1223046.00,2025-07-26
5914,SUP-12,1009,Масляный фильтр,383,332.80,127462.40,2025-11-14
5915,SUP-05,1005,Тормозная жидкость DOT-4,86,315.00,27090.00,2025-12-25
5916,SUP-01,1033,Термостат,157,726.00,113982.00,2025-10-29
5917,SUP-12,1014,Свечи зажигания,60,224.20,13452.00,2025-02-09
5918,SUP-03,1006,Тормозная жидкость DOT-5.1,387,623.00,241101.00,2025-06-23
5919,SUP-08,1021,Стойка стабилизатора,377,588.00,221676.00,2025-09-26
5920,SUP-09,1002,Тормозные колодки задние,194,1820.00,353080.00,2025-10-02
5921,SUP-03,1030,Помпа водяная,202,2376.00,479952.00,2025-10-23
5922,SUP-11,1011,Фильтр салона,76,408.00,31008.00,2025-05-28
5923,SUP-02,1021,Стойка стабилизатора,122,578.20,70540.40,2025-11-30
5924,SUP-05,1008,Датчик износа колодок,325,461.50,149987.50,2025-04-13
5925,SUP-03,1054,Фара передняя,242,3584.00,867328.00,2025-07-05
5926,SUP-08,1064,Компрессор кондиционера,384,11592.00,4451328.00,2025-09-11
5927,SUP-06,1001,Тормозные колодки передние,344,2006.00,690064.00,2025-12-02
5928,SUP-05,1059,Диск сцепления,288,2700.00,777600.00,2025-12-05
5929,SUP-01,1038,Патрубок радиатора,185,421.60,77996.00,2025-07-18
5930,SUP-02,1040,Антифриз G12,391,358.40,140134.40,2025-06-26
5931,SUP-10,1044,Лампы H4,281,273.00,76713.00,2025-06-25
5932,SUP-01,1054,Фара передняя,216,4096.00,884736.00,2025-08-29
5933,SUP-05,1055,Зеркало боковое,147,2080.00,305760.00,2025-01-20
5934,SUP-06,1008,Датчик износа колодок,112,377.00,42224.00,2025-07-25
5935,SUP-04,1064,Компрессор кондиционера,288,9744.00,2806272.00,2025-10-13
5936,SUP-12,1036,Радиатор охлаждения,177,5180.00,916860.00,2025-02-24
5937,SUP-07,1043,Аккумулятор 75Ah,338,5824.00,1968512.00,2025-04-26
5938,SUP-10,1017,Стартер,177,5518.00,976686.00,2025-11-03
5939,SUP-04,1062,Насос ГУР,33,6496.00,214368.00,2025-02-28
5940,SUP-01,1012,Топливный фильтр,333,527.80,175757.40,2025-06-23
5941,SUP-05,1061,Рулевая тяга,156,1188.00,185328.00,2025-12-18
5942,SUP-03,1043,Аккумулятор 75Ah,85,6370.00,541450.00,2025-11-17
5943,SUP-03,1030,Помпа водяная,319,2160.00,689040.00,2025-06-26
5944,SUP-04,1058,Пыльник ШРУС,76,329.40,25034.40,2025-12-27
5945,SUP-10,1057,ШРУС наружный,219,2460.00,538740.00,2025-03-31
5946,SUP-04,1004,Тормозные диски задние,267,3726.00,994842.00,2025-01-25
5947,SUP-01,1016,Высоковольтные провода,269,928.00,249632.00,2025-05-04
5948,SUP-11,1061,Рулевая тяга,309,1170.00,361530.00,2025-07-23
5949,SUP-01,1037,Радиатор кондиционера,267,3795.00,1013265.00,2025-10-17
5950,SUP-10,1042,Аккумулятор 60Ah,323,4104.00,1325592.00,2025-12-22
5951,SUP-01,1024,Рычаг подвески,338,2688.00,908544.00,2025-03-13
5952,SUP-10,1021,Стойка стабилизатора,152,617.40,93844.80,2025-02-12
5953,SUP-07,1046,Реле,145,193.20,28014.00,2025-08-31
5954,SUP-05,1044,Лампы H4,184,294.00,54096.00,2025-03-18
5955,SUP-04,1017,Стартер,181,6141.00,1111521.00,2025-08-24
5956,SUP-12,1012,Топливный фильтр,85,582.40,49504.00,2025-07-08
5957,SUP-10,1012,Топливный фильтр,359,582.40,209081.60,2025-05-24
5958,SUP-06,1057,ШРУС наружный,129,2747.00,354363.00,2025-08-03
5959,SUP-08,1015,Катушка зажигания,220,1740.00,382800.00,2025-10-09
5960,SUP-07,1025,Пружина подвески,74,1736.00,128464.00,2025-07-17
5961,SUP-06,1059,Диск сцепления,182,2655.00,483210.00,2025-04-15
5962,SUP-08,1031,Прокладка ГБЦ,260,1386.00,360360.00,2025-09-22
5963,SUP-01,1032,Сальник коленвала,104,278.40,28953.60,2025-03-29
5964,SUP-05,1039,Бачок расширительный,217,882.00,191394.00,2025-03-28
5965,SUP-08,1017,Стартер,198,6141.00,1215918.00,2025-07-15
5966,SUP-09,1007,Суппорт тормозной,337,5460.00,1840020.00,2025-04-16
5967,SUP-03,1034,Комплект сцепления,181,5978.00,1082018.00,2025-01-29
5968,SUP-02,1038,Патрубок радиатора,260,403.00,104780.00,2025-10-27
5969,SUP-05,1008,Датчик износа колодок,40,383.50,15340.00,2025-07-08
5970,SUP-06,1004,Тормозные диски задние,185,2970.00,549450.00,2025-05-19
5971,SUP-02,1041,Вентилятор охлаждения,266,2451.00,651966.00,2025-01-11
5972,SUP-05,1056,Щётки стеклоочистителя,279,429.00,119691.00,2025-05-27
5973,SUP-11,1035,Датчик коленвала,108,1197.00,129276.00,2025-02-14
5974,SUP-09,1009,Масляный фильтр,333,353.60,117748.80,2025-08-19
5975,SUP-09,1045,Лампы H7,109,249.60,27206.40,2025-01-05
5976,SUP-09,1028,Ремень ГРМ,295,1278.00,377010.00,2025-03-24
5977,SUP-08,1058,Пыльник ШРУС,235,383.40,90099.00,2025-02-12
5978,SUP-05,1006,Тормозная жидкость DOT-5.1,60,534.00,32040.00,2025-11-12
5979,SUP-07,1026,Ступичный подшипник,315,1485.00,467775.00,2025-03-06
5980,SUP-07,1051,Моторное масло 5W-30,53,410.40,21751.20,2025-01-16
5981,SUP-06,1033,Термостат,293,792.00,232056.00,2025-07-01
5982,SUP-10,1016,Высоковольтные провода,218,960.00,209280.00,2025-04-30
5983,SUP-09,1031,Прокладка ГБЦ,303,1320.00,399960.00,2025-03-15
5984,SUP-02,1063,Коврики салона,379,1368.00,518472.00,2025-09-22
5985,SUP-03,1044,Лампы H4,25,231.00,5775.00,2025-06-21
5986,SUP-08,1053,Жидкость ГУР,265,372.60,98739.00,2025-05-19
5987,SUP-02,1064,Компрессор кондиционера,127,10752.00,1365504.00,2025-08-07
5988,SUP-08,1059,Диск сцепления,130,2745.00,356850.00,2025-11-30
5989,SUP-09,1059,Диск сцепления,393,3015.00,1184895.00,2025-11-17
5990,SUP-10,1015,Катушка зажигания,188,1798.00,338024.00,2025-01-20
5991,SUP-08,1003,Тормозные диски передние,309,4216.00,1302744.00,2025-12-25
5992,SUP-06,1064,Компрессор кондиционера,208,11424.00,2376192.00,2025-12-26
5993,SUP-07,1037,Радиатор кондиционера,195,4347.00,847665.00,2025-11-06
5994,SUP-12,1056,Щётки стеклоочистителя,393,444.60,174727.80,2025-08-27
5995,SUP-12,1005,Тормозная жидкость DOT-4,345,310.50,107122.50,2025-05-17
5996,SUP-08,1044,Лампы H4,329,281.40,92580.60,2025-01-21
5997,SUP-10,1029,Ролик натяжителя ГРМ,340,994.00,337960.00,2025-07-13
5998,SUP-12,1043,Аккумулятор 75Ah,132,5187.00,684684.00,2025-09-25
5999,SUP-08,1037,Радиатор кондиционера,253,4968.00,1256904.00,2025-04-22
6000,SUP-01,1011,Фильтр салона,81,442.00,35802.00,2025-05-09
6001,SUP-02,1045,Лампы H7,56,249.60,13977.60,2025-09-01
6002,SUP-05,1036,Радиатор охлаждения,66,4292.00,283272.00,2025-07-20
6003,SUP-02,1051,Моторное масло 5W-30,92,504.00,46368.00,2025-02-05
6004,SUP-08,1058,Пыльник ШРУС,160,378.00,60480.00,2025-08-05
6005,SUP-08,1048,Датчик ABS,243,1197.00,290871.00,2025-04-17
6006,SUP-01,1018,Генератор,312,8060.00,2514720.00,2025-03-04
6007,SUP-06,1021,Стойка стабилизатора,349,705.60,246254.40,2025-09-29
6008,SUP-07,1010,Воздушный фильтр,350,518.00,181300.00,2025-05-30
6009,SUP-05,1001,Тормозные колодки передние,23,2380.00,54740.00,2025-04-17
6010,SUP-05,1012,Топливный фильтр,358,582.40,208499.20,2025-02-14
6011,SUP-12,1043,Аккумулятор 75Ah,334,5460.00,1823640.00,2025-06-28
6012,SUP-01,1051,Моторное масло 5W-30,113,482.40,54511.20,2025-08-14
6013,SUP-07,1061,Рулевая тяга,32,1026.00,32832.00,2025-04-15
6014,SUP-03,1037,Радиатор кондиционера,242,4761.00,1152162.00,2025-02-05
6015,SUP-09,1051,Моторное масло 5W-30,276,432.00,119232.00,2025-04-28
6016,SUP-07,1011,Фильтр салона,347,448.80,155733.60,2025-06-01
6017,SUP-05,1003,Тормозные диски передние,240,4154.00,996960.00,2025-02-09
6018,SUP-04,1041,Вентилятор охлаждения,81,2580.00,208980.00,2025-02-07
6019,SUP-07,1039,Бачок расширительный,207,910.00,188370.00,2025-11-28
6020,SUP-08,1005,Тормозная жидкость DOT-4,399,292.50,116707.50,2025-02-17
6021,SUP-03,1004,Тормозные диски задние,309,3510.00,1084590.00,2025-11-29
6022,SUP-02,1013,Фильтр АКПП,50,910.00,45500.00,2025-08-18
6023,SUP-12,1049,Бензонасос,169,3416.00,577304.00,2025-02-20
6024,SUP-06,1055,Зеркало боковое,159,1760.00,279840.00,2025-12-14
6025,SUP-05,1004,Тормозные диски задние,355,3726.00,1322730.00,2025-09-15
6026,SUP-04,1022,Сайлентблок рычага,278,524.40,145783.20,2025-12-25
6027,SUP-12,1057,ШРУС наружный,174,2706.00,470844.00,2025-01-23
6028,SUP-05,1032,Сальник коленвала,393,268.80,105638.40,2025-01-21
6029,SUP-04,1021,Стойка стабилизатора,262,539.00,141218.00,2025-05-17
6030,SUP-11,1063,Коврики салона,60,1560.00,93600.00,2025-11-27
6031,SUP-07,1027,Опора амортизатора,362,1072.00,388064.00,2025-01-07
6032,SUP-07,1005,Тормозная жидкость DOT-4,300,292.50,87750.00,2025-02-08
6033,SUP-07,1055,Зеркало боковое,282,1984.00,559488.00,2025-10-09
6034,SUP-08,1059,Диск сцепления,197,2925.00,576225.00,2025-07-05
6035,SUP-12,1007,Суппорт тормозной,171,4758.00,813618.00,2025-07-10
6036,SUP-12,1011,Фильтр салона,200,414.80,82960.00,2025-09-09
6037,SUP-02,1027,Опора амортизатора,106,1104.00,117024.00,2025-01-13
6038,SUP-08,1015,Катушка зажигания,399,2001.00,798399.00,2025-10-05
6039,SUP-03,1029,Ролик натяжителя ГРМ,150,952.00,142800.00,2025-11-17
6040,SUP-10,1015,Катушка зажигания,305,2030.00,619150.00,2025-12-17
6041,SUP-04,1017,Стартер,157,6052.00,950164.00,2025-10-31
6042,SUP-02,1026,Ступичный подшипник,35,1728.00,60480.00,2025-12-15
6043,SUP-02,1015,Катушка зажигания,83,1711.00,142013.00,2025-01-08
6044,SUP-02,1014,Свечи зажигания,258,273.60,70588.80,2025-07-12
6045,SUP-11,1023,Шаровая опора,135,1044.00,140940.00,2025-12-17
6046,SUP-10,1025,Пружина подвески,30,2232.00,66960.00,2025-06-21
6047,SUP-12,1020,Амортизатор задний,377,3168.00,1194336.00,2025-04-21
6048,SUP-07,1009,Масляный фильтр,318,322.40,102523.20,2025-08-08
6049,SUP-03,1032,Сальник коленвала,41,278.40,11414.40,2025-01-08
6050,SUP-08,1017,Стартер,302,5429.00,1639558.00,2025-01-14
6051,SUP-10,1045,Лампы H7,324,253.50,82134.00,2025-06-12
6052,SUP-09,1058,Пыльник ШРУС,384,356.40,136857.60,2025-10-13
6053,SUP-05,1023,Шаровая опора,207,855.50,177088.50,2025-03-22
6054,SUP-04,1053,Жидкость ГУР,311,302.40,94046.40,2025-09-15
6055,SUP-03,1024,Рычаг подвески,130,2856.00,371280.00,2025-10-28
6056,SUP-06,1053,Жидкость ГУР,198,340.20,67359.60,2025-08-29
6057,SUP-02,1019,Амортизатор передний,80,3672.00,293760.00,2025-12-12
6058,SUP-06,1039,Бачок расширительный,204,910.00,185640.00,2025-03-05
6059,SUP-03,1007,Суппорт тормозной,216,4446.00,960336.00,2025-09-25
6060,SUP-06,1040,Антифриз G12,389,341.60,132882.40,2025-07-29
6061,SUP-06,1052,Масло АКПП,346,623.00,215558.00,2025-08-12
6062,SUP-04,1026,Ступичный подшипник,71,1539.00,109269.00,2025-03-12
6063,SUP-10,1013,Фильтр АКПП,96,994.00,95424.00,2025-10-27
6064,SUP-11,1022,Сайлентблок рычага,282,494.00,139308.00,2025-02-03
6065,SUP-08,1041,Вентилятор охлаждения,301,2709.00,815409.00,2025-10-23
6066,SUP-02,1042,Аккумулятор 60Ah,369,4248.00,1567512.00,2025-10-07
6067,SUP-02,1042,Аккумулятор 60Ah,332,4680.00,1553760.00,2025-08-28
6068,SUP-12,1020,Амортизатор задний,187,2736.00,511632.00,2025-10-21
6069,SUP-05,1019,Амортизатор передний,184,3402.00,625968.00,2025-01-22
6070,SUP-09,1013,Фильтр АКПП,322,980.00,315560.00,2025-08-11
6071,SUP-07,1039,Бачок расширительный,350,924.00,323400.00,2025-03-25
6072,SUP-10,1058,Пыльник ШРУС,266,318.60,84747.60,2025-02-05
6073,SUP-11,1022,Сайлентблок рычага,324,440.80,142819.20,2025-11-02
6074,SUP-06,1020,Амортизатор задний,32,2640.00,84480.00,2025-10-18
6075,SUP-11,1018,Генератор,291,7440.00,2165040.00,2025-04-09
6076,SUP-08,1040,Антифриз G12,297,347.20,103118.40,2025-08-31
6077,SUP-12,1025,Пружина подвески,198,1891.00,374418.00,2025-04-05
6078,SUP-01,1060,Рулевой наконечник,384,832.00,319488.00,2025-05-19
6079,SUP-10,1021,Стойка стабилизатора,83,568.40,47177.20,2025-06-04
6080,SUP-12,1048,Датчик ABS,272,1470.00,399840.00,2025-11-26
6081,SUP-04,1064,Компрессор кондиционера,23,9744.00,224112.00,2025-08-02
6082,SUP-03,1033,Термостат,267,671.00,179157.00,2025-02-11
6083,SUP-03,1032,Сальник коленвала,288,316.80,91238.40,2025-07-08
6084,SUP-07,1008,Датчик износа колодок,237,377.00,89349.00,2025-12-09
6085,SUP-04,1034,Комплект сцепления,175,5782.00,1011850.00,2025-06-05
6086,SUP-04,1005,Тормозная жидкость DOT-4,101,261.00,26361.00,2025-04-26
6087,SUP-02,1012,Топливный фильтр,145,591.50,85767.50,2025-03-16
6088,SUP-04,1059,Диск сцепления,376,2880.00,1082880.00,2025-09-16
6089,SUP-10,1006,Тормозная жидкость DOT-5.1,278,605.20,168245.60,2025-02-01
6090,SUP-12,1001,Тормозные колодки передние,37,2210.00,81770.00,2025-06-15
6091,SUP-12,1002,Тормозные колодки задние,353,1624.00,573272.00,2025-11-15
6092,SUP-06,1043,Аккумулятор 75Ah,341,5915.00,2017015.00,2025-09-23
6093,SUP-11,1023,Шаровая опора,232,986.00,228752.00,2025-09-24
6094,SUP-05,1054,Фара передняя,400,4352.00,1740800.00,2025-07-10
6095,SUP-02,1028,Ремень ГРМ,317,1062.00,336654.00,2025-04-07
6096,SUP-10,1030,Помпа водяная,377,2268.00,855036.00,2025-08-13
6097,SUP-10,1021,Стойка стабилизатора,82,695.80,57055.60,2025-09-23
6098,SUP-01,1031,Прокладка ГБЦ,27,1584.00,42768.00,2025-10-16
6099,SUP-07,1048,Датчик ABS,283,1428.00,404124.00,2025-02-11
6100,SUP-08,1034,Комплект сцепления,45,5586.00,251370.00,2025-03-19
6101,SUP-04,1036,Радиатор охлаждения,289,5180.00,1497020.00,2025-07-01
6102,SUP-07,1020,Амортизатор задний,199,3216.00,639984.00,2025-03-22
6103,SUP-09,1050,Моторное масло 5W-40,298,462.40,137795.20,2025-01-04
6104,SUP-06,1040,Антифриз G12,301,358.40,107878.40,2025-10-12
6105,SUP-01,1044,Лампы H4,351,264.60,92874.60,2025-08-28
6106,SUP-01,1052,Масло АКПП,90,489.50,44055.00,2025-05-07
6107,SUP-03,1018,Генератор,76,8432.00,640832.00,2025-05-15
6108,SUP-08,1024,Рычаг подвески,280,2478.00,693840.00,2025-12-01
6109,SUP-09,1064,Компрессор кондиционера,277,10584.00,2931768.00,2025-08-16
6110,SUP-08,1036,Радиатор охлаждения,32,4292.00,137344.00,2025-08-29
6111,SUP-11,1002,Тормозные колодки задние,101,1540.00,155540.00,2025-09-01
6112,SUP-07,1056,Щётки стеклоочистителя,92,429.00,39468.00,2025-01-05
6113,SUP-03,1052,Масло АКПП,239,605.20,144642.80,2025-12-12
6114,SUP-08,1047,Предохранители набор,364,110.20,40112.80,2025-01-20
6115,SUP-08,1061,Рулевая тяга,361,1098.00,396378.00,2025-08-19
6116,SUP-10,1001,Тормозные колодки передние,190,2210.00,419900.00,2025-01-28
6117,SUP-06,1025,Пружина подвески,311,1829.00,568819.00,2025-12-17
6118,SUP-07,1044,Лампы H4,388,277.20,107553.60,2025-06-27
6119,SUP-08,1053,Жидкость ГУР,36,361.80,13024.80,2025-07-31
6120,SUP-06,1035,Датчик коленвала,104,1083.00,112632.00,2025-11-14
6121,SUP-04,1013,Фильтр АКПП,77,980.00,75460.00,2025-04-23
6122,SUP-08,1057,ШРУС наружный,113,2378.00,268714.00,2025-04-18
6123,SUP-11,1038,Патрубок радиатора,371,403.00,149513.00,2025-09-20
6124,SUP-02,1006,Тормозная жидкость DOT-5.1,83,614.10,50970.30,2025-08-20
6125,SUP-03,1009,Масляный фильтр,194,301.60,58510.40,2025-01-11
6126,SUP-03,1064,Компрессор кондиционера,96,9576.00,919296.00,2025-04-16
6127,SUP-03,1051,Моторное масло 5W-30,109,460.80,50227.20,2025-03-08
6128,SUP-03,1060,Рулевой наконечник,178,884.00,157352.00,2025-06-23
6129,SUP-04,1016,Высоковольтные провода,387,960.00,371520.00,2025-09-27
6130,SUP-10,1030,Помпа водяная,375,2052.00,769500.00,2025-01-30
6131,SUP-02,1055,Зеркало боковое,248,2048.00,507904.00,2025-03-29
6132,SUP-05,1043,Аккумулятор 75Ah,72,5278.00,380016.00,2025-07-23
6133,SUP-04,1049,Бензонасос,285,3528.00,1005480.00,2025-03-22
6134,SUP-11,1005,Тормозная жидкость DOT-4,363,270.00,98010.00,2025-02-22
6135,SUP-08,1029,Ролик натяжителя ГРМ,202,854.00,172508.00,2025-08-05
6136,SUP-03,1010,Воздушный фильтр,106,429.20,45495.20,2025-01-11
6137,SUP-07,1029,Ролик натяжителя ГРМ,335,938.00,314230.00,2025-08-10
6138,SUP-01,1064,Компрессор кондиционера,197,11256.00,2217432.00,2025-08-07
6139,SUP-03,1009,Масляный фильтр,365,364.00,132860.00,2025-05-02
6140,SUP-06,1037,Радиатор кондиционера,275,4830.00,1328250.00,2025-12-26
6141,SUP-03,1029,Ролик натяжителя ГРМ,73,882.00,64386.00,2025-04-01
6142,SUP-01,1030,Помпа водяная,203,2124.00,431172.00,2025-07-02
6143,SUP-05,1048,Датчик ABS,289,1281.00,370209.00,2025-09-17
6144,SUP-02,1040,Антифриз G12,289,375.20,108432.80,2025-04-28
6145,SUP-11,1004,Тормозные диски задние,97,2970.00,288090.00,2025-01-05
6146,SUP-05,1062,Насос ГУР,172,7952.00,1367744.00,2025-01-21
6147,SUP-05,1008,Датчик износа колодок,107,364.00,38948.00,2025-01-25
6148,SUP-09,1026,Ступичный подшипник,349,1728.00,603072.00,2025-02-21
6149,SUP-07,1019,Амортизатор передний,278,3834.00,1065852.00,2025-09-07
6150,SUP-03,1033,Термостат,387,715.00,276705.00,2025-04-13
6151,SUP-11,1052,Масло АКПП,42,560.70,23549.40,2025-01-18
6152,SUP-12,1019,Амортизатор передний,215,3726.00,801090.00,2025-01-28
6153,SUP-01,1006,Тормозная жидкость DOT-5.1,142,498.40,70772.80,2025-04-20
6154,SUP-03,1026,Ступичный подшипник,130,1809.00,235170.00,2025-06-27
6155,SUP-11,1051,Моторное масло 5W-30,140,460.80,64512.00,2025-03-19
6156,SUP-09,1006,Тормозная жидкость DOT-5.1,72,534.00,38448.00,2025-07-15
6157,SUP-02,1023,Шаровая опора,51,957.00,48807.00,2025-03-06
6158,SUP-03,1055,Зеркало боковое,69,1952.00,134688.00,2025-11-03
6159,SUP-11,1005,Тормозная жидкость DOT-4,150,306.00,45900.00,2025-05-13
6160,SUP-03,1014,Свечи зажигания,255,266.00,67830.00,2025-06-20
6161,SUP-10,1002,Тормозные колодки задние,347,1904.00,660688.00,2025-08-13
6162,SUP-08,1054,Фара передняя,379,4224.00,1600896.00,2025-02-13
6163,SUP-04,1034,Комплект сцепления,79,6272.00,495488.00,2025-10-11
6164,SUP-02,1057,ШРУС наружный,289,2583.00,746487.00,2025-12-14
6165,SUP-03,1013,Фильтр АКПП,393,980.00,385140.00,2025-12-30
6166,SUP-10,1014,Свечи зажигания,202,224.20,45288.40,2025-11-13
6167,SUP-07,1055,Зеркало боковое,56,2016.00,112896.00,2025-09-21
6168,SUP-06,1012,Топливный фильтр,390,573.30,223587.00,2025-01-14
6169,SUP-09,1011,Фильтр салона,83,408.00,33864.00,2025-06-08
6170,SUP-11,1062,Насос ГУР,377,7280.00,2744560.00,2025-01-02
6171,SUP-09,1016,Высоковольтные провода,355,1040.00,369200.00,2025-06-10
6172,SUP-03,1062,Насос ГУР,157,7728.00,1213296.00,2025-09-12
6173,SUP-10,1043,Аккумулятор 75Ah,84,5096.00,428064.00,2025-10-29
6174,SUP-06,1005,Тормозная жидкость DOT-4,339,261.00,88479.00,2025-06-17
6175,SUP-11,1057,ШРУС наружный,397,2337.00,927789.00,2025-09-12
6176,SUP-03,1033,Термостат,152,693.00,105336.00,2025-09-09
6177,SUP-12,1015,Катушка зажигания,132,1653.00,218196.00,2025-07-10
6178,SUP-09,1038,Патрубок радиатора,204,347.20,70828.80,2025-12-13
6179,SUP-12,1059,Диск сцепления,91,3105.00,282555.00,2025-05-08
6180,SUP-12,1061,Рулевая тяга,246,1278.00,314388.00,2025-12-10
6181,SUP-04,1031,Прокладка ГБЦ,146,1518.00,221628.00,2025-04-18
6182,SUP-04,1036,Радиатор охлаждения,307,5180.00,1590260.00,2025-11-14
6183,SUP-07,1015,Катушка зажигания,73,2001.00,146073.00,2025-06-03
6184,SUP-12,1061,Рулевая тяга,262,1206.00,315972.00,2025-11-21
6185,SUP-08,1062,Насос ГУР,117,7952.00,930384.00,2025-07-30
6186,SUP-01,1006,Тормозная жидкость DOT-5.1,346,605.20,209399.20,2025-03-14
6187,SUP-12,1042,Аккумулятор 60Ah,278,4680.00,1301040.00,2025-08-19
6188,SUP-04,1060,Рулевой наконечник,171,936.00,160056.00,2025-01-25
6189,SUP-11,1063,Коврики салона,69,1488.00,102672.00,2025-07-08
6190,SUP-08,1040,Антифриз G12,167,375.20,62658.40,2025-01-26
6191,SUP-11,1047,Предохранители набор,21,117.80,2473.80,2025-08-29
6192,SUP-10,1011,Фильтр салона,41,442.00,18122.00,2025-08-03
6193,SUP-01,1059,Диск сцепления,93,3195.00,297135.00,2025-12-06
6194,SUP-06,1044,Лампы H4,227,285.60,64831.20,2025-02-26
6195,SUP-09,1052,Масло АКПП,272,551.80,150089.60,2025-08-13
6196,SUP-12,1039,Бачок расширительный,84,770.00,64680.00,2025-09-03
6197,SUP-12,1059,Диск сцепления,334,2700.00,901800.00,2025-03-28
6198,SUP-05,1055,Зеркало боковое,367,1760.00,645920.00,2025-06-15
6199,SUP-09,1045,Лампы H7,308,265.20,81681.60,2025-08-09
6200,SUP-01,1044,Лампы H4,389,239.40,93126.60,2025-01-15
6201,SUP-05,1010,Воздушный фильтр,374,421.80,157753.20,2025-12-31
6202,SUP-02,1061,Рулевая тяга,158,1170.00,184860.00,2025-07-02
6203,SUP-03,1055,Зеркало боковое,324,1824.00,590976.00,2025-05-12
6204,SUP-06,1056,Щётки стеклоочистителя,337,436.80,147201.60,2025-02-13
6205,SUP-10,1051,Моторное масло 5W-30,355,446.40,158472.00,2025-06-05
6206,SUP-05,1044,Лампы H4,327,264.60,86524.20,2025-09-27
6207,SUP-10,1034,Комплект сцепления,210,5684.00,1193640.00,2025-03-07
6208,SUP-11,1004,Тормозные диски задние,281,3294.00,925614.00,2025-03-05
6209,SUP-09,1011,Фильтр салона,140,414.80,58072.00,2025-06-17
6210,SUP-11,1044,Лампы H4,268,302.40,81043.20,2025-09-26
6211,SUP-01,1054,Фара передняя,42,4096.00,172032.00,2025-03-30
6212,SUP-07,1001,Тормозные колодки передние,155,2176.00,337280.00,2025-07-10
6213,SUP-08,1006,Тормозная жидкость DOT-5.1,200,534.00,106800.00,2025-09-11
6214,SUP-02,1003,Тормозные диски передние,152,3782.00,574864.00,2025-05-02
6215,SUP-05,1039,Бачок расширительный,239,966.00,230874.00,2025-12-14
6216,SUP-11,1024,Рычаг подвески,391,3024.00,1182384.00,2025-05-06
6217,SUP-03,1047,Предохранители набор,283,106.40,30111.20,2025-12-30
6218,SUP-05,1058,Пыльник ШРУС,167,297.00,49599.00,2025-01-13
6219,SUP-06,1032,Сальник коленвала,301,302.40,91022.40,2025-11-24
6220,SUP-02,1040,Антифриз G12,330,403.20,133056.00,2025-12-18
6221,SUP-04,1024,Рычаг подвески,288,2940.00,846720.00,2025-08-09
6222,SUP-06,1004,Тормозные диски задние,381,3726.00,1419606.00,2025-03-01
6223,SUP-02,1048,Датчик ABS,158,1197.00,189126.00,2025-01-10
6224,SUP-04,1014,Свечи зажигания,72,220.40,15868.80,2025-09-01
6225,SUP-02,1015,Катушка зажигания,355,1769.00,627995.00,2025-06-16
6226,SUP-04,1008,Датчик износа колодок,376,390.00,146640.00,2025-06-29
6227,SUP-11,1046,Реле,291,182.00,52962.00,2025-03-30
6228,SUP-03,1060,Рулевой наконечник,97,715.00,69355.00,2025-05-19
6229,SUP-10,1045,Лампы H7,247,245.70,60687.90,2025-09-20
6230,SUP-08,1004,Тормозные диски задние,278,3132.00,870696.00,2025-04-03
6231,SUP-08,1016,Высоковольтные провода,233,960.00,223680.00,2025-05-06
6232,SUP-05,1019,Амортизатор передний,86,3564.00,306504.00,2025-01-16
6233,SUP-07,1002,Тормозные колодки задние,24,1764.00,42336.00,2025-08-11
6234,SUP-09,1054,Фара передняя,247,3968.00,980096.00,2025-04-16
6235,SUP-01,1021,Стойка стабилизатора,43,597.80,25705.40,2025-05-30
6236,SUP-11,1036,Радиатор охлаждения,299,5254.00,1570946.00,2025-05-30
6237,SUP-01,1042,Аккумулятор 60Ah,386,4464.00,1723104.00,2025-10-03
6238,SUP-05,1027,Опора амортизатора,305,1008.00,307440.00,2025-10-13
6239,SUP-04,1036,Радиатор охлаждения,223,4440.00,990120.00,2025-07-21
6240,SUP-09,1015,Катушка зажигания,259,1856.00,480704.00,2025-02-23
6241,SUP-08,1061,Рулевая тяга,320,1296.00,414720.00,2025-12-09
6242,SUP-03,1029,Ролик натяжителя ГРМ,348,770.00,267960.00,2025-03-26
6243,SUP-06,1015,Катушка зажигания,153,2030.00,310590.00,2025-03-07
6244,SUP-12,1022,Сайлентблок рычага,83,516.80,42894.40,2025-10-29
6245,SUP-12,1040,Антифриз G12,188,341.60,64220.80,2025-08-03
6246,SUP-11,1019,Амортизатор передний,272,3294.00,895968.00,2025-11-18
6247,SUP-12,1044,Лампы H4,230,260.40,59892.00,2025-05-24
6248,SUP-12,1023,Шаровая опора,39,826.50,32233.50,2025-01-08
6249,SUP-03,1033,Термостат,369,660.00,243540.00,2025-09-08
6250,SUP-11,1021,Стойка стабилизатора,338,666.40,225243.20,2025-06-07
6251,SUP-04,1045,Лампы H7,349,257.40,89832.60,2025-05-11
6252,SUP-08,1057,ШРУС наружный,176,2665.00,469040.00,2025-08-06
6253,SUP-12,1037,Радиатор кондиционера,217,3864.00,838488.00,2025-05-22
6254,SUP-10,1023,Шаровая опора,231,884.50,204319.50,2025-03-26
6255,SUP-02,1047,Предохранители набор,207,110.20,22811.40,2025-09-28
6256,SUP-10,1062,Насос ГУР,202,7728.00,1561056.00,2025-05-19
6257,SUP-12,1053,Жидкость ГУР,175,318.60,55755.00,2025-04-16
6258,SUP-04,1037,Радиатор кондиционера,237,4140.00,981180.00,2025-08-02
6259,SUP-04,1056,Щётки стеклоочистителя,347,499.20,173222.40,2025-01-11
6260,SUP-09,1014,Свечи зажигания,142,269.80,38311.60,2025-07-21
6261,SUP-12,1056,Щётки стеклоочистителя,156,444.60,69357.60,2025-07-03
6262,SUP-09,1013,Фильтр АКПП,40,840.00,33600.00,2025-03-17
6263,SUP-07,1048,Датчик ABS,302,1491.00,450282.00,2025-07-27
6264,SUP-04,1020,Амортизатор задний,148,3456.00,511488.00,2025-12-12
6265,SUP-04,1035,Датчик коленвала,170,1349.00,229330.00,2025-12-02
6266,SUP-02,1047,Предохранители набор,222,134.90,29947.80,2025-08-30
6267,SUP-09,1008,Датчик износа колодок,25,429.00,10725.00,2025-07-03
6268,SUP-09,1031,Прокладка ГБЦ,265,1540.00,408100.00,2025-06-10
6269,SUP-04,1012,Топливный фильтр,62,600.60,37237.20,2025-11-02
6270,SUP-12,1017,Стартер,307,5073.00,1557411.00,2025-11-12
6271,SUP-12,1009,Масляный фильтр,254,343.20,87172.80,2025-03-23
6272,SUP-06,1042,Аккумулятор 60Ah,391,4896.00,1914336.00,2025-06-09
6273,SUP-05,1004,Тормозные диски задние,345,3294.00,1136430.00,2025-04-01
6274,SUP-10,1022,Сайлентблок рычага,85,494.00,41990.00,2025-04-08
6275,SUP-11,1009,Масляный фильтр,327,306.80,100323.60,2025-10-04
6276,SUP-06,1057,ШРУС наружный,34,2337.00,79458.00,2025-05-03
6277,SUP-09,1029,Ролик натяжителя ГРМ,337,980.00,330260.00,2025-08-14
6278,SUP-09,1002,Тормозные колодки задние,147,1932.00,284004.00,2025-03-02
6279,SUP-06,1053,Жидкость ГУР,85,388.80,33048.00,2025-05-30
6280,SUP-01,1003,Тормозные диски передние,352,4030.00,1418560.00,2025-04-18
6281,SUP-05,1051,Моторное масло 5W-30,112,460.80,51609.60,2025-03-31
6282,SUP-01,1062,Насос ГУР,119,7504.00,892976.00,2025-08-23
6283,SUP-04,1011,Фильтр салона,165,455.60,75174.00,2025-06-08
6284,SUP-10,1032,Сальник коленвала,22,278.40,6124.80,2025-01-08
6285,SUP-04,1045,Лампы H7,394,265.20,104488.80,2025-04-24
6286,SUP-03,1016,Высоковольтные провода,314,960.00,301440.00,2025-02-08
6287,SUP-07,1008,Датчик износа колодок,233,429.00,99957.00,2025-03-31
6288,SUP-06,1038,Патрубок радиатора,394,434.00,170996.00,2025-09-07
6289,SUP-04,1006,Тормозная жидкость DOT-5.1,355,578.50,205367.50,2025-04-28
6290,SUP-02,1047,Предохранители набор,280,121.60,34048.00,2025-03-01
6291,SUP-12,1056,Щётки стеклоочистителя,107,546.00,58422.00,2025-01-07
6292,SUP-02,1036,Радиатор охлаждения,157,5254.00,824878.00,2025-10-17
6293,SUP-06,1056,Щётки стеклоочистителя,121,522.60,63234.60,2025-04-28
6294,SUP-05,1052,Масло АКПП,37,534.00,19758.00,2025-07-09
6295,SUP-12,1058,Пыльник ШРУС,175,302.40,52920.00,2025-03-10
6296,SUP-03,1032,Сальник коленвала,221,340.80,75316.80,2025-08-21
6297,SUP-08,1059,Диск сцепления,99,2970.00,294030.00,2025-02-03
6298,SUP-06,1004,Тормозные диски задние,400,3564.00,1425600.00,2025-04-10
6299,SUP-09,1062,Насос ГУР,101,6160.00,622160.00,2025-08-20
6300,SUP-10,1005,Тормозная жидкость DOT-4,310,279.00,86490.00,2025-05-27
6301,SUP-03,1059,Диск сцепления,117,3060.00,358020.00,2025-12-26
6302,SUP-10,1043,Аккумулятор 75Ah,121,6097.00,737737.00,2025-01-17
6303,SUP-06,1002,Тормозные колодки задние,117,1848.00,216216.00,2025-04-22
6304,SUP-04,1059,Диск сцепления,307,2565.00,787455.00,2025-10-06
6305,SUP-07,1019,Амортизатор передний,43,3078.00,132354.00,2025-03-15
6306,SUP-12,1054,Фара передняя,292,4096.00,1196032.00,2025-06-11
6307,SUP-06,1059,Диск сцепления,25,3240.00,81000.00,2025-03-20
6308,SUP-07,1056,Щётки стеклоочистителя,201,460.20,92500.20,2025-06-11
6309,SUP-04,1028,Ремень ГРМ,349,1152.00,402048.00,2025-05-22
6310,SUP-09,1020,Амортизатор задний,359,2640.00,947760.00,2025-01-08
6311,SUP-12,1031,Прокладка ГБЦ,37,1584.00,58608.00,2025-06-29
6312,SUP-12,1064,Компрессор кондиционера,327,9240.00,3021480.00,2025-02-05
6313,SUP-09,1029,Ролик натяжителя ГРМ,37,826.00,30562.00,2025-12-11
6314,SUP-06,1054,Фара передняя,82,4224.00,346368.00,2025-04-06
6315,SUP-10,1061,Рулевая тяга,201,1152.00,231552.00,2025-10-05
6316,SUP-01,1051,Моторное масло 5W-30,257,424.80,109173.60,2025-06-26
6317,SUP-08,1010,Воздушный фильтр,99,510.60,50549.40,2025-11-25
6318,SUP-03,1005,Тормозная жидкость DOT-4,122,261.00,31842.00,2025-12-13
6319,SUP-04,1006,Тормозная жидкость DOT-5.1,364,623.00,226772.00,2025-03-28
6320,SUP-07,1052,Масло АКПП,101,578.50,58428.50,2025-10-01
6321,SUP-07,1010,Воздушный фильтр,71,458.80,32574.80,2025-09-25
6322,SUP-04,1031,Прокладка ГБЦ,385,1496.00,575960.00,2025-08-26
6323,SUP-08,1045,Лампы H7,176,276.90,48734.40,2025-01-16
6324,SUP-02,1029,Ролик натяжителя ГРМ,281,812.00,228172.00,2025-07-05
6325,SUP-12,1035,Датчик коленвала,302,1273.00,384446.00,2025-02-20
6326,SUP-01,1011,Фильтр салона,280,455.60,127568.00,2025-01-15
6327,SUP-08,1005,Тормозная жидкость DOT-4,132,310.50,40986.00,2025-08-29
6328,SUP-05,1040,Антифриз G12,131,369.60,48417.60,2025-03-23
6329,SUP-02,1041,Вентилятор охлаждения,132,2537.00,334884.00,2025-07-08
6330,SUP-04,1057,ШРУС наружный,87,2870.00,249690.00,2025-02-28
6331,SUP-10,1013,Фильтр АКПП,90,980.00,88200.00,2025-05-29
6332,SUP-03,1021,Стойка стабилизатора,367,666.40,244568.80,2025-09-23
6333,SUP-04,1006,Тормозная жидкость DOT-5.1,121,578.50,69998.50,2025-10-29
6334,SUP-11,1023,Шаровая опора,247,928.00,229216.00,2025-01-13
6335,SUP-12,1022,Сайлентблок рычага,107,440.80,47165.60,2025-05-18
6336,SUP-07,1029,Ролик натяжителя ГРМ,151,966.00,145866.00,2025-08-01
6337,SUP-04,1045,Лампы H7,66,237.90,15701.40,2025-09-17
6338,SUP-09,1056,Щётки стеклоочистителя,73,483.60,35302.80,2025-10-29
6339,SUP-07,1044,Лампы H4,203,298.20,60534.60,2025-01-04
6340,SUP-04,1038,Патрубок радиатора,94,341.00,32054.00,2025-09-30
6341,SUP-08,1048,Датчик ABS,365,1470.00,536550.00,2025-12-12
6342,SUP-08,1024,Рычаг подвески,103,2772.00,285516.00,2025-01-02
6343,SUP-10,1044,Лампы H4,154,277.20,42688.80,2025-01-28
6344,SUP-11,1005,Тормозная жидкость DOT-4,346,292.50,101205.00,2025-03-05
6345,SUP-03,1050,Моторное масло 5W-40,128,469.20,60057.60,2025-06-30
6346,SUP-04,1057,ШРУС наружный,266,2788.00,741608.00,2025-07-09
6347,SUP-03,1017,Стартер,226,6319.00,1428094.00,2025-11-26
6348,SUP-10,1014,Свечи зажигания,112,209.00,23408.00,2025-06-30
6349,SUP-12,1032,Сальник коленвала,113,278.40,31459.20,2025-08-16
6350,SUP-02,1052,Масло АКПП,294,614.10,180545.40,2025-12-05
6351,SUP-12,1028,Ремень ГРМ,308,1188.00,365904.00,2025-10-09
6352,SUP-07,1010,Воздушный фильтр,106,488.40,51770.40,2025-02-14
6353,SUP-04,1056,Щётки стеклоочистителя,347,483.60,167809.20,2025-06-23
6354,SUP-10,1028,Ремень ГРМ,220,1134.00,249480.00,2025-01-04
6355,SUP-01,1021,Стойка стабилизатора,221,656.60,145108.60,2025-04-24
6356,SUP-11,1048,Датчик ABS,203,1407.00,285621.00,2025-11-11
6357,SUP-04,1062,Насос ГУР,31,8064.00,249984.00,2025-12-20
6358,SUP-07,1014,Свечи зажигания,334,243.20,81228.80,2025-04-07
6359,SUP-02,1044,Лампы H4,384,252.00,96768.00,2025-02-18
6360,SUP-03,1046,Реле,393,182.00,71526.00,2025-01-14
6361,SUP-04,1019,Амортизатор передний,101,3294.00,332694.00,2025-02-04
6362,SUP-06,1013,Фильтр АКПП,325,994.00,323050.00,2025-08-31
6363,SUP-01,1014,Свечи зажигания,41,273.60,11217.60,2025-09-30
6364,SUP-02,1012,Топливный фильтр,111,536.90,59595.90,2025-04-06
6365,SUP-11,1027,Опора амортизатора,366,1024.00,374784.00,2025-08-01
6366,SUP-02,1061,Рулевая тяга,38,1044.00,39672.00,2025-03-03
6367,SUP-08,1002,Тормозные колодки задние,106,1932.00,204792.00,2025-03-17
6368,SUP-08,1058,Пыльник ШРУС,206,307.80,63406.80,2025-04-07
6369,SUP-12,1028,Ремень ГРМ,335,1260.00,422100.00,2025-06-06
6370,SUP-05,1061,Рулевая тяга,254,1026.00,260604.00,2025-01-14
6371,SUP-02,1052,Масло АКПП,161,507.30,81675.30,2025-11-28
6372,SUP-09,1034,Комплект сцепления,105,7056.00,740880.00,2025-01-06
6373,SUP-05,1008,Датчик износа колодок,52,370.50,19266.00,2025-06-01
6374,SUP-02,1041,Вентилятор охлаждения,195,2494.00,486330.00,2025-04-19
6375,SUP-07,1021,Стойка стабилизатора,242,646.80,156525.60,2025-06-28
6376,SUP-12,1007,Суппорт тормозной,344,5226.00,1797744.00,2025-10-06
6377,SUP-12,1038,Патрубок радиатора,50,415.40,20770.00,2025-06-03
6378,SUP-06,1012,Топливный фильтр,187,582.40,108908.80,2025-12-29
6379,SUP-02,1045,Лампы H7,122,226.20,27596.40,2025-05-16
6380,SUP-04,1011,Фильтр салона,379,455.60,172672.40,2025-11-19
6381,SUP-03,1044,Лампы H4,130,256.20,33306.00,2025-12-18
6382,SUP-05,1039,Бачок расширительный,75,910.00,68250.00,2025-09-11
6383,SUP-03,1007,Суппорт тормозной,305,4680.00,1427400.00,2025-01-22
6384,SUP-04,1064,Компрессор кондиционера,288,10752.00,3096576.00,2025-05-29
6385,SUP-09,1035,Датчик коленвала,162,1064.00,172368.00,2025-08-17
6386,SUP-01,1002,Тормозные колодки задние,148,1540.00,227920.00,2025-12-08
6387,SUP-05,1008,Датчик износа колодок,195,383.50,74782.50,2025-12-30
6388,SUP-06,1016,Высоковольтные провода,223,1104.00,246192.00,2025-08-13
6389,SUP-05,1013,Фильтр АКПП,213,994.00,211722.00,2025-04-01
6390,SUP-02,1058,Пыльник ШРУС,341,307.80,104959.80,2025-09-27
6391,SUP-10,1039,Бачок расширительный,127,896.00,113792.00,2025-11-08
6392,SUP-12,1012,Топливный фильтр,160,527.80,84448.00,2025-12-18
6393,SUP-03,1014,Свечи зажигания,396,254.60,100821.60,2025-01-20
6394,SUP-02,1045,Лампы H7,230,241.80,55614.00,2025-09-22
6395,SUP-06,1028,Ремень ГРМ,137,1278.00,175086.00,2025-09-19
6396,SUP-08,1038,Патрубок радиатора,288,378.20,108921.60,2025-10-21
6397,SUP-02,1004,Тормозные диски задние,224,3564.00,798336.00,2025-07-11
6398,SUP-09,1046,Реле,172,193.20,33230.40,2025-01-10
6399,SUP-02,1006,Тормозная жидкость DOT-5.1,288,631.90,181987.20,2025-01-19
6400,SUP-02,1011,Фильтр салона,364,489.60,178214.40,2025-12-16
6401,SUP-06,1035,Датчик коленвала,157,1083.00,170031.00,2025-06-05
6402,SUP-12,1034,Комплект сцепления,216,5586.00,1206576.00,2025-10-03
6403,SUP-07,1061,Рулевая тяга,179,1296.00,231984.00,2025-05-25
6404,SUP-10,1036,Радиатор охлаждения,35,4070.00,142450.00,2025-06-19
6405,SUP-09,1043,Аккумулятор 75Ah,382,6188.00,2363816.00,2025-01-07
6406,SUP-10,1044,Лампы H4,387,256.20,99149.40,2025-09-14
6407,SUP-02,1060,Рулевой наконечник,85,845.00,71825.00,2025-01-07
6408,SUP-09,1059,Диск сцепления,92,2520.00,231840.00,2025-06-04
6409,SUP-10,1052,Масло АКПП,186,614.10,114222.60,2025-09-01
6410,SUP-12,1040,Антифриз G12,389,403.20,156844.80,2025-02-18
6411,SUP-06,1024,Рычаг подвески,174,2394.00,416556.00,2025-06-16
6412,SUP-04,1001,Тормозные колодки передние,107,2040.00,218280.00,2025-08-18
6413,SUP-07,1018,Генератор,234,6944.00,1624896.00,2025-10-25
6414,SUP-09,1032,Сальник коленвала,213,264.00,56232.00,2025-08-06
6415,SUP-02,1029,Ролик натяжителя ГРМ,221,784.00,173264.00,2025-08-18
6416,SUP-11,1054,Фара передняя,57,4224.00,240768.00,2025-04-15
6417,SUP-10,1038,Патрубок радиатора,191,359.60,68683.60,2025-12-10
6418,SUP-05,1004,Тормозные диски задние,225,3510.00,789750.00,2025-03-31
6419,SUP-07,1037,Радиатор кондиционера,228,4968.00,1132704.00,2025-11-16
6420,SUP-07,1005,Тормозная жидкость DOT-4,271,306.00,82926.00,2025-06-09
6421,SUP-02,1032,Сальник коленвала,87,326.40,28396.80,2025-10-14
6422,SUP-01,1043,Аккумулятор 75Ah,309,5460.00,1687140.00,2025-09-18
6423,SUP-01,1043,Аккумулятор 75Ah,355,6006.00,2132130.00,2025-05-31
6424,SUP-05,1051,Моторное масло 5W-30,257,410.40,105472.80,2025-07-02
6425,SUP-08,1012,Топливный фильтр,216,655.20,141523.20,2025-01-31
6426,SUP-02,1007,Суппорт тормозной,274,4836.00,1325064.00,2025-11-01
6427,SUP-10,1030,Помпа водяная,324,2232.00,723168.00,2025-04-02
6428,SUP-02,1012,Топливный фильтр,342,627.90,214741.80,2025-12-26
6429,SUP-03,1016,Высоковольтные провода,350,912.00,319200.00,2025-01-22
6430,SUP-02,1052,Масло АКПП,146,507.30,74065.80,2025-02-14
6431,SUP-12,1006,Тормозная жидкость DOT-5.1,310,587.40,182094.00,2025-02-23
6432,SUP-12,1062,Насос ГУР,375,6944.00,2604000.00,2025-12-02
6433,SUP-01,1037,Радиатор кондиционера,122,4278.00,521916.00,2025-01-30
6434,SUP-06,1051,Моторное масло 5W-30,172,432.00,74304.00,2025-05-14
6435,SUP-09,1052,Масло АКПП,340,587.40,199716.00,2025-09-09
6436,SUP-10,1017,Стартер,107,5340.00,571380.00,2025-02-11
6437,SUP-03,1014,Свечи зажигания,66,243.20,16051.20,2025-10-12
6438,SUP-06,1008,Датчик износа колодок,23,396.50,9119.50,2025-03-28
6439,SUP-09,1018,Генератор,294,8060.00,2369640.00,2025-01-31
6440,SUP-06,1030,Помпа водяная,33,2160.00,71280.00,2025-10-31
6441,SUP-01,1014,Свечи зажигания,214,247.00,52858.00,2025-02-10
6442,SUP-04,1024,Рычаг подвески,260,2604.00,677040.00,2025-09-11
6443,SUP-11,1040,Антифриз G12,354,380.80,134803.20,2025-04-13
6444,SUP-02,1047,Предохранители набор,178,136.80,24350.40,2025-02-10
6445,SUP-06,1064,Компрессор кондиционера,132,10752.00,1419264.00,2025-04-23
6446,SUP-07,1019,Амортизатор передний,96,3240.00,311040.00,2025-06-24
6447,SUP-09,1006,Тормозная жидкость DOT-5.1,196,596.30,116874.80,2025-09-26
6448,SUP-04,1013,Фильтр АКПП,92,826.00,75992.00,2025-11-21
6449,SUP-11,1045,Лампы H7,235,241.80,56823.00,2025-12-20
6450,SUP-05,1006,Тормозная жидкость DOT-5.1,112,542.90,60804.80,2025-03-09
6451,SUP-08,1024,Рычаг подвески,77,2814.00,216678.00,2025-02-11
6452,SUP-05,1014,Свечи зажигания,155,228.00,35340.00,2025-02-16
6453,SUP-06,1058,Пыльник ШРУС,130,388.80,50544.00,2025-03-17
6454,SUP-03,1024,Рычаг подвески,348,2982.00,1037736.00,2025-12-03
6455,SUP-03,1001,Тормозные колодки передние,59,2210.00,130390.00,2025-06-21
6456,SUP-04,1033,Термостат,379,627.00,237633.00,2025-05-14
6457,SUP-03,1034,Комплект сцепления,173,6860.00,1186780.00,2025-09-23
6458,SUP-12,1054,Фара передняя,376,4288.00,1612288.00,2025-01-30
6459,SUP-08,1024,Рычаг подвески,389,2898.00,1127322.00,2025-07-22
6460,SUP-11,1061,Рулевая тяга,326,1044.00,340344.00,2025-05-02
6461,SUP-12,1032,Сальник коленвала,265,283.20,75048.00,2025-05-09
6462,SUP-05,1056,Щётки стеклоочистителя,315,468.00,147420.00,2025-12-31
6463,SUP-08,1024,Рычаг подвески,99,2352.00,232848.00,2025-12-20
6464,SUP-06,1009,Масляный фильтр,230,301.60,69368.00,2025-07-06
6465,SUP-09,1026,Ступичный подшипник,70,1620.00,113400.00,2025-10-05
6466,SUP-06,1007,Суппорт тормозной,277,4836.00,1339572.00,2025-02-18
6467,SUP-06,1022,Сайлентблок рычага,107,456.00,48792.00,2025-07-20
6468,SUP-01,1031,Прокладка ГБЦ,115,1474.00,169510.00,2025-09-24
6469,SUP-07,1031,Прокладка ГБЦ,116,1320.00,153120.00,2025-08-08
6470,SUP-09,1010,Воздушный фильтр,327,451.40,147607.80,2025-12-27
6471,SUP-08,1048,Датчик ABS,269,1344.00,361536.00,2025-11-10
6472,SUP-08,1055,Зеркало боковое,219,1856.00,406464.00,2025-11-19
6473,SUP-05,1032,Сальник коленвала,256,297.60,76185.60,2025-01-02
6474,SUP-11,1055,Зеркало боковое,209,2304.00,481536.00,2025-06-04
6475,SUP-01,1013,Фильтр АКПП,257,826.00,212282.00,2025-02-06
6476,SUP-05,1060,Рулевой наконечник,254,832.00,211328.00,2025-11-26
6477,SUP-04,1011,Фильтр салона,313,401.20,125575.60,2025-06-19
6478,SUP-11,1047,Предохранители набор,25,121.60,3040.00,2025-01-25
6479,SUP-06,1022,Сайлентблок рычага,54,547.20,29548.80,2025-03-18
6480,SUP-06,1042,Аккумулятор 60Ah,162,4536.00,734832.00,2025-05-14
6481,SUP-01,1057,ШРУС наружный,368,2255.00,829840.00,2025-10-05
6482,SUP-12,1046,Реле,108,198.80,21470.40,2025-04-12
6483,SUP-05,1049,Бензонасос,120,3920.00,470400.00,2025-01-10
6484,SUP-04,1002,Тормозные колодки задние,200,1792.00,358400.00,2025-01-17
6485,SUP-08,1052,Масло АКПП,51,640.80,32680.80,2025-09-11
6486,SUP-07,1005,Тормозная жидкость DOT-4,233,256.50,59764.50,2025-04-02
6487,SUP-02,1036,Радиатор охлаждения,243,4810.00,1168830.00,2025-11-27
6488,SUP-09,1046,Реле,77,173.60,13367.20,2025-07-26
6489,SUP-12,1027,Опора амортизатора,144,1120.00,161280.00,2025-03-28
6490,SUP-12,1029,Ролик натяжителя ГРМ,400,882.00,352800.00,2025-02-09
6491,SUP-10,1027,Опора амортизатора,398,1136.00,452128.00,2025-09-09
6492,SUP-09,1038,Патрубок радиатора,271,353.40,95771.40,2025-05-17
6493,SUP-03,1045,Лампы H7,270,261.30,70551.00,2025-09-17
6494,SUP-01,1062,Насос ГУР,85,6496.00,552160.00,2025-01-01
6495,SUP-10,1049,Бензонасос,331,3416.00,1130696.00,2025-07-27
6496,SUP-03,1037,Радиатор кондиционера,196,4692.00,919632.00,2025-11-17
6497,SUP-01,1013,Фильтр АКПП,124,840.00,104160.00,2025-05-03
6498,SUP-07,1009,Масляный фильтр,253,327.60,82882.80,2025-07-20
6499,SUP-08,1036,Радиатор охлаждения,106,5106.00,541236.00,2025-06-15
6500,SUP-08,1051,Моторное масло 5W-30,29,460.80,13363.20,2025-09-06
